DBN,School_Name,Subject,MeanScore,Leadership_Count,Teacher_Count,Other_Staff_Count,Total_Staff,Male_Teachers,Male_Avg_Years_Title,Male_Avg_Years_School,Male_Teacher_Percentage,Female_Teachers,Female_Avg_Years_Title,Female_Avg_Years_School,Female_Teacher_Percentage,Asian,Asian_Percentage,Black_African_American,Black_African_American_Percentage,Hispanic,Hispanic_Percentage,White,White_Percentage,Year,Total Tested,Percent Scoring Below 65,Percent Scoring 65 or Above,Percent Scoring 80 or Above,Asian_Percent,Black_Percent,Hispanic_Percent,White_Percent,latitude,longitude,ZIP Code_x,School Type,School Level,Neighborhood,ZIP Code_y
02M260,THE CLINTON SCHOOL,common_core_algebra,62.69833333333332,3.0,56.0,11.0,70.0,13.0,9.0,6.2,23.21428571,43.0,8.6,4.1,76.78571429,6.0,10.71428571,5.0,8.928571429,7.0,12.5,36.0,64.28571429,2019.8333333333333,72.38888888888889,38.757777777777775,61.24222222222222,23.378888888888888,0.0,16.718333333333334,83.28166666666667,0.0,40.832508,-73.878191,10472.0,General Academic,High school,Pelham - Throgs Neck,10472
02M260,THE CLINTON SCHOOL,common_core_english,74.01666666666667,3.0,56.0,11.0,70.0,13.0,9.0,6.2,23.21428571,43.0,8.6,4.1,76.78571429,6.0,10.71428571,5.0,8.928571429,7.0,12.5,36.0,64.28571429,2019.8333333333333,72.38888888888889,38.757777777777775,61.24222222222222,23.378888888888888,0.0,16.718333333333334,83.28166666666667,0.0,40.832508,-73.878191,10472.0,General Academic,High school,Pelham - Throgs Neck,10472
02M260,THE CLINTON SCHOOL,living_environment,63.81666666666666,3.0,56.0,11.0,70.0,13.0,9.0,6.2,23.21428571,43.0,8.6,4.1,76.78571429,6.0,10.71428571,5.0,8.928571429,7.0,12.5,36.0,64.28571429,2019.8333333333333,72.38888888888889,38.757777777777775,61.24222222222222,23.378888888888888,0.0,16.718333333333334,83.28166666666667,0.0,40.832508,-73.878191,10472.0,General Academic,High school,Pelham - Throgs Neck,10472
02M413,SCHOOL OF THE FUTURE HIGH SCHOOL,common_core_algebra,70.88142857142857,4.0,51.0,17.0,72.0,22.0,12.0,8.6,43.1372549,29.0,9.4,7.299999999999999,56.8627451,,,7.0,13.7254902,5.0,9.803921569,36.0,70.58823529,2020.0,743.6666666666666,29.472380952380952,70.53,33.74809523809523,42.72380952380953,1.4514285714285715,31.03952380952381,24.786190476190477,40.613041,-74.002308,11214.0,General Academic,High school,Bensonhurst - Bay Ridge,11214
02M413,SCHOOL OF THE FUTURE HIGH SCHOOL,common_core_english,71.01428571428572,4.0,51.0,17.0,72.0,22.0,12.0,8.6,43.1372549,29.0,9.4,7.299999999999999,56.8627451,,,7.0,13.7254902,5.0,9.803921569,36.0,70.58823529,2020.0,743.6666666666666,29.472380952380952,70.53,33.74809523809523,42.72380952380953,1.4514285714285715,31.03952380952381,24.786190476190477,40.613041,-74.002308,11214.0,General Academic,High school,Bensonhurst - Bay Ridge,11214
02M413,SCHOOL OF THE FUTURE HIGH SCHOOL,living_environment,68.78285714285714,4.0,51.0,17.0,72.0,22.0,12.0,8.6,43.1372549,29.0,9.4,7.299999999999999,56.8627451,,,7.0,13.7254902,5.0,9.803921569,36.0,70.58823529,2020.0,743.6666666666666,29.472380952380952,70.53,33.74809523809523,42.72380952380953,1.4514285714285715,31.03952380952381,24.786190476190477,40.613041,-74.002308,11214.0,General Academic,High school,Bensonhurst - Bay Ridge,11214
02M422,QUEST TO LEARN,common_core_algebra,60.403333333333336,3.0,51.0,16.0,70.0,18.0,11.0,6.1,35.29411765,33.0,8.4,4.2,64.70588235,5.0,9.803921569,6.0,11.76470588,6.0,11.76470588,33.0,64.70588235,2019.8235294117646,88.94117647058823,39.86058823529412,60.14058823529412,26.18,5.597647058823529,27.857647058823527,51.262352941176474,15.282352941176471,40.743407,-74.00254,10011.0,General Academic,High school,Chelsea - Clinton,10011
02M422,QUEST TO LEARN,common_core_english,71.49499999999999,3.0,51.0,16.0,70.0,18.0,11.0,6.1,35.29411765,33.0,8.4,4.2,64.70588235,5.0,9.803921569,6.0,11.76470588,6.0,11.76470588,33.0,64.70588235,2019.8235294117646,88.94117647058823,39.86058823529412,60.14058823529412,26.18,5.597647058823529,27.857647058823527,51.262352941176474,15.282352941176471,40.743407,-74.00254,10011.0,General Academic,High school,Chelsea - Clinton,10011
02M422,QUEST TO LEARN,living_environment,68.02799999999999,3.0,51.0,16.0,70.0,18.0,11.0,6.1,35.29411765,33.0,8.4,4.2,64.70588235,5.0,9.803921569,6.0,11.76470588,6.0,11.76470588,33.0,64.70588235,2019.8235294117646,88.94117647058823,39.86058823529412,60.14058823529412,26.18,5.597647058823529,27.857647058823527,51.262352941176474,15.282352941176471,40.743407,-74.00254,10011.0,General Academic,High school,Chelsea - Clinton,10011
02M546,ACADEMY FOR SOFTWARE ENGINEERING,common_core_algebra,64.445,3.0,32.0,13.0,48.0,15.0,8.0,4.1,46.875,17.0,6.0,4.3,53.125,5.0,15.625,,,5.0,15.625,16.0,50.0,2019.6875,113.8125,32.96375,67.0375,27.565,8.689375,25.928125,59.6975,5.684375,40.735361,-73.987064,10003.0,Career Technical,High school,Union Square - Lower East Side,10003
02M546,ACADEMY FOR SOFTWARE ENGINEERING,common_core_english,75.376,3.0,32.0,13.0,48.0,15.0,8.0,4.1,46.875,17.0,6.0,4.3,53.125,5.0,15.625,,,5.0,15.625,16.0,50.0,2019.6875,113.8125,32.96375,67.0375,27.565,8.689375,25.928125,59.6975,5.684375,40.735361,-73.987064,10003.0,Career Technical,High school,Union Square - Lower East Side,10003
02M546,ACADEMY FOR SOFTWARE ENGINEERING,living_environment,69.16,3.0,32.0,13.0,48.0,15.0,8.0,4.1,46.875,17.0,6.0,4.3,53.125,5.0,15.625,,,5.0,15.625,16.0,50.0,2019.6875,113.8125,32.96375,67.0375,27.565,8.689375,25.928125,59.6975,5.684375,40.735361,-73.987064,10003.0,Career Technical,High school,Union Square - Lower East Side,10003
03M860,FREDERICK DOUGLASS ACADEMY II SECONDARY SCHOOL,common_core_algebra,58.205000000000005,3.0,38.0,11.0,52.0,15.0,6.6,2.1,39.47368421,23.0,4.9,3.0,60.52631578999999,6.0,15.78947368,12.0,31.578947370000005,7.0,18.42105263,12.0,31.578947370000005,2019.9411764705883,50.529411764705884,50.85294117647059,49.15294117647059,15.533529411764706,0.0,92.45470588235294,7.545294117647059,0.0,40.665568,-73.912102,11212.0,General Academic,High school,Bedford Stuyvesant - Crown Heights,11212
03M860,FREDERICK DOUGLASS ACADEMY II SECONDARY SCHOOL,common_core_english,70.63666666666667,3.0,38.0,11.0,52.0,15.0,6.6,2.1,39.47368421,23.0,4.9,3.0,60.52631578999999,6.0,15.78947368,12.0,31.578947370000005,7.0,18.42105263,12.0,31.578947370000005,2019.9411764705883,50.529411764705884,50.85294117647059,49.15294117647059,15.533529411764706,0.0,92.45470588235294,7.545294117647059,0.0,40.665568,-73.912102,11212.0,General Academic,High school,Bedford Stuyvesant - Crown Heights,11212
03M860,FREDERICK DOUGLASS ACADEMY II SECONDARY SCHOOL,living_environment,57.852,3.0,38.0,11.0,52.0,15.0,6.6,2.1,39.47368421,23.0,4.9,3.0,60.52631578999999,6.0,15.78947368,12.0,31.578947370000005,7.0,18.42105263,12.0,31.578947370000005,2019.9411764705883,50.529411764705884,50.85294117647059,49.15294117647059,15.533529411764706,0.0,92.45470588235294,7.545294117647059,0.0,40.665568,-73.912102,11212.0,General Academic,High school,Bedford Stuyvesant - Crown Heights,11212
04M372,ESPERANZA PREPARATORY ACADEMY,common_core_algebra,56.66799999999999,3.0,55.0,22.0,80.0,20.0,5.5,3.8,36.36363636,35.0,7.8,3.7,63.63636364,,,6.0,10.90909091,36.0,65.45454545,10.0,18.18181818,2019.6666666666667,123.2,55.68733333333333,44.314,14.251333333333333,0.49,8.245333333333333,91.26533333333333,0.0,40.792556,-73.942285,10029.0,General Academic,High school,East Harlem,10029
04M372,ESPERANZA PREPARATORY ACADEMY,common_core_english,67.236,3.0,55.0,22.0,80.0,20.0,5.5,3.8,36.36363636,35.0,7.8,3.7,63.63636364,,,6.0,10.90909091,36.0,65.45454545,10.0,18.18181818,2019.6666666666667,123.2,55.68733333333333,44.314,14.251333333333333,0.49,8.245333333333333,91.26533333333333,0.0,40.792556,-73.942285,10029.0,General Academic,High school,East Harlem,10029
04M372,ESPERANZA PREPARATORY ACADEMY,living_environment,56.988,3.0,55.0,22.0,80.0,20.0,5.5,3.8,36.36363636,35.0,7.8,3.7,63.63636364,,,6.0,10.90909091,36.0,65.45454545,10.0,18.18181818,2019.6666666666667,123.2,55.68733333333333,44.314,14.251333333333333,0.49,8.245333333333333,91.26533333333333,0.0,40.792556,-73.942285,10029.0,General Academic,High school,East Harlem,10029
06M293,CITY COLLEGE ACADEMY OF THE ARTS,common_core_algebra,71.77000000000001,2.0,40.0,14.0,56.0,14.0,11.0,7.3,35.0,26.0,10.2,7.9,65.0,,,,,14.0,35.0,20.0,50.0,2019.8125,93.125,19.219375,80.780625,36.351875,0.0,1.235625,97.773125,0.99125,40.860951,-73.930082,10040.0,General Academic,High school,Washington Heights - Inwood,10040
06M293,CITY COLLEGE ACADEMY OF THE ARTS,common_core_english,76.94666666666667,2.0,40.0,14.0,56.0,14.0,11.0,7.3,35.0,26.0,10.2,7.9,65.0,,,,,14.0,35.0,20.0,50.0,2019.8125,93.125,19.219375,80.780625,36.351875,0.0,1.235625,97.773125,0.99125,40.860951,-73.930082,10040.0,General Academic,High school,Washington Heights - Inwood,10040
06M293,CITY COLLEGE ACADEMY OF THE ARTS,living_environment,71.62,2.0,40.0,14.0,56.0,14.0,11.0,7.3,35.0,26.0,10.2,7.9,65.0,,,,,14.0,35.0,20.0,50.0,2019.8125,93.125,19.219375,80.780625,36.351875,0.0,1.235625,97.773125,0.99125,40.860951,-73.930082,10040.0,General Academic,High school,Washington Heights - Inwood,10040
06M346,COMMUNITY HEALTH ACADEMY OF THE HEIGHTS,common_core_algebra,68.125,4.0,50.0,10.0,64.0,16.0,12.9,8.7,32.0,34.0,9.4,8.0,68.0,,,5.0,10.0,20.0,40.0,21.0,42.0,2019.6875,110.9375,31.859375,68.140625,25.54875,0.0,7.0175,92.9825,0.0,40.833695,-73.942074,10032.0,General Academic,High school,Washington Heights - Inwood,10032
06M346,COMMUNITY HEALTH ACADEMY OF THE HEIGHTS,common_core_english,73.058,4.0,50.0,10.0,64.0,16.0,12.9,8.7,32.0,34.0,9.4,8.0,68.0,,,5.0,10.0,20.0,40.0,21.0,42.0,2019.6875,110.9375,31.859375,68.140625,25.54875,0.0,7.0175,92.9825,0.0,40.833695,-73.942074,10032.0,General Academic,High school,Washington Heights - Inwood,10032
06M346,COMMUNITY HEALTH ACADEMY OF THE HEIGHTS,living_environment,66.41799999999999,4.0,50.0,10.0,64.0,16.0,12.9,8.7,32.0,34.0,9.4,8.0,68.0,,,5.0,10.0,20.0,40.0,21.0,42.0,2019.6875,110.9375,31.859375,68.140625,25.54875,0.0,7.0175,92.9825,0.0,40.833695,-73.942074,10032.0,General Academic,High school,Washington Heights - Inwood,10032
07X223,THE LABORATORY SCHOOL OF FINANCE AND TECHNOLOGY: X,common_core_algebra,76.8,4.0,53.0,11.0,68.0,19.0,5.9,4.0,35.8490566,34.0,7.5,5.7,64.1509434,,,10.0,18.86792453,20.0,37.73584906,16.0,30.18867925,2019.857142857143,74.64285714285714,22.71,77.28999999999999,34.28142857142857,0.0,7.9399999999999995,92.05999999999999,0.0,40.813612,-73.920851,10454.0,General Academic,High school,Hunts Point - Mott Haven,10454
07X223,THE LABORATORY SCHOOL OF FINANCE AND TECHNOLOGY: X,common_core_english,71.168,4.0,53.0,11.0,68.0,19.0,5.9,4.0,35.8490566,34.0,7.5,5.7,64.1509434,,,10.0,18.86792453,20.0,37.73584906,16.0,30.18867925,2019.857142857143,74.64285714285714,22.71,77.28999999999999,34.28142857142857,0.0,7.9399999999999995,92.05999999999999,0.0,40.813612,-73.920851,10454.0,General Academic,High school,Hunts Point - Mott Haven,10454
07X223,THE LABORATORY SCHOOL OF FINANCE AND TECHNOLOGY: X,living_environment,62.76666666666667,4.0,53.0,11.0,68.0,19.0,5.9,4.0,35.8490566,34.0,7.5,5.7,64.1509434,,,10.0,18.86792453,20.0,37.73584906,16.0,30.18867925,2019.857142857143,74.64285714285714,22.71,77.28999999999999,34.28142857142857,0.0,7.9399999999999995,92.05999999999999,0.0,40.813612,-73.920851,10454.0,General Academic,High school,Hunts Point - Mott Haven,10454
07X625,BRONX LEGACY HIGH SCHOOL,common_core_algebra,58.80833333333334,2.0,16.0,4.0,22.0,5.0,0.6,0.4,31.25,11.0,8.1,0.3,68.75,,,9.0,56.25,,,,,2019.8947368421052,117.63157894736842,52.01315789473684,47.990526315789474,13.891052631578948,1.4210526315789473,30.94105263157895,61.45947368421053,6.18,40.860443,-73.860729,10469.0,General Academic,High school,Northeast Bronx,10469
07X625,BRONX LEGACY HIGH SCHOOL,common_core_english,66.53,2.0,16.0,4.0,22.0,5.0,0.6,0.4,31.25,11.0,8.1,0.3,68.75,,,9.0,56.25,,,,,2019.8947368421052,117.63157894736842,52.01315789473684,47.990526315789474,13.891052631578948,1.4210526315789473,30.94105263157895,61.45947368421053,6.18,40.860443,-73.860729,10469.0,General Academic,High school,Northeast Bronx,10469
07X625,BRONX LEGACY HIGH SCHOOL,living_environment,58.35,2.0,16.0,4.0,22.0,5.0,0.6,0.4,31.25,11.0,8.1,0.3,68.75,,,9.0,56.25,,,,,2019.8947368421052,117.63157894736842,52.01315789473684,47.990526315789474,13.891052631578948,1.4210526315789473,30.94105263157895,61.45947368421053,6.18,40.860443,-73.860729,10469.0,General Academic,High school,Northeast Bronx,10469
08X367,ARCHIMEDES ACADEMY FOR MATH  SCIENCE AND TECHNOLOG,common_core_algebra,63.01166666666666,4.0,52.0,21.0,77.0,18.0,11.1,6.9,34.61538462,34.0,7.800000000000001,5.7,65.38461538,6.0,11.53846154,7.0,13.46153846,10.0,19.23076923,28.0,53.84615385,2019.8333333333333,81.61111111111111,43.74611111111111,56.253888888888895,19.288333333333334,8.242777777777778,27.074444444444445,64.68333333333334,0.0,40.815043,-73.85607,10473.0,General Academic,High school,Pelham - Throgs Neck,10473
08X367,ARCHIMEDES ACADEMY FOR MATH  SCIENCE AND TECHNOLOG,common_core_english,66.92666666666666,4.0,52.0,21.0,77.0,18.0,11.1,6.9,34.61538462,34.0,7.800000000000001,5.7,65.38461538,6.0,11.53846154,7.0,13.46153846,10.0,19.23076923,28.0,53.84615385,2019.8333333333333,81.61111111111111,43.74611111111111,56.253888888888895,19.288333333333334,8.242777777777778,27.074444444444445,64.68333333333334,0.0,40.815043,-73.85607,10473.0,General Academic,High school,Pelham - Throgs Neck,10473
08X367,ARCHIMEDES ACADEMY FOR MATH  SCIENCE AND TECHNOLOG,living_environment,64.455,4.0,52.0,21.0,77.0,18.0,11.1,6.9,34.61538462,34.0,7.800000000000001,5.7,65.38461538,6.0,11.53846154,7.0,13.46153846,10.0,19.23076923,28.0,53.84615385,2019.8333333333333,81.61111111111111,43.74611111111111,56.253888888888895,19.288333333333334,8.242777777777778,27.074444444444445,64.68333333333334,0.0,40.815043,-73.85607,10473.0,General Academic,High school,Pelham - Throgs Neck,10473
08X537,BRONX ARENA HIGH SCHOOL,common_core_algebra,60.8925,2.0,14.0,2.0,18.0,7.0,12.8,6.1,50.0,7.0,13.1,8.0,50.0,,,,,,,7.0,50.0,2019.2857142857142,26.071428571428573,43.61928571428571,56.380714285714284,11.832142857142857,0.0,21.844285714285714,78.1557142857143,0.0,40.820486,-73.881187,10473.0,Transfer School,High school,Pelham - Throgs Neck,10473
08X537,BRONX ARENA HIGH SCHOOL,common_core_english,66.495,2.0,14.0,2.0,18.0,7.0,12.8,6.1,50.0,7.0,13.1,8.0,50.0,,,,,,,7.0,50.0,2019.2857142857142,26.071428571428573,43.61928571428571,56.380714285714284,11.832142857142857,0.0,21.844285714285714,78.1557142857143,0.0,40.820486,-73.881187,10473.0,Transfer School,High school,Pelham - Throgs Neck,10473
08X537,BRONX ARENA HIGH SCHOOL,living_environment,64.805,2.0,14.0,2.0,18.0,7.0,12.8,6.1,50.0,7.0,13.1,8.0,50.0,,,,,,,7.0,50.0,2019.2857142857142,26.071428571428573,43.61928571428571,56.380714285714284,11.832142857142857,0.0,21.844285714285714,78.1557142857143,0.0,40.820486,-73.881187,10473.0,Transfer School,High school,Pelham - Throgs Neck,10473
09X327,COMPREHENSIVE MODEL SCHOOL PROJECT M.S. 327,common_core_algebra,67.39833333333333,4.0,57.0,21.0,82.0,15.0,9.3,6.8,26.31578947,42.0,8.4,5.1,73.68421053,5.0,8.771929825,13.0,22.80701754,20.0,35.0877193,16.0,28.07017544,2019.6875,100.9375,39.585625,60.414375,25.881875,0.0,9.369375,90.630625,0.0,40.842503,-73.916084,10457.0,General Academic,High school,Crotona - Tremont,10457
09X327,COMPREHENSIVE MODEL SCHOOL PROJECT M.S. 327,common_core_english,71.485,4.0,57.0,21.0,82.0,15.0,9.3,6.8,26.31578947,42.0,8.4,5.1,73.68421053,5.0,8.771929825,13.0,22.80701754,20.0,35.0877193,16.0,28.07017544,2019.6875,100.9375,39.585625,60.414375,25.881875,0.0,9.369375,90.630625,0.0,40.842503,-73.916084,10457.0,General Academic,High school,Crotona - Tremont,10457
09X327,COMPREHENSIVE MODEL SCHOOL PROJECT M.S. 327,living_environment,62.16,4.0,57.0,21.0,82.0,15.0,9.3,6.8,26.31578947,42.0,8.4,5.1,73.68421053,5.0,8.771929825,13.0,22.80701754,20.0,35.0877193,16.0,28.07017544,2019.6875,100.9375,39.585625,60.414375,25.881875,0.0,9.369375,90.630625,0.0,40.842503,-73.916084,10457.0,General Academic,High school,Crotona - Tremont,10457
09X568,YOUNG WOMEN'S LEADERSHIP SCHOOL OF THE BRONX,common_core_algebra,71.02799999999999,3.0,45.0,7.0,55.0,11.0,9.1,5.4,24.44444444,34.0,6.7,4.4,75.55555556,,,7.0,15.55555556,10.0,22.22222222,20.0,44.44444444,2019.8125,72.625,21.9125,78.088125,33.49125,0.8725,37.770625,61.356875,0.0,40.848552,-73.909022,10453.0,General Academic,High school,Crotona - Tremont,10453
09X568,YOUNG WOMEN'S LEADERSHIP SCHOOL OF THE BRONX,common_core_english,78.33999999999999,3.0,45.0,7.0,55.0,11.0,9.1,5.4,24.44444444,34.0,6.7,4.4,75.55555556,,,7.0,15.55555556,10.0,22.22222222,20.0,44.44444444,2019.8125,72.625,21.9125,78.088125,33.49125,0.8725,37.770625,61.356875,0.0,40.848552,-73.909022,10453.0,General Academic,High school,Crotona - Tremont,10453
09X568,YOUNG WOMEN'S LEADERSHIP SCHOOL OF THE BRONX,living_environment,68.482,3.0,45.0,7.0,55.0,11.0,9.1,5.4,24.44444444,34.0,6.7,4.4,75.55555556,,,7.0,15.55555556,10.0,22.22222222,20.0,44.44444444,2019.8125,72.625,21.9125,78.088125,33.49125,0.8725,37.770625,61.356875,0.0,40.848552,-73.909022,10453.0,General Academic,High school,Crotona - Tremont,10453
10X225,THEATRE ARTS PRODUCTION COMPANY SCHOOL,common_core_algebra,60.49333333333334,4.0,53.0,16.0,73.0,21.0,11.0,6.3,39.62264151,32.0,9.6,4.7,60.37735848999999,,,12.0,22.64150943,7.0,13.20754717,26.0,49.05660377,2019.8333333333333,101.16666666666667,45.60277777777778,54.39722222222222,17.186666666666667,0.0,22.495,77.505,0.0,40.854257,-73.897404,10457.0,General Academic,High school,Crotona - Tremont,10457
10X225,THEATRE ARTS PRODUCTION COMPANY SCHOOL,common_core_english,70.55833333333334,4.0,53.0,16.0,73.0,21.0,11.0,6.3,39.62264151,32.0,9.6,4.7,60.37735848999999,,,12.0,22.64150943,7.0,13.20754717,26.0,49.05660377,2019.8333333333333,101.16666666666667,45.60277777777778,54.39722222222222,17.186666666666667,0.0,22.495,77.505,0.0,40.854257,-73.897404,10457.0,General Academic,High school,Crotona - Tremont,10457
10X225,THEATRE ARTS PRODUCTION COMPANY SCHOOL,living_environment,61.89333333333334,4.0,53.0,16.0,73.0,21.0,11.0,6.3,39.62264151,32.0,9.6,4.7,60.37735848999999,,,12.0,22.64150943,7.0,13.20754717,26.0,49.05660377,2019.8333333333333,101.16666666666667,45.60277777777778,54.39722222222222,17.186666666666667,0.0,22.495,77.505,0.0,40.854257,-73.897404,10457.0,General Academic,High school,Crotona - Tremont,10457
10X368,IN-TECH ACADEMY (M.S. / HIGH SCHOOL 368),common_core_algebra,58.85166666666667,5.0,75.0,17.0,97.0,28.0,10.9,8.2,37.33333333,47.0,13.9,8.8,62.666666670000005,5.0,6.666666667,17.0,22.66666667,27.0,36.0,24.0,32.0,2019.8333333333333,184.38888888888889,42.653333333333336,57.346666666666664,20.470555555555553,2.808888888888889,7.191666666666666,87.76333333333334,2.2355555555555555,40.877935,-73.913694,10463.0,General Academic,High school,Kingsbridge - Riverdale,10463
10X368,IN-TECH ACADEMY (M.S. / HIGH SCHOOL 368),common_core_english,73.95166666666667,5.0,75.0,17.0,97.0,28.0,10.9,8.2,37.33333333,47.0,13.9,8.8,62.666666670000005,5.0,6.666666667,17.0,22.66666667,27.0,36.0,24.0,32.0,2019.8333333333333,184.38888888888889,42.653333333333336,57.346666666666664,20.470555555555553,2.808888888888889,7.191666666666666,87.76333333333334,2.2355555555555555,40.877935,-73.913694,10463.0,General Academic,High school,Kingsbridge - Riverdale,10463
10X368,IN-TECH ACADEMY (M.S. / HIGH SCHOOL 368),living_environment,63.550000000000004,5.0,75.0,17.0,97.0,28.0,10.9,8.2,37.33333333,47.0,13.9,8.8,62.666666670000005,5.0,6.666666667,17.0,22.66666667,27.0,36.0,24.0,32.0,2019.8333333333333,184.38888888888889,42.653333333333336,57.346666666666664,20.470555555555553,2.808888888888889,7.191666666666666,87.76333333333334,2.2355555555555555,40.877935,-73.913694,10463.0,General Academic,High school,Kingsbridge - Riverdale,10463
12X242,MOTT HALL V,common_core_algebra,61.949999999999996,3.0,58.0,18.0,79.0,18.0,9.0,6.6,31.03448276,40.0,8.8,6.2,68.96551724,,,10.0,17.24137931,20.0,34.48275862,23.0,39.65517241,2019.8947368421052,106.42105263157895,42.04947368421053,57.95157894736842,20.019473684210528,0.8084210526315789,13.826315789473684,85.36473684210527,0.0,40.832508,-73.878191,10472.0,General Academic,High school,Pelham - Throgs Neck,10472
12X242,MOTT HALL V,common_core_english,75.54166666666667,3.0,58.0,18.0,79.0,18.0,9.0,6.6,31.03448276,40.0,8.8,6.2,68.96551724,,,10.0,17.24137931,20.0,34.48275862,23.0,39.65517241,2019.8947368421052,106.42105263157895,42.04947368421053,57.95157894736842,20.019473684210528,0.8084210526315789,13.826315789473684,85.36473684210527,0.0,40.832508,-73.878191,10472.0,General Academic,High school,Pelham - Throgs Neck,10472
12X242,MOTT HALL V,living_environment,60.915,3.0,58.0,18.0,79.0,18.0,9.0,6.6,31.03448276,40.0,8.8,6.2,68.96551724,,,10.0,17.24137931,20.0,34.48275862,23.0,39.65517241,2019.8947368421052,106.42105263157895,42.04947368421053,57.95157894736842,20.019473684210528,0.8084210526315789,13.826315789473684,85.36473684210527,0.0,40.832508,-73.878191,10472.0,General Academic,High school,Pelham - Throgs Neck,10472
19K422,SPRING CREEK COMMUNITY SCHOOL,common_core_algebra,59.74666666666667,4.0,44.0,8.0,56.0,14.0,10.9,4.2,31.81818182,30.0,6.5,2.3,68.18181818,,,22.0,50.0,,,14.0,31.81818182,2019.875,83.0625,51.67625,48.32375,13.1475,0.0,81.939375,18.060625,0.0,40.657266,-73.874064,11239.0,General Academic,High school,Canarsie - Flatlands,11239
19K422,SPRING CREEK COMMUNITY SCHOOL,common_core_english,71.005,4.0,44.0,8.0,56.0,14.0,10.9,4.2,31.81818182,30.0,6.5,2.3,68.18181818,,,22.0,50.0,,,14.0,31.81818182,2019.875,83.0625,51.67625,48.32375,13.1475,0.0,81.939375,18.060625,0.0,40.657266,-73.874064,11239.0,General Academic,High school,Canarsie - Flatlands,11239
19K422,SPRING CREEK COMMUNITY SCHOOL,living_environment,60.29,4.0,44.0,8.0,56.0,14.0,10.9,4.2,31.81818182,30.0,6.5,2.3,68.18181818,,,22.0,50.0,,,14.0,31.81818182,2019.875,83.0625,51.67625,48.32375,13.1475,0.0,81.939375,18.060625,0.0,40.657266,-73.874064,11239.0,General Academic,High school,Canarsie - Flatlands,11239
25Q285,WORLD JOURNALISM PREPARATORY: A COLLEGE BOARD SCHO,common_core_algebra,68.43666666666667,3.0,45.0,17.0,65.0,17.0,12.0,9.0,37.77777778,28.0,11.1,7.3,62.22222221999999,,,,,7.0,15.55555556,30.0,66.66666667,2019.8235294117646,96.3529411764706,21.235882352941175,78.76411764705882,40.215294117647055,13.424117647058821,2.031764705882353,41.77411764705882,42.77058823529412,40.764884,-73.789365,11358.0,General Academic,High school,Flushing - Clearview,11358
25Q285,WORLD JOURNALISM PREPARATORY: A COLLEGE BOARD SCHO,common_core_english,80.11833333333333,3.0,45.0,17.0,65.0,17.0,12.0,9.0,37.77777778,28.0,11.1,7.3,62.22222221999999,,,,,7.0,15.55555556,30.0,66.66666667,2019.8235294117646,96.3529411764706,21.235882352941175,78.76411764705882,40.215294117647055,13.424117647058821,2.031764705882353,41.77411764705882,42.77058823529412,40.764884,-73.789365,11358.0,General Academic,High school,Flushing - Clearview,11358
25Q285,WORLD JOURNALISM PREPARATORY: A COLLEGE BOARD SCHO,living_environment,74.782,3.0,45.0,17.0,65.0,17.0,12.0,9.0,37.77777778,28.0,11.1,7.3,62.22222221999999,,,,,7.0,15.55555556,30.0,66.66666667,2019.8235294117646,96.3529411764706,21.235882352941175,78.76411764705882,40.215294117647055,13.424117647058821,2.031764705882353,41.77411764705882,42.77058823529412,40.764884,-73.789365,11358.0,General Academic,High school,Flushing - Clearview,11358
27Q323,SCHOLARS' ACADEMY,common_core_algebra,85.11166666666666,5.0,73.0,24.0,102.0,16.0,11.4,8.0,21.91780822,57.0,10.6,7.4,78.08219178,,,7.0,9.589041096,10.0,13.69863014,49.0,67.12328767,2019.8235294117646,172.64705882352942,2.8341176470588234,97.16529411764705,84.02941176470588,18.298235294117646,14.551176470588235,17.53058823529412,49.62235294117647,40.584543,-73.825162,11694.0,General Academic,High school,Rockaway,11694
27Q323,SCHOLARS' ACADEMY,common_core_english,89.012,5.0,73.0,24.0,102.0,16.0,11.4,8.0,21.91780822,57.0,10.6,7.4,78.08219178,,,7.0,9.589041096,10.0,13.69863014,49.0,67.12328767,2019.8235294117646,172.64705882352942,2.8341176470588234,97.16529411764705,84.02941176470588,18.298235294117646,14.551176470588235,17.53058823529412,49.62235294117647,40.584543,-73.825162,11694.0,General Academic,High school,Rockaway,11694
27Q323,SCHOLARS' ACADEMY,living_environment,86.805,5.0,73.0,24.0,102.0,16.0,11.4,8.0,21.91780822,57.0,10.6,7.4,78.08219178,,,7.0,9.589041096,10.0,13.69863014,49.0,67.12328767,2019.8235294117646,172.64705882352942,2.8341176470588234,97.16529411764705,84.02941176470588,18.298235294117646,14.551176470588235,17.53058823529412,49.62235294117647,40.584543,-73.825162,11694.0,General Academic,High school,Rockaway,11694
28Q167,METROPOLITAN EXPEDITIONARY LEARNING SCHOOL,common_core_algebra,64.57000000000001,3.0,70.0,17.0,90.0,24.0,7.0,4.6,34.28571429,46.0,7.6,5.5,65.71428571,9.0,12.85714286,10.0,14.28571429,12.0,17.14285714,37.0,52.85714286,2019.8125,138.4375,28.14875,71.855,34.773125,19.4,18.2875,46.370000000000005,15.94125,40.708431,-73.855543,11375.0,General Academic,High school,Jamaica,11375
28Q167,METROPOLITAN EXPEDITIONARY LEARNING SCHOOL,common_core_english,79.71799999999999,3.0,70.0,17.0,90.0,24.0,7.0,4.6,34.28571429,46.0,7.6,5.5,65.71428571,9.0,12.85714286,10.0,14.28571429,12.0,17.14285714,37.0,52.85714286,2019.8125,138.4375,28.14875,71.855,34.773125,19.4,18.2875,46.370000000000005,15.94125,40.708431,-73.855543,11375.0,General Academic,High school,Jamaica,11375
28Q167,METROPOLITAN EXPEDITIONARY LEARNING SCHOOL,living_environment,73.418,3.0,70.0,17.0,90.0,24.0,7.0,4.6,34.28571429,46.0,7.6,5.5,65.71428571,9.0,12.85714286,10.0,14.28571429,12.0,17.14285714,37.0,52.85714286,2019.8125,138.4375,28.14875,71.855,34.773125,19.4,18.2875,46.370000000000005,15.94125,40.708431,-73.855543,11375.0,General Academic,High school,Jamaica,11375
29Q283,PREPARATORY ACADEMY FOR WRITERS: A COLLEGE BOARD S,common_core_algebra,65.29166666666667,3.0,36.0,8.0,47.0,14.0,14.300000000000002,8.5,38.88888889,22.0,10.9,7.599999999999999,61.111111109999996,,,14.0,38.88888889,,,13.0,36.11111111,2019.8333333333333,108.11111111111111,30.307777777777776,69.69222222222223,24.863333333333333,0.9272222222222221,92.92833333333334,6.143888888888889,0.0,40.66903,-73.757744,11413.0,General Academic,High school,Southeast Queens,11413
29Q283,PREPARATORY ACADEMY FOR WRITERS: A COLLEGE BOARD S,common_core_english,76.64,3.0,36.0,8.0,47.0,14.0,14.300000000000002,8.5,38.88888889,22.0,10.9,7.599999999999999,61.111111109999996,,,14.0,38.88888889,,,13.0,36.11111111,2019.8333333333333,108.11111111111111,30.307777777777776,69.69222222222223,24.863333333333333,0.9272222222222221,92.92833333333334,6.143888888888889,0.0,40.66903,-73.757744,11413.0,General Academic,High school,Southeast Queens,11413
29Q283,PREPARATORY ACADEMY FOR WRITERS: A COLLEGE BOARD S,living_environment,64.855,3.0,36.0,8.0,47.0,14.0,14.300000000000002,8.5,38.88888889,22.0,10.9,7.599999999999999,61.111111109999996,,,14.0,38.88888889,,,13.0,36.11111111,2019.8333333333333,108.11111111111111,30.307777777777776,69.69222222222223,24.863333333333333,0.9272222222222221,92.92833333333334,6.143888888888889,0.0,40.66903,-73.757744,11413.0,General Academic,High school,Southeast Queens,11413
30Q286,YOUNG WOMEN'S LEADERSHIP SCHOOL  ASTORIA,common_core_algebra,68.74166666666666,3.0,42.0,10.0,55.0,12.0,7.2,5.7,28.57142857,30.0,9.0,5.5,71.42857143,5.0,11.9047619,,,6.0,14.28571429,23.0,54.76190476,2019.8125,104.25,25.18125,74.82375,42.521875,35.93375,2.169375,47.725,14.170625,40.770769,-73.92383,11102.0,General Academic,High school,Long Island City - Astoria,11102
30Q286,YOUNG WOMEN'S LEADERSHIP SCHOOL  ASTORIA,common_core_english,83.318,3.0,42.0,10.0,55.0,12.0,7.2,5.7,28.57142857,30.0,9.0,5.5,71.42857143,5.0,11.9047619,,,6.0,14.28571429,23.0,54.76190476,2019.8125,104.25,25.18125,74.82375,42.521875,35.93375,2.169375,47.725,14.170625,40.770769,-73.92383,11102.0,General Academic,High school,Long Island City - Astoria,11102
30Q286,YOUNG WOMEN'S LEADERSHIP SCHOOL  ASTORIA,living_environment,70.756,3.0,42.0,10.0,55.0,12.0,7.2,5.7,28.57142857,30.0,9.0,5.5,71.42857143,5.0,11.9047619,,,6.0,14.28571429,23.0,54.76190476,2019.8125,104.25,25.18125,74.82375,42.521875,35.93375,2.169375,47.725,14.170625,40.770769,-73.92383,11102.0,General Academic,High school,Long Island City - Astoria,11102
30Q417,GOTHAM TECH HIGH SCHOOL,common_core_algebra,61.54,1.0,7.0,2.0,10.0,,,,,,,,,,,,,,,,,2019.7058823529412,108.47058823529412,43.21,56.792352941176475,11.975882352941177,0.5541176470588235,48.4264705882353,50.40823529411765,0.611764705882353,40.721448,-73.953328,11222.0,Career Technical,High school,Greenpoint,11222
30Q417,GOTHAM TECH HIGH SCHOOL,common_core_english,65.208,1.0,7.0,2.0,10.0,,,,,,,,,,,,,,,,,2019.7058823529412,108.47058823529412,43.21,56.792352941176475,11.975882352941177,0.5541176470588235,48.4264705882353,50.40823529411765,0.611764705882353,40.721448,-73.953328,11222.0,Career Technical,High school,Greenpoint,11222
30Q417,GOTHAM TECH HIGH SCHOOL,living_environment,63.873333333333335,1.0,7.0,2.0,10.0,,,,,,,,,,,,,,,,,2019.7058823529412,108.47058823529412,43.21,56.792352941176475,11.975882352941177,0.5541176470588235,48.4264705882353,50.40823529411765,0.611764705882353,40.721448,-73.953328,11222.0,Career Technical,High school,Greenpoint,11222
31R028,THE EAGLE ACADEMY FOR YOUNG MEN OF STATEN ISLAND,common_core_algebra,57.254999999999995,1.0,45.0,7.0,53.0,17.0,8.3,3.3999999999999995,37.77777778,28.0,8.5,4.0,62.22222222,,,11.0,24.44444444,,,25.0,55.55555556,2020.2307692307693,33.38461538461539,60.715384615384615,39.290769230769236,8.73076923076923,1.3676923076923078,68.89076923076924,28.26076923076923,1.4807692307692308,40.62044300000001,-74.080695,10304.0,General Academic,High school,Stapleton - St. George,10304
31R028,THE EAGLE ACADEMY FOR YOUNG MEN OF STATEN ISLAND,common_core_english,64.99000000000001,1.0,45.0,7.0,53.0,17.0,8.3,3.3999999999999995,37.77777778,28.0,8.5,4.0,62.22222222,,,11.0,24.44444444,,,25.0,55.55555556,2020.2307692307693,33.38461538461539,60.715384615384615,39.290769230769236,8.73076923076923,1.3676923076923078,68.89076923076924,28.26076923076923,1.4807692307692308,40.62044300000001,-74.080695,10304.0,General Academic,High school,Stapleton - St. George,10304
31R028,THE EAGLE ACADEMY FOR YOUNG MEN OF STATEN ISLAND,living_environment,59.312,1.0,45.0,7.0,53.0,17.0,8.3,3.3999999999999995,37.77777778,28.0,8.5,4.0,62.22222222,,,11.0,24.44444444,,,25.0,55.55555556,2020.2307692307693,33.38461538461539,60.715384615384615,39.290769230769236,8.73076923076923,1.3676923076923078,68.89076923076924,28.26076923076923,1.4807692307692308,40.62044300000001,-74.080695,10304.0,General Academic,High school,Stapleton - St. George,10304
31R085,THE YOUNG WOMENS LEADERSHIP SCHOOL OF STATEN ISLA,common_core_algebra,72.705,1.0,5.0,2.0,8.0,,,,,,,,,,,,,,,,,2019.8235294117646,95.82352941176471,18.94764705882353,81.05764705882353,50.19117647058823,39.980588235294114,49.05117647058824,10.348823529411765,0.6188235294117647,40.708409,-73.804166,11432.0,General Academic,High school,Jamaica,11432
31R085,THE YOUNG WOMENS LEADERSHIP SCHOOL OF STATEN ISLA,common_core_english,81.75166666666667,1.0,5.0,2.0,8.0,,,,,,,,,,,,,,,,,2019.8235294117646,95.82352941176471,18.94764705882353,81.05764705882353,50.19117647058823,39.980588235294114,49.05117647058824,10.348823529411765,0.6188235294117647,40.708409,-73.804166,11432.0,General Academic,High school,Jamaica,11432
31R085,THE YOUNG WOMENS LEADERSHIP SCHOOL OF STATEN ISLA,living_environment,74.208,1.0,5.0,2.0,8.0,,,,,,,,,,,,,,,,,2019.8235294117646,95.82352941176471,18.94764705882353,81.05764705882353,50.19117647058823,39.980588235294114,49.05117647058824,10.348823529411765,0.6188235294117647,40.708409,-73.804166,11432.0,General Academic,High school,Jamaica,11432
71M047,47 THE AMERICAN SIGN LANGUAGE AND ENGLISH SECONDAR,common_core_algebra,61.495000000000005,3.0,35.0,5.0,43.0,15.0,6.2,2.9,42.85714286,20.0,5.5,4.1,57.14285714,,,5.0,14.28571429,,,26.0,74.28571429,2019.6875,45.125,35.20375,64.798125,19.6175,0.0,16.259375,83.740625,0.0,40.738374,-73.981329,10010.0,Special Education,High school,Gramercy Park - Murray Hill,10010
71M047,47 THE AMERICAN SIGN LANGUAGE AND ENGLISH SECONDAR,common_core_english,75.702,3.0,35.0,5.0,43.0,15.0,6.2,2.9,42.85714286,20.0,5.5,4.1,57.14285714,,,5.0,14.28571429,,,26.0,74.28571429,2019.6875,45.125,35.20375,64.798125,19.6175,0.0,16.259375,83.740625,0.0,40.738374,-73.981329,10010.0,Special Education,High school,Gramercy Park - Murray Hill,10010
71M047,47 THE AMERICAN SIGN LANGUAGE AND ENGLISH SECONDAR,living_environment,65.714,3.0,35.0,5.0,43.0,15.0,6.2,2.9,42.85714286,20.0,5.5,4.1,57.14285714,,,5.0,14.28571429,,,26.0,74.28571429,2019.6875,45.125,35.20375,64.798125,19.6175,0.0,16.259375,83.740625,0.0,40.738374,-73.981329,10010.0,Special Education,High school,Gramercy Park - Murray Hill,10010
71M135,THE URBAN ASSEMBLY SCHOOL FOR EMERGENCY MANAGEMENT,common_core_algebra,61.51500000000001,3.0,25.0,4.0,32.0,11.0,5.9,4.1,44.0,14.0,8.8,3.6,56.0,,,,,11.0,44.0,12.0,48.0,2019.8235294117646,68.41176470588235,41.52411764705882,58.47588235294118,14.22764705882353,1.0088235294117647,29.349999999999998,68.72235294117647,0.9194117647058823,40.711441,-74.000851,10038.0,Career Technical,High school,Lower Manhattam,10038
71M135,THE URBAN ASSEMBLY SCHOOL FOR EMERGENCY MANAGEMENT,common_core_english,68.42333333333333,3.0,25.0,4.0,32.0,11.0,5.9,4.1,44.0,14.0,8.8,3.6,56.0,,,,,11.0,44.0,12.0,48.0,2019.8235294117646,68.41176470588235,41.52411764705882,58.47588235294118,14.22764705882353,1.0088235294117647,29.349999999999998,68.72235294117647,0.9194117647058823,40.711441,-74.000851,10038.0,Career Technical,High school,Lower Manhattam,10038
71M135,THE URBAN ASSEMBLY SCHOOL FOR EMERGENCY MANAGEMENT,living_environment,64.59,3.0,25.0,4.0,32.0,11.0,5.9,4.1,44.0,14.0,8.8,3.6,56.0,,,,,11.0,44.0,12.0,48.0,2019.8235294117646,68.41176470588235,41.52411764705882,58.47588235294118,14.22764705882353,1.0088235294117647,29.349999999999998,68.72235294117647,0.9194117647058823,40.711441,-74.000851,10038.0,Career Technical,High school,Lower Manhattam,10038
71M139,STEPHEN T. MATHER BUILDING ARTS & CRAFTSMANSHIP HI,common_core_algebra,60.28,3.0,35.0,11.0,49.0,14.0,7.199999999999999,3.9000000000000004,40.0,21.0,6.2,2.9,60.0,,,7.0,20.0,5.0,14.28571429,20.0,57.14285714,2019.8333333333333,113.0,49.22277777777778,50.77722222222222,11.957777777777778,0.7905555555555556,30.658333333333335,67.04055555555556,1.511111111111111,40.763655,-73.990318,10019.0,Career Technical,High school,Chelsea - Clinton,10019
71M139,STEPHEN T. MATHER BUILDING ARTS & CRAFTSMANSHIP HI,common_core_english,66.605,3.0,35.0,11.0,49.0,14.0,7.199999999999999,3.9000000000000004,40.0,21.0,6.2,2.9,60.0,,,7.0,20.0,5.0,14.28571429,20.0,57.14285714,2019.8333333333333,113.0,49.22277777777778,50.77722222222222,11.957777777777778,0.7905555555555556,30.658333333333335,67.04055555555556,1.511111111111111,40.763655,-73.990318,10019.0,Career Technical,High school,Chelsea - Clinton,10019
71M139,STEPHEN T. MATHER BUILDING ARTS & CRAFTSMANSHIP HI,living_environment,61.06666666666666,3.0,35.0,11.0,49.0,14.0,7.199999999999999,3.9000000000000004,40.0,21.0,6.2,2.9,60.0,,,7.0,20.0,5.0,14.28571429,20.0,57.14285714,2019.8333333333333,113.0,49.22277777777778,50.77722222222222,11.957777777777778,0.7905555555555556,30.658333333333335,67.04055555555556,1.511111111111111,40.763655,-73.990318,10019.0,Career Technical,High school,Chelsea - Clinton,10019
71M148,EAGLE ACADEMY FOR YOUNG MEN OF HARLEM,common_core_algebra,55.20166666666666,3.0,26.0,9.0,38.0,15.0,7.0,2.9,57.69230769,11.0,9.1,3.5,42.30769231,,,17.0,65.38461538,,,5.0,19.23076923,2020.0,69.52941176470588,66.66764705882352,33.33235294117647,6.709411764705883,0.0,80.28823529411765,19.711764705882356,0.0,40.817228,-73.947151,10030.0,General Academic,High school,Central Harlem - Morningside Heights,10030
71M148,EAGLE ACADEMY FOR YOUNG MEN OF HARLEM,common_core_english,60.620000000000005,3.0,26.0,9.0,38.0,15.0,7.0,2.9,57.69230769,11.0,9.1,3.5,42.30769231,,,17.0,65.38461538,,,5.0,19.23076923,2020.0,69.52941176470588,66.66764705882352,33.33235294117647,6.709411764705883,0.0,80.28823529411765,19.711764705882356,0.0,40.817228,-73.947151,10030.0,General Academic,High school,Central Harlem - Morningside Heights,10030
71M148,EAGLE ACADEMY FOR YOUNG MEN OF HARLEM,living_environment,52.294999999999995,3.0,26.0,9.0,38.0,15.0,7.0,2.9,57.69230769,11.0,9.1,3.5,42.30769231,,,17.0,65.38461538,,,5.0,19.23076923,2020.0,69.52941176470588,66.66764705882352,33.33235294117647,6.709411764705883,0.0,80.28823529411765,19.711764705882356,0.0,40.817228,-73.947151,10030.0,General Academic,High school,Central Harlem - Morningside Heights,10030
71M157,THE URBAN ASSEMBLY SCHOOL FOR GLOBAL COMMERCE,common_core_algebra,57.03666666666667,2.0,21.0,5.0,28.0,12.0,5.1,3.2,57.14285714,9.0,6.2,1.7,42.85714286,,,,,7.0,33.33333333,7.0,33.33333333,2019.8333333333333,58.44444444444444,56.68944444444444,43.31,11.943888888888889,0.0,59.84388888888889,40.15611111111111,0.0,40.807019,-73.938714,10035.0,Career Technical,High school,East Harlem,10035
71M157,THE URBAN ASSEMBLY SCHOOL FOR GLOBAL COMMERCE,common_core_english,66.62833333333333,2.0,21.0,5.0,28.0,12.0,5.1,3.2,57.14285714,9.0,6.2,1.7,42.85714286,,,,,7.0,33.33333333,7.0,33.33333333,2019.8333333333333,58.44444444444444,56.68944444444444,43.31,11.943888888888889,0.0,59.84388888888889,40.15611111111111,0.0,40.807019,-73.938714,10035.0,Career Technical,High school,East Harlem,10035
71M157,THE URBAN ASSEMBLY SCHOOL FOR GLOBAL COMMERCE,living_environment,58.151666666666664,2.0,21.0,5.0,28.0,12.0,5.1,3.2,57.14285714,9.0,6.2,1.7,42.85714286,,,,,7.0,33.33333333,7.0,33.33333333,2019.8333333333333,58.44444444444444,56.68944444444444,43.31,11.943888888888889,0.0,59.84388888888889,40.15611111111111,0.0,40.807019,-73.938714,10035.0,Career Technical,High school,East Harlem,10035
71M211,INWOOD EARLY COLLEGE FOR HEALTH AND INFORMATION TE,common_core_algebra,62.25666666666667,3.0,37.0,9.0,49.0,14.0,10.6,4.8,37.83783784,23.0,8.4,3.2,62.16216216000001,,,8.0,21.62162162,10.0,27.02702703,17.0,45.94594595,2019.8333333333333,101.77777777777777,42.37833333333333,57.62777777777777,13.586666666666666,0.0,6.4255555555555555,93.57444444444444,0.0,40.865556,-73.925464,10034.0,Career Technical,High school,Washington Heights - Inwood,10034
71M211,INWOOD EARLY COLLEGE FOR HEALTH AND INFORMATION TE,common_core_english,66.91333333333334,3.0,37.0,9.0,49.0,14.0,10.6,4.8,37.83783784,23.0,8.4,3.2,62.16216216000001,,,8.0,21.62162162,10.0,27.02702703,17.0,45.94594595,2019.8333333333333,101.77777777777777,42.37833333333333,57.62777777777777,13.586666666666666,0.0,6.4255555555555555,93.57444444444444,0.0,40.865556,-73.925464,10034.0,Career Technical,High school,Washington Heights - Inwood,10034
71M211,INWOOD EARLY COLLEGE FOR HEALTH AND INFORMATION TE,living_environment,64.00166666666667,3.0,37.0,9.0,49.0,14.0,10.6,4.8,37.83783784,23.0,8.4,3.2,62.16216216000001,,,8.0,21.62162162,10.0,27.02702703,17.0,45.94594595,2019.8333333333333,101.77777777777777,42.37833333333333,57.62777777777777,13.586666666666666,0.0,6.4255555555555555,93.57444444444444,0.0,40.865556,-73.925464,10034.0,Career Technical,High school,Washington Heights - Inwood,10034
71M280,MANHATTAN EARLY COLLEGE SCHOOL FOR ADVERTISING,common_core_algebra,64.96,3.0,38.0,5.0,46.0,12.0,7.0,4.6,31.57894737,26.0,6.5,3.1,68.42105263,,,9.0,23.68421053,,,22.0,57.89473684,2019.8125,78.5,25.1525,74.84875,28.28375,7.89125,38.710625,52.01875,1.380625,40.711441,-74.000851,10038.0,Career Technical,High school,Lower Manhattam,10038
71M280,MANHATTAN EARLY COLLEGE SCHOOL FOR ADVERTISING,common_core_english,74.358,3.0,38.0,5.0,46.0,12.0,7.0,4.6,31.57894737,26.0,6.5,3.1,68.42105263,,,9.0,23.68421053,,,22.0,57.89473684,2019.8125,78.5,25.1525,74.84875,28.28375,7.89125,38.710625,52.01875,1.380625,40.711441,-74.000851,10038.0,Career Technical,High school,Lower Manhattam,10038
71M280,MANHATTAN EARLY COLLEGE SCHOOL FOR ADVERTISING,living_environment,74.926,3.0,38.0,5.0,46.0,12.0,7.0,4.6,31.57894737,26.0,6.5,3.1,68.42105263,,,9.0,23.68421053,,,22.0,57.89473684,2019.8125,78.5,25.1525,74.84875,28.28375,7.89125,38.710625,52.01875,1.380625,40.711441,-74.000851,10038.0,Career Technical,High school,Lower Manhattam,10038
71M282,URBAN ASSEMBLY MAKER ACADEMY,common_core_algebra,60.94499999999999,4.0,46.0,7.0,57.0,16.0,7.599999999999999,2.9,34.7826087,30.0,5.8,2.0,65.2173913,5.0,10.86956522,13.0,28.26086957,7.0,15.2173913,19.0,41.30434783,2019.8333333333333,100.44444444444444,38.42888888888889,61.57388888888889,19.936111111111114,3.915,33.47777777777778,52.485,10.121666666666666,40.711441,-74.000851,10038.0,Career Technical,High school,Lower Manhattam,10038
71M282,URBAN ASSEMBLY MAKER ACADEMY,common_core_english,71.79666666666667,4.0,46.0,7.0,57.0,16.0,7.599999999999999,2.9,34.7826087,30.0,5.8,2.0,65.2173913,5.0,10.86956522,13.0,28.26086957,7.0,15.2173913,19.0,41.30434783,2019.8333333333333,100.44444444444444,38.42888888888889,61.57388888888889,19.936111111111114,3.915,33.47777777777778,52.485,10.121666666666666,40.711441,-74.000851,10038.0,Career Technical,High school,Lower Manhattam,10038
71M282,URBAN ASSEMBLY MAKER ACADEMY,living_environment,66.32833333333333,4.0,46.0,7.0,57.0,16.0,7.599999999999999,2.9,34.7826087,30.0,5.8,2.0,65.2173913,5.0,10.86956522,13.0,28.26086957,7.0,15.2173913,19.0,41.30434783,2019.8333333333333,100.44444444444444,38.42888888888889,61.57388888888889,19.936111111111114,3.915,33.47777777777778,52.485,10.121666666666666,40.711441,-74.000851,10038.0,Career Technical,High school,Lower Manhattam,10038
71M285,HARLEM RENAISSANCE HIGH SCHOOL,common_core_algebra,59.542500000000004,2.0,13.0,4.0,19.0,5.0,22.1,12.1,38.46153846,8.0,12.4,4.8,61.53846154,,,,,,,6.0,46.15384615,2019.0714285714287,39.285714285714285,60.48857142857143,39.51142857142857,7.028571428571429,0.6799999999999999,36.71071428571429,62.60928571428571,0.0,40.80769200000001,-73.939974,10035.0,Transfer School,High school,East Harlem,10035
71M285,HARLEM RENAISSANCE HIGH SCHOOL,common_core_english,58.51833333333334,2.0,13.0,4.0,19.0,5.0,22.1,12.1,38.46153846,8.0,12.4,4.8,61.53846154,,,,,,,6.0,46.15384615,2019.0714285714287,39.285714285714285,60.48857142857143,39.51142857142857,7.028571428571429,0.6799999999999999,36.71071428571429,62.60928571428571,0.0,40.80769200000001,-73.939974,10035.0,Transfer School,High school,East Harlem,10035
71M285,HARLEM RENAISSANCE HIGH SCHOOL,living_environment,58.905,2.0,13.0,4.0,19.0,5.0,22.1,12.1,38.46153846,8.0,12.4,4.8,61.53846154,,,,,,,6.0,46.15384615,2019.0714285714287,39.285714285714285,60.48857142857143,39.51142857142857,7.028571428571429,0.6799999999999999,36.71071428571429,62.60928571428571,0.0,40.80769200000001,-73.939974,10035.0,Transfer School,High school,East Harlem,10035
71M288,FOOD AND FINANCE HIGH SCHOOL,common_core_algebra,60.14666666666667,3.0,32.0,6.0,41.0,17.0,11.9,7.599999999999999,53.125,15.0,8.3,6.0,46.875,,,7.0,21.875,9.0,28.125,11.0,34.375,2019.8333333333333,86.33333333333333,43.16222222222222,56.84,19.935555555555556,1.0983333333333334,37.474999999999994,61.42666666666667,0.0,40.765474,-73.9927,10019.0,Career Technical,High school,Chelsea - Clinton,10019
71M288,FOOD AND FINANCE HIGH SCHOOL,common_core_english,74.72666666666667,3.0,32.0,6.0,41.0,17.0,11.9,7.599999999999999,53.125,15.0,8.3,6.0,46.875,,,7.0,21.875,9.0,28.125,11.0,34.375,2019.8333333333333,86.33333333333333,43.16222222222222,56.84,19.935555555555556,1.0983333333333334,37.474999999999994,61.42666666666667,0.0,40.765474,-73.9927,10019.0,Career Technical,High school,Chelsea - Clinton,10019
71M288,FOOD AND FINANCE HIGH SCHOOL,living_environment,63.57500000000001,3.0,32.0,6.0,41.0,17.0,11.9,7.599999999999999,53.125,15.0,8.3,6.0,46.875,,,7.0,21.875,9.0,28.125,11.0,34.375,2019.8333333333333,86.33333333333333,43.16222222222222,56.84,19.935555555555556,1.0983333333333334,37.474999999999994,61.42666666666667,0.0,40.765474,-73.9927,10019.0,Career Technical,High school,Chelsea - Clinton,10019
71M292,ORCHARD COLLEGIATE ACADEMY,common_core_algebra,64.31166666666667,2.0,25.0,5.0,32.0,14.0,11.2,6.2,56.0,11.0,7.9,4.2,44.0,5.0,20.0,,,,,13.0,52.0,2019.8235294117646,49.94117647058823,30.358823529411765,69.64294117647059,26.324117647058824,12.059999999999999,20.983529411764707,66.95764705882353,0.0,40.713362,-73.986051,10002.0,General Academic,High school,Union Square - Lower East Side,10002
71M292,ORCHARD COLLEGIATE ACADEMY,common_core_english,77.32666666666667,2.0,25.0,5.0,32.0,14.0,11.2,6.2,56.0,11.0,7.9,4.2,44.0,5.0,20.0,,,,,13.0,52.0,2019.8235294117646,49.94117647058823,30.358823529411765,69.64294117647059,26.324117647058824,12.059999999999999,20.983529411764707,66.95764705882353,0.0,40.713362,-73.986051,10002.0,General Academic,High school,Union Square - Lower East Side,10002
71M292,ORCHARD COLLEGIATE ACADEMY,living_environment,67.62,2.0,25.0,5.0,32.0,14.0,11.2,6.2,56.0,11.0,7.9,4.2,44.0,5.0,20.0,,,,,13.0,52.0,2019.8235294117646,49.94117647058823,30.358823529411765,69.64294117647059,26.324117647058824,12.059999999999999,20.983529411764707,66.95764705882353,0.0,40.713362,-73.986051,10002.0,General Academic,High school,Union Square - Lower East Side,10002
71M296,HIGH SCHOOL OF HOSPITALITY MANAGEMENT,common_core_algebra,63.766,2.0,20.0,5.0,27.0,7.0,15.2,10.4,35.0,13.0,15.1,9.2,65.0,,,,,,,13.0,65.0,2019.6875,64.5625,38.075625,61.924375,21.49,0.350625,20.07875,79.570625,0.0,40.765474,-73.9927,10019.0,General Academic,High school,Chelsea - Clinton,10019
71M296,HIGH SCHOOL OF HOSPITALITY MANAGEMENT,common_core_english,75.66,2.0,20.0,5.0,27.0,7.0,15.2,10.4,35.0,13.0,15.1,9.2,65.0,,,,,,,13.0,65.0,2019.6875,64.5625,38.075625,61.924375,21.49,0.350625,20.07875,79.570625,0.0,40.765474,-73.9927,10019.0,General Academic,High school,Chelsea - Clinton,10019
71M296,HIGH SCHOOL OF HOSPITALITY MANAGEMENT,living_environment,63.94333333333333,2.0,20.0,5.0,27.0,7.0,15.2,10.4,35.0,13.0,15.1,9.2,65.0,,,,,,,13.0,65.0,2019.6875,64.5625,38.075625,61.924375,21.49,0.350625,20.07875,79.570625,0.0,40.765474,-73.9927,10019.0,General Academic,High school,Chelsea - Clinton,10019
71M298,PACE HIGH SCHOOL,common_core_algebra,64.66166666666668,4.0,45.0,8.0,57.0,22.0,12.5,8.5,48.88888889,23.0,10.4,5.7,51.11111111,,,8.0,17.77777778,9.0,20.0,22.0,48.88888889,2019.8333333333333,112.11111111111111,34.03888888888889,65.96111111111111,27.695555555555554,7.614999999999999,36.26611111111111,54.58777777777778,1.53,40.716231,-73.993607,10002.0,General Academic,High school,Union Square - Lower East Side,10002
71M298,PACE HIGH SCHOOL,common_core_english,77.95666666666666,4.0,45.0,8.0,57.0,22.0,12.5,8.5,48.88888889,23.0,10.4,5.7,51.11111111,,,8.0,17.77777778,9.0,20.0,22.0,48.88888889,2019.8333333333333,112.11111111111111,34.03888888888889,65.96111111111111,27.695555555555554,7.614999999999999,36.26611111111111,54.58777777777778,1.53,40.716231,-73.993607,10002.0,General Academic,High school,Union Square - Lower East Side,10002
71M298,PACE HIGH SCHOOL,living_environment,64.20333333333333,4.0,45.0,8.0,57.0,22.0,12.5,8.5,48.88888889,23.0,10.4,5.7,51.11111111,,,8.0,17.77777778,9.0,20.0,22.0,48.88888889,2019.8333333333333,112.11111111111111,34.03888888888889,65.96111111111111,27.695555555555554,7.614999999999999,36.26611111111111,54.58777777777778,1.53,40.716231,-73.993607,10002.0,General Academic,High school,Union Square - Lower East Side,10002
71M299,THE MAXINE GREENE HS FOR IMAGINATIVE INQUIRY,common_core_algebra,57.948,2.0,14.0,3.0,19.0,7.0,16.9,8.8,50.0,7.0,11.6,6.1,50.0,,,,,5.0,35.71428571,6.0,42.85714286,2019.5625,98.125,52.8275,47.1725,10.221250000000001,0.358125,34.5625,65.07875,0.0,40.774891,-73.985608,10023.0,General Academic,High school,Upper West Side,10023
71M299,THE MAXINE GREENE HS FOR IMAGINATIVE INQUIRY,common_core_english,63.458333333333336,2.0,14.0,3.0,19.0,7.0,16.9,8.8,50.0,7.0,11.6,6.1,50.0,,,,,5.0,35.71428571,6.0,42.85714286,2019.5625,98.125,52.8275,47.1725,10.221250000000001,0.358125,34.5625,65.07875,0.0,40.774891,-73.985608,10023.0,General Academic,High school,Upper West Side,10023
71M299,THE MAXINE GREENE HS FOR IMAGINATIVE INQUIRY,living_environment,59.74400000000001,2.0,14.0,3.0,19.0,7.0,16.9,8.8,50.0,7.0,11.6,6.1,50.0,,,,,5.0,35.71428571,6.0,42.85714286,2019.5625,98.125,52.8275,47.1725,10.221250000000001,0.358125,34.5625,65.07875,0.0,40.774891,-73.985608,10023.0,General Academic,High school,Upper West Side,10023
71M300,URBAN ASSEMBLY SCHOOL OF DESIGN AND CONSTRUCTION,common_core_algebra,55.93333333333334,1.0,26.0,6.0,33.0,10.0,9.2,4.9,38.46153846,16.0,9.1,5.7,61.53846153999999,,,10.0,38.46153846,6.0,23.07692308,6.0,23.07692308,2019.7777777777778,57.0,50.19277777777778,49.80722222222222,18.84722222222222,1.9961111111111112,18.731111111111108,79.27277777777778,0.0,40.765474,-73.9927,10019.0,General Academic,High school,Chelsea - Clinton,10019
71M300,URBAN ASSEMBLY SCHOOL OF DESIGN AND CONSTRUCTION,common_core_english,74.55333333333333,1.0,26.0,6.0,33.0,10.0,9.2,4.9,38.46153846,16.0,9.1,5.7,61.53846153999999,,,10.0,38.46153846,6.0,23.07692308,6.0,23.07692308,2019.7777777777778,57.0,50.19277777777778,49.80722222222222,18.84722222222222,1.9961111111111112,18.731111111111108,79.27277777777778,0.0,40.765474,-73.9927,10019.0,General Academic,High school,Chelsea - Clinton,10019
71M300,URBAN ASSEMBLY SCHOOL OF DESIGN AND CONSTRUCTION,living_environment,59.78,1.0,26.0,6.0,33.0,10.0,9.2,4.9,38.46153846,16.0,9.1,5.7,61.53846153999999,,,10.0,38.46153846,6.0,23.07692308,6.0,23.07692308,2019.7777777777778,57.0,50.19277777777778,49.80722222222222,18.84722222222222,1.9961111111111112,18.731111111111108,79.27277777777778,0.0,40.765474,-73.9927,10019.0,General Academic,High school,Chelsea - Clinton,10019
71M303,FACING HISTORY SCHOOL  THE,common_core_english,63.126666666666665,2.0,31.0,6.0,39.0,10.0,8.6,6.599999999999999,32.25806452,21.0,8.4,5.2,67.74193548,,,8.0,25.80645161,7.0,22.58064516,16.0,51.61290323,2019.8333333333333,106.0,40.74833333333333,59.251666666666665,19.43,0.0,30.425,69.575,0.0,40.765474,-73.9927,10019.0,General Academic,High school,Chelsea - Clinton,10019
71M304,MOTT HALL HIGH SCHOOL,common_core_algebra,54.74,2.0,17.0,6.0,25.0,6.0,7.5,4.4,35.29411765,11.0,8.5,2.4,64.70588235,,,6.0,35.29411765,,,6.0,35.29411765,2019.6470588235295,75.82352941176471,57.46823529411765,42.53176470588235,13.361764705882353,0.24882352941176472,35.81823529411764,63.230000000000004,0.7041176470588235,40.817228,-73.947151,10030.0,General Academic,High school,Central Harlem - Morningside Heights,10030
71M304,MOTT HALL HIGH SCHOOL,common_core_english,70.23833333333333,2.0,17.0,6.0,25.0,6.0,7.5,4.4,35.29411765,11.0,8.5,2.4,64.70588235,,,6.0,35.29411765,,,6.0,35.29411765,2019.6470588235295,75.82352941176471,57.46823529411765,42.53176470588235,13.361764705882353,0.24882352941176472,35.81823529411764,63.230000000000004,0.7041176470588235,40.817228,-73.947151,10030.0,General Academic,High school,Central Harlem - Morningside Heights,10030
71M304,MOTT HALL HIGH SCHOOL,living_environment,54.23,2.0,17.0,6.0,25.0,6.0,7.5,4.4,35.29411765,11.0,8.5,2.4,64.70588235,,,6.0,35.29411765,,,6.0,35.29411765,2019.6470588235295,75.82352941176471,57.46823529411765,42.53176470588235,13.361764705882353,0.24882352941176472,35.81823529411764,63.230000000000004,0.7041176470588235,40.817228,-73.947151,10030.0,General Academic,High school,Central Harlem - Morningside Heights,10030
71M305,URBAN ASSEMBLY ACADEMY OF GOVERNMENT AND LAW  THE,common_core_algebra,63.11666666666667,2.0,24.0,7.0,33.0,12.0,8.0,4.1,50.0,12.0,7.8,4.8,50.0,,,6.0,25.0,,,15.0,62.5,2019.7058823529412,66.41176470588235,35.735882352941175,64.26588235294118,21.105882352941176,1.8205882352941178,40.034705882352945,57.765882352941176,0.37941176470588234,40.717329,-73.989329,10002.0,General Academic,High school,Union Square - Lower East Side,10002
71M305,URBAN ASSEMBLY ACADEMY OF GOVERNMENT AND LAW  THE,common_core_english,75.556,2.0,24.0,7.0,33.0,12.0,8.0,4.1,50.0,12.0,7.8,4.8,50.0,,,6.0,25.0,,,15.0,62.5,2019.7058823529412,66.41176470588235,35.735882352941175,64.26588235294118,21.105882352941176,1.8205882352941178,40.034705882352945,57.765882352941176,0.37941176470588234,40.717329,-73.989329,10002.0,General Academic,High school,Union Square - Lower East Side,10002
71M305,URBAN ASSEMBLY ACADEMY OF GOVERNMENT AND LAW  THE,living_environment,65.24166666666666,2.0,24.0,7.0,33.0,12.0,8.0,4.1,50.0,12.0,7.8,4.8,50.0,,,6.0,25.0,,,15.0,62.5,2019.7058823529412,66.41176470588235,35.735882352941175,64.26588235294118,21.105882352941176,1.8205882352941178,40.034705882352945,57.765882352941176,0.37941176470588234,40.717329,-73.989329,10002.0,General Academic,High school,Union Square - Lower East Side,10002
71M307,URBAN ASSEMBLY SCHOOL FOR MEDIA STUDIES  THE,common_core_algebra,60.10833333333333,3.0,30.0,15.0,48.0,11.0,9.5,7.900000000000001,36.66666667,19.0,5.6,3.9000000000000004,63.333333329999995,,,,,5.0,16.66666667,17.0,56.66666667,2019.8333333333333,98.94444444444444,47.242777777777775,52.757222222222225,13.419444444444444,0.2677777777777778,31.89,67.225,0.6177777777777778,40.774891,-73.985608,10023.0,General Academic,High school,Upper West Side,10023
71M307,URBAN ASSEMBLY SCHOOL FOR MEDIA STUDIES  THE,common_core_english,68.165,3.0,30.0,15.0,48.0,11.0,9.5,7.900000000000001,36.66666667,19.0,5.6,3.9000000000000004,63.333333329999995,,,,,5.0,16.66666667,17.0,56.66666667,2019.8333333333333,98.94444444444444,47.242777777777775,52.757222222222225,13.419444444444444,0.2677777777777778,31.89,67.225,0.6177777777777778,40.774891,-73.985608,10023.0,General Academic,High school,Upper West Side,10023
71M307,URBAN ASSEMBLY SCHOOL FOR MEDIA STUDIES  THE,living_environment,63.048333333333325,3.0,30.0,15.0,48.0,11.0,9.5,7.900000000000001,36.66666667,19.0,5.6,3.9000000000000004,63.333333329999995,,,,,5.0,16.66666667,17.0,56.66666667,2019.8333333333333,98.94444444444444,47.242777777777775,52.757222222222225,13.419444444444444,0.2677777777777778,31.89,67.225,0.6177777777777778,40.774891,-73.985608,10023.0,General Academic,High school,Upper West Side,10023
71M308,LOWER MANHATTAN ARTS ACADEMY,common_core_algebra,59.112,1.0,26.0,7.0,34.0,14.0,9.1,3.4,53.84615385,12.0,6.8,4.4,46.15384615,,,,,,,16.0,61.53846154,2019.8125,66.9375,41.24875,58.75125,20.46125,4.335625,32.955,62.708125,0.0,40.717329,-73.989329,10002.0,General Academic,High school,Union Square - Lower East Side,10002
71M308,LOWER MANHATTAN ARTS ACADEMY,common_core_english,71.50666666666666,1.0,26.0,7.0,34.0,14.0,9.1,3.4,53.84615385,12.0,6.8,4.4,46.15384615,,,,,,,16.0,61.53846154,2019.8125,66.9375,41.24875,58.75125,20.46125,4.335625,32.955,62.708125,0.0,40.717329,-73.989329,10002.0,General Academic,High school,Union Square - Lower East Side,10002
71M308,LOWER MANHATTAN ARTS ACADEMY,living_environment,65.102,1.0,26.0,7.0,34.0,14.0,9.1,3.4,53.84615385,12.0,6.8,4.4,46.15384615,,,,,,,16.0,61.53846154,2019.8125,66.9375,41.24875,58.75125,20.46125,4.335625,32.955,62.708125,0.0,40.717329,-73.989329,10002.0,General Academic,High school,Union Square - Lower East Side,10002
71M316,URBAN ASSEMBLY SCHOOL OF BUSINESS FOR YOUNG WOMEN,common_core_algebra,58.181666666666665,1.0,9.0,4.0,14.0,,,,,,,,,,,,,,,7.0,77.77777778,2019.3333333333333,45.333333333333336,53.75666666666667,46.24333333333333,12.759333333333332,0.46,56.922000000000004,42.61866666666666,0.0,40.705688,-74.013303,10004.0,General Academic,High school,Lower Manhattan,10004
71M316,URBAN ASSEMBLY SCHOOL OF BUSINESS FOR YOUNG WOMEN,common_core_english,71.342,1.0,9.0,4.0,14.0,,,,,,,,,,,,,,,7.0,77.77777778,2019.3333333333333,45.333333333333336,53.75666666666667,46.24333333333333,12.759333333333332,0.46,56.922000000000004,42.61866666666666,0.0,40.705688,-74.013303,10004.0,General Academic,High school,Lower Manhattan,10004
71M316,URBAN ASSEMBLY SCHOOL OF BUSINESS FOR YOUNG WOMEN,living_environment,57.73,1.0,9.0,4.0,14.0,,,,,,,,,,,,,,,7.0,77.77777778,2019.3333333333333,45.333333333333336,53.75666666666667,46.24333333333333,12.759333333333332,0.46,56.922000000000004,42.61866666666666,0.0,40.705688,-74.013303,10004.0,General Academic,High school,Lower Manhattan,10004
71M369,URBAN ASSEMBLY SCHOOL FOR THE PERFORMING ARTS,common_core_algebra,57.754999999999995,2.0,24.0,8.0,34.0,9.0,9.3,4.5,37.5,15.0,8.4,4.3,62.5,,,9.0,37.5,,,8.0,33.33333333,2019.8333333333333,77.05555555555556,57.75,42.25,9.326666666666666,0.0,71.47888888888889,28.52111111111111,0.0,40.815747,-73.95552,10027.0,General Academic,High school,Central Harlem - Morningside Heights,10027
71M369,URBAN ASSEMBLY SCHOOL FOR THE PERFORMING ARTS,common_core_english,66.04,2.0,24.0,8.0,34.0,9.0,9.3,4.5,37.5,15.0,8.4,4.3,62.5,,,9.0,37.5,,,8.0,33.33333333,2019.8333333333333,77.05555555555556,57.75,42.25,9.326666666666666,0.0,71.47888888888889,28.52111111111111,0.0,40.815747,-73.95552,10027.0,General Academic,High school,Central Harlem - Morningside Heights,10027
71M369,URBAN ASSEMBLY SCHOOL FOR THE PERFORMING ARTS,living_environment,57.89833333333333,2.0,24.0,8.0,34.0,9.0,9.3,4.5,37.5,15.0,8.4,4.3,62.5,,,9.0,37.5,,,8.0,33.33333333,2019.8333333333333,77.05555555555556,57.75,42.25,9.326666666666666,0.0,71.47888888888889,28.52111111111111,0.0,40.815747,-73.95552,10027.0,General Academic,High school,Central Harlem - Morningside Heights,10027
71M374,GRAMERCY ARTS HIGH SCHOOL,common_core_algebra,64.815,3.0,37.0,12.0,52.0,15.0,7.0,4.1,40.54054054,22.0,5.9,2.9,59.45945946,5.0,13.51351351,5.0,13.51351351,6.0,16.21621622,20.0,54.05405405,2019.8333333333333,107.61111111111111,33.132777777777775,66.86944444444445,24.870555555555555,1.248888888888889,36.75222222222222,56.714444444444446,5.2844444444444445,40.735361,-73.987064,10003.0,General Academic,High school,Union Square - Lower East Side,10003
71M374,GRAMERCY ARTS HIGH SCHOOL,common_core_english,77.01833333333333,3.0,37.0,12.0,52.0,15.0,7.0,4.1,40.54054054,22.0,5.9,2.9,59.45945946,5.0,13.51351351,5.0,13.51351351,6.0,16.21621622,20.0,54.05405405,2019.8333333333333,107.61111111111111,33.132777777777775,66.86944444444445,24.870555555555555,1.248888888888889,36.75222222222222,56.714444444444446,5.2844444444444445,40.735361,-73.987064,10003.0,General Academic,High school,Union Square - Lower East Side,10003
71M374,GRAMERCY ARTS HIGH SCHOOL,living_environment,66.56166666666667,3.0,37.0,12.0,52.0,15.0,7.0,4.1,40.54054054,22.0,5.9,2.9,59.45945946,5.0,13.51351351,5.0,13.51351351,6.0,16.21621622,20.0,54.05405405,2019.8333333333333,107.61111111111111,33.132777777777775,66.86944444444445,24.870555555555555,1.248888888888889,36.75222222222222,56.714444444444446,5.2844444444444445,40.735361,-73.987064,10003.0,General Academic,High school,Union Square - Lower East Side,10003
71M376,NYC ISCHOOL,common_core_algebra,78.452,2.0,37.0,8.0,47.0,15.0,8.9,5.5,40.54054054,22.0,9.2,5.2,59.45945946,,,,,9.0,24.32432432,21.0,56.75675676,2019.8235294117646,67.94117647058823,6.5194117647058825,93.48058823529412,64.82882352941176,5.685294117647059,13.395294117647058,30.61941176470588,50.29823529411765,40.72463,-74.005058,10013.0,General Academic,High school,Greenwich Village - SoHo,10013
71M376,NYC ISCHOOL,common_core_english,87.36166666666666,2.0,37.0,8.0,47.0,15.0,8.9,5.5,40.54054054,22.0,9.2,5.2,59.45945946,,,,,9.0,24.32432432,21.0,56.75675676,2019.8235294117646,67.94117647058823,6.5194117647058825,93.48058823529412,64.82882352941176,5.685294117647059,13.395294117647058,30.61941176470588,50.29823529411765,40.72463,-74.005058,10013.0,General Academic,High school,Greenwich Village - SoHo,10013
71M376,NYC ISCHOOL,living_environment,79.08333333333333,2.0,37.0,8.0,47.0,15.0,8.9,5.5,40.54054054,22.0,9.2,5.2,59.45945946,,,,,9.0,24.32432432,21.0,56.75675676,2019.8235294117646,67.94117647058823,6.5194117647058825,93.48058823529412,64.82882352941176,5.685294117647059,13.395294117647058,30.61941176470588,50.29823529411765,40.72463,-74.005058,10013.0,General Academic,High school,Greenwich Village - SoHo,10013
71M392,MANHATTAN BUSINESS ACADEMY,common_core_algebra,61.73,3.0,32.0,3.0,38.0,15.0,10.2,6.6,46.875,17.0,9.2,4.2,53.125,5.0,15.625,5.0,15.625,,,18.0,56.25,2019.6875,101.9375,38.06625,61.93875,19.455625,3.223125,27.54875,68.603125,0.62625,40.743407,-74.00254,10011.0,General Academic,High school,Chelsea - Clinton,10011
71M392,MANHATTAN BUSINESS ACADEMY,common_core_english,74.41,3.0,32.0,3.0,38.0,15.0,10.2,6.6,46.875,17.0,9.2,4.2,53.125,5.0,15.625,5.0,15.625,,,18.0,56.25,2019.6875,101.9375,38.06625,61.93875,19.455625,3.223125,27.54875,68.603125,0.62625,40.743407,-74.00254,10011.0,General Academic,High school,Chelsea - Clinton,10011
71M392,MANHATTAN BUSINESS ACADEMY,living_environment,65.414,3.0,32.0,3.0,38.0,15.0,10.2,6.6,46.875,17.0,9.2,4.2,53.125,5.0,15.625,5.0,15.625,,,18.0,56.25,2019.6875,101.9375,38.06625,61.93875,19.455625,3.223125,27.54875,68.603125,0.62625,40.743407,-74.00254,10011.0,General Academic,High school,Chelsea - Clinton,10011
71M393,BUSINESS OF SPORTS SCHOOL,common_core_algebra,58.82,3.0,37.0,6.0,46.0,16.0,9.5,5.2,43.24324324,21.0,10.9,5.4,56.75675676,,,12.0,32.43243243,9.0,24.32432432,13.0,35.13513514,2019.8235294117646,125.05882352941177,48.779411764705884,51.220588235294116,14.77764705882353,0.14294117647058824,33.21941176470588,66.31176470588235,0.32588235294117646,40.763655,-73.990318,10019.0,Career Technical,High school,Chelsea - Clinton,10019
71M393,BUSINESS OF SPORTS SCHOOL,common_core_english,71.22166666666668,3.0,37.0,6.0,46.0,16.0,9.5,5.2,43.24324324,21.0,10.9,5.4,56.75675676,,,12.0,32.43243243,9.0,24.32432432,13.0,35.13513514,2019.8235294117646,125.05882352941177,48.779411764705884,51.220588235294116,14.77764705882353,0.14294117647058824,33.21941176470588,66.31176470588235,0.32588235294117646,40.763655,-73.990318,10019.0,Career Technical,High school,Chelsea - Clinton,10019
71M393,BUSINESS OF SPORTS SCHOOL,living_environment,60.15,3.0,37.0,6.0,46.0,16.0,9.5,5.2,43.24324324,21.0,10.9,5.4,56.75675676,,,12.0,32.43243243,9.0,24.32432432,13.0,35.13513514,2019.8235294117646,125.05882352941177,48.779411764705884,51.220588235294116,14.77764705882353,0.14294117647058824,33.21941176470588,66.31176470588235,0.32588235294117646,40.763655,-73.990318,10019.0,Career Technical,High school,Chelsea - Clinton,10019
71M394,EMMA LAZARUS HIGH SCHOOL,common_core_algebra,77.00166666666667,3.0,18.0,6.0,27.0,5.0,12.1,7.5,27.77777778,13.0,9.2,4.5,72.22222222,,,,,,,10.0,55.55555556,2019.8333333333333,62.44444444444444,15.980555555555554,84.01944444444445,44.952777777777776,56.077777777777776,9.128888888888888,29.945,4.849444444444445,40.716231,-73.993607,10002.0,Transfer School,High school,Union Square - Lower East Side,10002
71M394,EMMA LAZARUS HIGH SCHOOL,common_core_english,75.11666666666667,3.0,18.0,6.0,27.0,5.0,12.1,7.5,27.77777778,13.0,9.2,4.5,72.22222222,,,,,,,10.0,55.55555556,2019.8333333333333,62.44444444444444,15.980555555555554,84.01944444444445,44.952777777777776,56.077777777777776,9.128888888888888,29.945,4.849444444444445,40.716231,-73.993607,10002.0,Transfer School,High school,Union Square - Lower East Side,10002
71M394,EMMA LAZARUS HIGH SCHOOL,living_environment,75.57000000000001,3.0,18.0,6.0,27.0,5.0,12.1,7.5,27.77777778,13.0,9.2,4.5,72.22222222,,,,,,,10.0,55.55555556,2019.8333333333333,62.44444444444444,15.980555555555554,84.01944444444445,44.952777777777776,56.077777777777776,9.128888888888888,29.945,4.849444444444445,40.716231,-73.993607,10002.0,Transfer School,High school,Union Square - Lower East Side,10002
71M399,THE HIGH SCHOOL FOR LANGUAGE AND DIPLOMACY,common_core_algebra,61.885,3.0,15.0,4.0,22.0,8.0,11.6,6.3,53.33333333,7.0,14.0,5.7,46.66666667,,,,,,,8.0,53.33333333,2019.5,64.4375,41.205625,58.795625,19.956875,15.838125,22.358125,61.80375,0.0,40.735361,-73.987064,10003.0,General Academic,High school,Union Square - Lower East Side,10003
71M399,THE HIGH SCHOOL FOR LANGUAGE AND DIPLOMACY,common_core_english,70.42999999999999,3.0,15.0,4.0,22.0,8.0,11.6,6.3,53.33333333,7.0,14.0,5.7,46.66666667,,,,,,,8.0,53.33333333,2019.5,64.4375,41.205625,58.795625,19.956875,15.838125,22.358125,61.80375,0.0,40.735361,-73.987064,10003.0,General Academic,High school,Union Square - Lower East Side,10003
71M399,THE HIGH SCHOOL FOR LANGUAGE AND DIPLOMACY,living_environment,63.660000000000004,3.0,15.0,4.0,22.0,8.0,11.6,6.3,53.33333333,7.0,14.0,5.7,46.66666667,,,,,,,8.0,53.33333333,2019.5,64.4375,41.205625,58.795625,19.956875,15.838125,22.358125,61.80375,0.0,40.735361,-73.987064,10003.0,General Academic,High school,Union Square - Lower East Side,10003
71M400,HIGH SCHOOL FOR ENVIRONMENTAL STUDIES,common_core_algebra,63.080000000000005,7.0,72.0,13.0,92.0,27.0,11.1,7.3999999999999995,37.5,45.0,10.1,5.6,62.5,10.0,13.888888889999999,7.0,9.722222222,13.0,18.05555556,39.0,54.16666666999999,2019.8947368421052,238.6315789473684,35.36684210526316,64.63315789473684,28.169473684210526,8.865263157894736,16.948421052631577,69.2878947368421,4.897368421052632,40.767848,-73.98861,10019.0,General Academic,High school,Chelsea - Clinton,10019
71M400,HIGH SCHOOL FOR ENVIRONMENTAL STUDIES,common_core_english,76.15285714285713,7.0,72.0,13.0,92.0,27.0,11.1,7.3999999999999995,37.5,45.0,10.1,5.6,62.5,10.0,13.888888889999999,7.0,9.722222222,13.0,18.05555556,39.0,54.16666666999999,2019.8947368421052,238.6315789473684,35.36684210526316,64.63315789473684,28.169473684210526,8.865263157894736,16.948421052631577,69.2878947368421,4.897368421052632,40.767848,-73.98861,10019.0,General Academic,High school,Chelsea - Clinton,10019
71M400,HIGH SCHOOL FOR ENVIRONMENTAL STUDIES,living_environment,64.81,7.0,72.0,13.0,92.0,27.0,11.1,7.3999999999999995,37.5,45.0,10.1,5.6,62.5,10.0,13.888888889999999,7.0,9.722222222,13.0,18.05555556,39.0,54.16666666999999,2019.8947368421052,238.6315789473684,35.36684210526316,64.63315789473684,28.169473684210526,8.865263157894736,16.948421052631577,69.2878947368421,4.897368421052632,40.767848,-73.98861,10019.0,General Academic,High school,Chelsea - Clinton,10019
71M402,THE URBAN ASSEMBLY SCHOOL FOR GREEN CAREERS,common_core_algebra,56.278333333333336,1.0,28.0,6.0,35.0,10.0,7.9,4.0,35.71428571,18.0,3.9,2.1,64.28571429,,,,,,,20.0,71.42857143,2019.7058823529412,88.94117647058823,57.728235294117646,42.271764705882354,11.110588235294117,0.0,26.845294117647057,71.05470588235295,2.099411764705882,40.786134,-73.974483,10024.0,Career Technical,High school,Upper West Side,10024
71M402,THE URBAN ASSEMBLY SCHOOL FOR GREEN CAREERS,common_core_english,67.686,1.0,28.0,6.0,35.0,10.0,7.9,4.0,35.71428571,18.0,3.9,2.1,64.28571429,,,,,,,20.0,71.42857143,2019.7058823529412,88.94117647058823,57.728235294117646,42.271764705882354,11.110588235294117,0.0,26.845294117647057,71.05470588235295,2.099411764705882,40.786134,-73.974483,10024.0,Career Technical,High school,Upper West Side,10024
71M402,THE URBAN ASSEMBLY SCHOOL FOR GREEN CAREERS,living_environment,59.05666666666667,1.0,28.0,6.0,35.0,10.0,7.9,4.0,35.71428571,18.0,3.9,2.1,64.28571429,,,,,,,20.0,71.42857143,2019.7058823529412,88.94117647058823,57.728235294117646,42.271764705882354,11.110588235294117,0.0,26.845294117647057,71.05470588235295,2.099411764705882,40.786134,-73.974483,10024.0,Career Technical,High school,Upper West Side,10024
71M403,THE GLOBAL LEARNING COLLABORATIVE,common_core_algebra,59.73666666666666,3.0,34.0,7.0,44.0,16.0,9.4,5.9,47.05882353,18.0,13.7,5.5,52.94117647,5.0,14.70588235,,,5.0,14.70588235,19.0,55.88235294,2019.8333333333333,114.11111111111111,46.39611111111111,53.60611111111111,14.28111111111111,0.0,25.079444444444444,72.09611111111111,2.8244444444444445,40.786134,-73.974483,10024.0,General Academic,High school,Upper West Side,10024
71M403,THE GLOBAL LEARNING COLLABORATIVE,common_core_english,67.155,3.0,34.0,7.0,44.0,16.0,9.4,5.9,47.05882353,18.0,13.7,5.5,52.94117647,5.0,14.70588235,,,5.0,14.70588235,19.0,55.88235294,2019.8333333333333,114.11111111111111,46.39611111111111,53.60611111111111,14.28111111111111,0.0,25.079444444444444,72.09611111111111,2.8244444444444445,40.786134,-73.974483,10024.0,General Academic,High school,Upper West Side,10024
71M403,THE GLOBAL LEARNING COLLABORATIVE,living_environment,62.26166666666666,3.0,34.0,7.0,44.0,16.0,9.4,5.9,47.05882353,18.0,13.7,5.5,52.94117647,5.0,14.70588235,,,5.0,14.70588235,19.0,55.88235294,2019.8333333333333,114.11111111111111,46.39611111111111,53.60611111111111,14.28111111111111,0.0,25.079444444444444,72.09611111111111,2.8244444444444445,40.786134,-73.974483,10024.0,General Academic,High school,Upper West Side,10024
71M404,INNOVATION DIPLOMA PLUS,common_core_algebra,57.342,2.0,12.0,2.0,16.0,5.0,8.1,3.9,41.66666667,7.0,14.1,9.5,58.33333333,,,,,,,7.0,58.33333333,2019.5625,34.0,55.54125,44.460625,8.021875,0.0,11.73375,88.26625,0.0,40.786134,-73.974483,10024.0,Transfer School,High school,Upper West Side,10024
71M404,INNOVATION DIPLOMA PLUS,common_core_english,62.29,2.0,12.0,2.0,16.0,5.0,8.1,3.9,41.66666667,7.0,14.1,9.5,58.33333333,,,,,,,7.0,58.33333333,2019.5625,34.0,55.54125,44.460625,8.021875,0.0,11.73375,88.26625,0.0,40.786134,-73.974483,10024.0,Transfer School,High school,Upper West Side,10024
71M404,INNOVATION DIPLOMA PLUS,living_environment,59.324,2.0,12.0,2.0,16.0,5.0,8.1,3.9,41.66666667,7.0,14.1,9.5,58.33333333,,,,,,,7.0,58.33333333,2019.5625,34.0,55.54125,44.460625,8.021875,0.0,11.73375,88.26625,0.0,40.786134,-73.974483,10024.0,Transfer School,High school,Upper West Side,10024
71M408,PROFESSIONAL PERFORMING ARTS HIGH SCHOOL,common_core_algebra,71.43166666666666,2.0,32.0,4.0,38.0,12.0,15.1,11.0,37.5,20.0,10.0,6.3,62.5,,,5.0,15.625,,,23.0,71.875,2019.8125,82.375,13.311875,86.68875,50.705,1.5106249999999999,22.634375,28.07375,47.781875,40.761327,-73.988665,10036.0,General Academic,High school,Chelsea - Clinton,10036
71M408,PROFESSIONAL PERFORMING ARTS HIGH SCHOOL,common_core_english,84.80799999999999,2.0,32.0,4.0,38.0,12.0,15.1,11.0,37.5,20.0,10.0,6.3,62.5,,,5.0,15.625,,,23.0,71.875,2019.8125,82.375,13.311875,86.68875,50.705,1.5106249999999999,22.634375,28.07375,47.781875,40.761327,-73.988665,10036.0,General Academic,High school,Chelsea - Clinton,10036
71M408,PROFESSIONAL PERFORMING ARTS HIGH SCHOOL,living_environment,78.67,2.0,32.0,4.0,38.0,12.0,15.1,11.0,37.5,20.0,10.0,6.3,62.5,,,5.0,15.625,,,23.0,71.875,2019.8125,82.375,13.311875,86.68875,50.705,1.5106249999999999,22.634375,28.07375,47.781875,40.761327,-73.988665,10036.0,General Academic,High school,Chelsea - Clinton,10036
71M411,BARUCH COLLEGE CAMPUS HIGH SCHOOL,common_core_algebra,78.7675,3.0,30.0,6.0,39.0,8.0,10.7,7.5,26.66666667,22.0,7.7,3.9,73.33333333,,,,,,,21.0,70.0,2019.7142857142858,96.5,4.196428571428571,95.80357142857143,78.34642857142856,36.29714285714285,3.1557142857142857,22.53642857142857,38.01142857142857,40.741888,-73.985723,10010.0,General Academic,High school,Gramercy Park - Murray Hill,10010
71M411,BARUCH COLLEGE CAMPUS HIGH SCHOOL,common_core_english,89.41166666666668,3.0,30.0,6.0,39.0,8.0,10.7,7.5,26.66666667,22.0,7.7,3.9,73.33333333,,,,,,,21.0,70.0,2019.7142857142858,96.5,4.196428571428571,95.80357142857143,78.34642857142856,36.29714285714285,3.1557142857142857,22.53642857142857,38.01142857142857,40.741888,-73.985723,10010.0,General Academic,High school,Gramercy Park - Murray Hill,10010
71M411,BARUCH COLLEGE CAMPUS HIGH SCHOOL,living_environment,84.98,3.0,30.0,6.0,39.0,8.0,10.7,7.5,26.66666667,22.0,7.7,3.9,73.33333333,,,,,,,21.0,70.0,2019.7142857142858,96.5,4.196428571428571,95.80357142857143,78.34642857142856,36.29714285714285,3.1557142857142857,22.53642857142857,38.01142857142857,40.741888,-73.985723,10010.0,General Academic,High school,Gramercy Park - Murray Hill,10010
71M414,N.Y.C. MUSEUM SCHOOL,common_core_algebra,75.962,3.0,32.0,8.0,43.0,11.0,13.5,5.6,34.375,21.0,13.4,5.3,65.625,,,,,6.0,18.75,17.0,53.125,2019.875,78.125,9.2025,90.7975,63.741875,27.10625,5.8275,35.26625,31.800625,40.742512,-74.002222,10011.0,General Academic,High school,Chelsea - Clinton,10011
71M414,N.Y.C. MUSEUM SCHOOL,common_core_english,87.235,3.0,32.0,8.0,43.0,11.0,13.5,5.6,34.375,21.0,13.4,5.3,65.625,,,,,6.0,18.75,17.0,53.125,2019.875,78.125,9.2025,90.7975,63.741875,27.10625,5.8275,35.26625,31.800625,40.742512,-74.002222,10011.0,General Academic,High school,Chelsea - Clinton,10011
71M414,N.Y.C. MUSEUM SCHOOL,living_environment,78.53,3.0,32.0,8.0,43.0,11.0,13.5,5.6,34.375,21.0,13.4,5.3,65.625,,,,,6.0,18.75,17.0,53.125,2019.875,78.125,9.2025,90.7975,63.741875,27.10625,5.8275,35.26625,31.800625,40.742512,-74.002222,10011.0,General Academic,High school,Chelsea - Clinton,10011
71M416,ELEANOR ROOSEVELT HIGH SCHOOL,common_core_algebra,82.8,2.0,34.0,5.0,41.0,16.0,13.0,9.7,47.05882353,18.0,10.9,7.3,52.94117647,6.0,17.64705882,,,,,25.0,73.52941176,2019.8235294117646,92.58823529411765,1.3288235294117647,98.67176470588235,83.87,17.138823529411766,1.2935294117647058,15.323529411764707,66.24235294117646,40.770288,-73.953276,10021.0,General Academic,High school,Upper East Side,10021
71M416,ELEANOR ROOSEVELT HIGH SCHOOL,common_core_english,92.03666666666668,2.0,34.0,5.0,41.0,16.0,13.0,9.7,47.05882353,18.0,10.9,7.3,52.94117647,6.0,17.64705882,,,,,25.0,73.52941176,2019.8235294117646,92.58823529411765,1.3288235294117647,98.67176470588235,83.87,17.138823529411766,1.2935294117647058,15.323529411764707,66.24235294117646,40.770288,-73.953276,10021.0,General Academic,High school,Upper East Side,10021
71M416,ELEANOR ROOSEVELT HIGH SCHOOL,living_environment,87.372,2.0,34.0,5.0,41.0,16.0,13.0,9.7,47.05882353,18.0,10.9,7.3,52.94117647,6.0,17.64705882,,,,,25.0,73.52941176,2019.8235294117646,92.58823529411765,1.3288235294117647,98.67176470588235,83.87,17.138823529411766,1.2935294117647058,15.323529411764707,66.24235294117646,40.770288,-73.953276,10021.0,General Academic,High school,Upper East Side,10021
71M417,FRANK MCCOURT HIGH SCHOOL,common_core_algebra,66.81,2.0,31.0,6.0,39.0,11.0,5.2,1.8,35.48387097,20.0,8.8,4.9,64.51612903,,,5.0,16.12903226,6.0,19.35483871,18.0,58.06451613,2019.6875,89.875,24.488125,75.511875,34.186875,1.1925,13.476875,56.056875,29.274375,40.786134,-73.974483,10024.0,General Academic,High school,Upper West Side,10024
71M417,FRANK MCCOURT HIGH SCHOOL,common_core_english,79.782,2.0,31.0,6.0,39.0,11.0,5.2,1.8,35.48387097,20.0,8.8,4.9,64.51612903,,,5.0,16.12903226,6.0,19.35483871,18.0,58.06451613,2019.6875,89.875,24.488125,75.511875,34.186875,1.1925,13.476875,56.056875,29.274375,40.786134,-73.974483,10024.0,General Academic,High school,Upper West Side,10024
71M417,FRANK MCCOURT HIGH SCHOOL,living_environment,71.434,2.0,31.0,6.0,39.0,11.0,5.2,1.8,35.48387097,20.0,8.8,4.9,64.51612903,,,5.0,16.12903226,6.0,19.35483871,18.0,58.06451613,2019.6875,89.875,24.488125,75.511875,34.186875,1.1925,13.476875,56.056875,29.274375,40.786134,-73.974483,10024.0,General Academic,High school,Upper West Side,10024
71M419,LANDMARK HIGH SCHOOL,common_core_english,71.035,3.0,32.0,10.0,45.0,12.0,8.9,6.5,37.5,20.0,7.3,4.8,62.5,,,,,,,19.0,59.375,2019.8333333333333,91.0,24.863333333333333,75.13666666666667,32.67166666666667,1.1500000000000001,35.38166666666667,63.468333333333334,0.0,40.743407,-74.00254,10011.0,General Academic,High school,Chelsea - Clinton,10011
71M420,HIGH SCHOOL FOR HEALTH PROFESSIONS AND HUMAN SERVI,common_core_algebra,66.63833333333334,10.0,97.0,20.0,127.0,43.0,12.4,9.6,44.32989691,54.0,11.6,9.1,55.67010309,18.0,18.55670103,10.0,10.30927835,11.0,11.34020619,54.0,55.67010309,2019.7058823529412,338.0,29.46588235294118,70.53529411764706,37.25941176470588,19.27529411764706,16.299411764705884,60.00764705882353,4.416470588235294,40.732665,-73.98259,10003.0,General Academic,High school,Union Square - Lower East Side,10003
71M420,HIGH SCHOOL FOR HEALTH PROFESSIONS AND HUMAN SERVI,common_core_english,81.828,10.0,97.0,20.0,127.0,43.0,12.4,9.6,44.32989691,54.0,11.6,9.1,55.67010309,18.0,18.55670103,10.0,10.30927835,11.0,11.34020619,54.0,55.67010309,2019.7058823529412,338.0,29.46588235294118,70.53529411764706,37.25941176470588,19.27529411764706,16.299411764705884,60.00764705882353,4.416470588235294,40.732665,-73.98259,10003.0,General Academic,High school,Union Square - Lower East Side,10003
71M420,HIGH SCHOOL FOR HEALTH PROFESSIONS AND HUMAN SERVI,living_environment,68.89666666666666,10.0,97.0,20.0,127.0,43.0,12.4,9.6,44.32989691,54.0,11.6,9.1,55.67010309,18.0,18.55670103,10.0,10.30927835,11.0,11.34020619,54.0,55.67010309,2019.7058823529412,338.0,29.46588235294118,70.53529411764706,37.25941176470588,19.27529411764706,16.299411764705884,60.00764705882353,4.416470588235294,40.732665,-73.98259,10003.0,General Academic,High school,Union Square - Lower East Side,10003
71M423,HIGH SCHOOL FOR EXCELLENCE AND INNOVATION,common_core_algebra,56.5,2.0,15.0,3.0,20.0,9.0,8.6,4.6,60.0,6.0,16.4,5.8,40.0,,,,,,,7.0,46.66666667,2019.2727272727273,53.72727272727273,63.723636363636366,36.27636363636364,6.758181818181819,0.0,2.7618181818181817,97.23818181818181,0.0,40.865556,-73.925464,10034.0,Transfer School,High school,Washington Heights - Inwood,10034
71M423,HIGH SCHOOL FOR EXCELLENCE AND INNOVATION,common_core_english,52.66833333333333,2.0,15.0,3.0,20.0,9.0,8.6,4.6,60.0,6.0,16.4,5.8,40.0,,,,,,,7.0,46.66666667,2019.2727272727273,53.72727272727273,63.723636363636366,36.27636363636364,6.758181818181819,0.0,2.7618181818181817,97.23818181818181,0.0,40.865556,-73.925464,10034.0,Transfer School,High school,Washington Heights - Inwood,10034
71M423,HIGH SCHOOL FOR EXCELLENCE AND INNOVATION,living_environment,58.19,2.0,15.0,3.0,20.0,9.0,8.6,4.6,60.0,6.0,16.4,5.8,40.0,,,,,,,7.0,46.66666667,2019.2727272727273,53.72727272727273,63.723636363636366,36.27636363636364,6.758181818181819,0.0,2.7618181818181817,97.23818181818181,0.0,40.865556,-73.925464,10034.0,Transfer School,High school,Washington Heights - Inwood,10034
71M425,LEADERSHIP AND PUBLIC SERVICE HIGH SCHOOL,common_core_algebra,60.281666666666666,2.0,20.0,6.0,28.0,9.0,11.5,5.3,45.0,11.0,12.1,8.7,55.0,,,,,7.0,35.0,7.0,35.0,2019.8333333333333,99.33333333333333,41.90166666666667,58.09833333333333,18.817777777777778,6.918888888888889,24.76,68.32277777777777,0.0,40.708971,-74.012465,10006.0,General Academic,High school,Lower Manhattan,10006
71M425,LEADERSHIP AND PUBLIC SERVICE HIGH SCHOOL,common_core_english,69.045,2.0,20.0,6.0,28.0,9.0,11.5,5.3,45.0,11.0,12.1,8.7,55.0,,,,,7.0,35.0,7.0,35.0,2019.8333333333333,99.33333333333333,41.90166666666667,58.09833333333333,18.817777777777778,6.918888888888889,24.76,68.32277777777777,0.0,40.708971,-74.012465,10006.0,General Academic,High school,Lower Manhattan,10006
71M425,LEADERSHIP AND PUBLIC SERVICE HIGH SCHOOL,living_environment,66.69666666666667,2.0,20.0,6.0,28.0,9.0,11.5,5.3,45.0,11.0,12.1,8.7,55.0,,,,,7.0,35.0,7.0,35.0,2019.8333333333333,99.33333333333333,41.90166666666667,58.09833333333333,18.817777777777778,6.918888888888889,24.76,68.32277777777777,0.0,40.708971,-74.012465,10006.0,General Academic,High school,Lower Manhattan,10006
71M427,MANHATTAN ACADEMY FOR ARTS & LANGUAGE,common_core_algebra,58.574999999999996,3.0,15.0,4.0,22.0,5.0,11.6,8.4,33.33333333,10.0,9.9,6.5,66.66666667,,,,,6.0,40.0,5.0,33.33333333,2019.8235294117646,72.3529411764706,48.888823529411766,51.111176470588234,9.950000000000001,0.0,0.30941176470588233,99.69058823529411,0.0,40.74651,-73.98107,10016.0,General Academic,High school,Gramercy Park - Murray Hill,10016
71M427,MANHATTAN ACADEMY FOR ARTS & LANGUAGE,common_core_english,63.13333333333333,3.0,15.0,4.0,22.0,5.0,11.6,8.4,33.33333333,10.0,9.9,6.5,66.66666667,,,,,6.0,40.0,5.0,33.33333333,2019.8235294117646,72.3529411764706,48.888823529411766,51.111176470588234,9.950000000000001,0.0,0.30941176470588233,99.69058823529411,0.0,40.74651,-73.98107,10016.0,General Academic,High school,Gramercy Park - Murray Hill,10016
71M427,MANHATTAN ACADEMY FOR ARTS & LANGUAGE,living_environment,64.72,3.0,15.0,4.0,22.0,5.0,11.6,8.4,33.33333333,10.0,9.9,6.5,66.66666667,,,,,6.0,40.0,5.0,33.33333333,2019.8235294117646,72.3529411764706,48.888823529411766,51.111176470588234,9.950000000000001,0.0,0.30941176470588233,99.69058823529411,0.0,40.74651,-73.98107,10016.0,General Academic,High school,Gramercy Park - Murray Hill,10016
71M432,MURRAY HILL ACADEMY,common_core_algebra,66.78833333333334,2.0,20.0,7.0,29.0,8.0,12.3,6.6,40.0,12.0,11.9,6.6,60.0,,,,,,,12.0,60.0,2019.8125,59.875,30.62,69.38,21.619375,4.825,36.056875,56.576875,2.54125,40.74651,-73.98107,10016.0,Transfer School,High school,Gramercy Park - Murray Hill,10016
71M432,MURRAY HILL ACADEMY,common_core_english,70.99600000000001,2.0,20.0,7.0,29.0,8.0,12.3,6.6,40.0,12.0,11.9,6.6,60.0,,,,,,,12.0,60.0,2019.8125,59.875,30.62,69.38,21.619375,4.825,36.056875,56.576875,2.54125,40.74651,-73.98107,10016.0,Transfer School,High school,Gramercy Park - Murray Hill,10016
71M432,MURRAY HILL ACADEMY,living_environment,68.97999999999999,2.0,20.0,7.0,29.0,8.0,12.3,6.6,40.0,12.0,11.9,6.6,60.0,,,,,,,12.0,60.0,2019.8125,59.875,30.62,69.38,21.619375,4.825,36.056875,56.576875,2.54125,40.74651,-73.98107,10016.0,Transfer School,High school,Gramercy Park - Murray Hill,10016
71M435,MANHATTAN CENTER FOR SCIENCE AND MATHEMATICS,common_core_algebra,77.12,8.0,88.0,14.0,110.0,30.0,12.5,9.8,34.09090909,58.0,7.199999999999999,5.4,65.90909091,13.0,14.772727269999999,5.0,5.681818182,31.0,35.22727273,39.0,44.31818182,2019.8333333333333,276.5,16.923333333333332,83.07666666666667,58.818333333333335,19.27111111111111,18.443333333333335,58.39777777777778,3.8866666666666663,40.794184,-73.932868,10029.0,General Academic,High school,East Harlem,10029
71M435,MANHATTAN CENTER FOR SCIENCE AND MATHEMATICS,common_core_english,82.07666666666667,8.0,88.0,14.0,110.0,30.0,12.5,9.8,34.09090909,58.0,7.199999999999999,5.4,65.90909091,13.0,14.772727269999999,5.0,5.681818182,31.0,35.22727273,39.0,44.31818182,2019.8333333333333,276.5,16.923333333333332,83.07666666666667,58.818333333333335,19.27111111111111,18.443333333333335,58.39777777777778,3.8866666666666663,40.794184,-73.932868,10029.0,General Academic,High school,East Harlem,10029
71M435,MANHATTAN CENTER FOR SCIENCE AND MATHEMATICS,living_environment,75.06333333333333,8.0,88.0,14.0,110.0,30.0,12.5,9.8,34.09090909,58.0,7.199999999999999,5.4,65.90909091,13.0,14.772727269999999,5.0,5.681818182,31.0,35.22727273,39.0,44.31818182,2019.8333333333333,276.5,16.923333333333332,83.07666666666667,58.818333333333335,19.27111111111111,18.443333333333335,58.39777777777778,3.8866666666666663,40.794184,-73.932868,10029.0,General Academic,High school,East Harlem,10029
71M437,HUDSON HIGH SCHOOL OF LEARNING TECHNOLOGIES,common_core_algebra,58.435,3.0,18.0,8.0,29.0,8.0,14.899999999999999,4.8,44.44444444,10.0,7.400000000000001,1.7,55.55555556,,,,,,,10.0,55.55555556,2019.8333333333333,97.72222222222223,48.25277777777778,51.74722222222223,14.879444444444443,2.7283333333333335,25.632777777777775,71.47222222222223,0.16833333333333333,40.743407,-74.00254,10011.0,General Academic,High school,Chelsea - Clinton,10011
71M437,HUDSON HIGH SCHOOL OF LEARNING TECHNOLOGIES,common_core_english,69.27666666666666,3.0,18.0,8.0,29.0,8.0,14.899999999999999,4.8,44.44444444,10.0,7.400000000000001,1.7,55.55555556,,,,,,,10.0,55.55555556,2019.8333333333333,97.72222222222223,48.25277777777778,51.74722222222223,14.879444444444443,2.7283333333333335,25.632777777777775,71.47222222222223,0.16833333333333333,40.743407,-74.00254,10011.0,General Academic,High school,Chelsea - Clinton,10011
71M437,HUDSON HIGH SCHOOL OF LEARNING TECHNOLOGIES,living_environment,62.76333333333333,3.0,18.0,8.0,29.0,8.0,14.899999999999999,4.8,44.44444444,10.0,7.400000000000001,1.7,55.55555556,,,,,,,10.0,55.55555556,2019.8333333333333,97.72222222222223,48.25277777777778,51.74722222222223,14.879444444444443,2.7283333333333335,25.632777777777775,71.47222222222223,0.16833333333333333,40.743407,-74.00254,10011.0,General Academic,High school,Chelsea - Clinton,10011
71M448,UNIVERSITY NEIGHBORHOOD HIGH SCHOOL,common_core_algebra,69.255,3.0,39.0,11.0,53.0,18.0,4.8,2.8,46.15384615,21.0,8.8,5.8,53.84615385,7.0,17.94871795,,,6.0,15.384615380000001,21.0,53.84615385,2019.8333333333333,111.77777777777777,30.94777777777778,69.05222222222223,31.464444444444446,36.638888888888886,12.965,49.830555555555556,0.5655555555555556,40.712269,-73.984128,10002.0,General Academic,High school,Union Square - Lower East Side,10002
71M448,UNIVERSITY NEIGHBORHOOD HIGH SCHOOL,common_core_english,69.62833333333333,3.0,39.0,11.0,53.0,18.0,4.8,2.8,46.15384615,21.0,8.8,5.8,53.84615385,7.0,17.94871795,,,6.0,15.384615380000001,21.0,53.84615385,2019.8333333333333,111.77777777777777,30.94777777777778,69.05222222222223,31.464444444444446,36.638888888888886,12.965,49.830555555555556,0.5655555555555556,40.712269,-73.984128,10002.0,General Academic,High school,Union Square - Lower East Side,10002
71M448,UNIVERSITY NEIGHBORHOOD HIGH SCHOOL,living_environment,69.61333333333333,3.0,39.0,11.0,53.0,18.0,4.8,2.8,46.15384615,21.0,8.8,5.8,53.84615385,7.0,17.94871795,,,6.0,15.384615380000001,21.0,53.84615385,2019.8333333333333,111.77777777777777,30.94777777777778,69.05222222222223,31.464444444444446,36.638888888888886,12.965,49.830555555555556,0.5655555555555556,40.712269,-73.984128,10002.0,General Academic,High school,Union Square - Lower East Side,10002
71M449,VANGUARD HIGH SCHOOL,common_core_english,71.035,2.0,33.0,7.0,42.0,9.0,9.9,8.7,27.27272727,24.0,10.5,6.2,72.72727273,5.0,15.15151515,6.0,18.18181818,7.0,21.21212121,13.0,39.39393939,2019.8333333333333,91.0,24.863333333333333,75.13666666666667,32.67166666666667,1.1500000000000001,35.38166666666667,63.468333333333334,0.0,40.743407,-74.00254,10011.0,General Academic,High school,Chelsea - Clinton,10011
71M450,EAST SIDE COMMUNITY SCHOOL,common_core_english,79.34333333333333,4.0,64.0,16.0,84.0,15.0,11.1,7.599999999999999,23.4375,49.0,10.699999999999998,7.599999999999999,76.5625,,,11.0,17.1875,21.0,32.8125,26.0,40.625,2019.8333333333333,84.0,10.641666666666667,89.35833333333333,59.60166666666667,5.801666666666667,16.94666666666667,67.65166666666666,9.6,40.729152,-73.982472,10009.0,General Academic,High school,Union Square - Lower East Side,10009
71M459,MANHATTAN INTERNATIONAL HIGH SCHOOL,common_core_english,66.0,3.0,23.0,7.0,33.0,8.0,6.3,4.8,34.7826087,15.0,9.9,7.599999999999999,65.2173913,7.0,30.43478261,,,,,7.0,30.43478261,2019.8333333333333,92.83333333333333,35.803333333333335,64.19666666666667,25.968333333333334,18.05333333333333,13.575000000000001,51.06333333333333,17.311666666666667,40.765638,-73.959777,10065.0,General Academic,High school,Upper East Side,10065
71M462,THE COLLEGE ACADEMY,common_core_algebra,62.74333333333333,4.0,28.0,13.0,45.0,14.0,12.3,9.6,50.0,14.0,6.9,4.4,50.0,,,,,19.0,67.85714286,6.0,21.42857143,2019.8125,138.0625,55.065,44.935625,9.640625,0.0,4.61125,95.38875,0.0,40.856532,-73.92606,10040.0,General Academic,High school,Washington Heights - Inwood,10040
71M462,THE COLLEGE ACADEMY,common_core_english,54.48199999999999,4.0,28.0,13.0,45.0,14.0,12.3,9.6,50.0,14.0,6.9,4.4,50.0,,,,,19.0,67.85714286,6.0,21.42857143,2019.8125,138.0625,55.065,44.935625,9.640625,0.0,4.61125,95.38875,0.0,40.856532,-73.92606,10040.0,General Academic,High school,Washington Heights - Inwood,10040
71M462,THE COLLEGE ACADEMY,living_environment,57.688,4.0,28.0,13.0,45.0,14.0,12.3,9.6,50.0,14.0,6.9,4.4,50.0,,,,,19.0,67.85714286,6.0,21.42857143,2019.8125,138.0625,55.065,44.935625,9.640625,0.0,4.61125,95.38875,0.0,40.856532,-73.92606,10040.0,General Academic,High school,Washington Heights - Inwood,10040
71M463,HIGH SCHOOL FOR MEDIA AND COMMUNICATIONS,common_core_algebra,58.72833333333333,3.0,28.0,7.0,38.0,11.0,12.4,9.1,39.28571429,17.0,7.1,4.8,60.71428571,,,,,18.0,64.28571429,5.0,17.85714286,2019.8333333333333,150.22222222222223,61.40222222222222,38.59833333333333,6.057222222222222,0.0,5.443888888888889,94.55611111111111,0.0,40.856532,-73.92606,10040.0,General Academic,High school,Washington Heights - Inwood,10040
71M463,HIGH SCHOOL FOR MEDIA AND COMMUNICATIONS,common_core_english,54.413333333333334,3.0,28.0,7.0,38.0,11.0,12.4,9.1,39.28571429,17.0,7.1,4.8,60.71428571,,,,,18.0,64.28571429,5.0,17.85714286,2019.8333333333333,150.22222222222223,61.40222222222222,38.59833333333333,6.057222222222222,0.0,5.443888888888889,94.55611111111111,0.0,40.856532,-73.92606,10040.0,General Academic,High school,Washington Heights - Inwood,10040
71M463,HIGH SCHOOL FOR MEDIA AND COMMUNICATIONS,living_environment,55.74333333333334,3.0,28.0,7.0,38.0,11.0,12.4,9.1,39.28571429,17.0,7.1,4.8,60.71428571,,,,,18.0,64.28571429,5.0,17.85714286,2019.8333333333333,150.22222222222223,61.40222222222222,38.59833333333333,6.057222222222222,0.0,5.443888888888889,94.55611111111111,0.0,40.856532,-73.92606,10040.0,General Academic,High school,Washington Heights - Inwood,10040
71M467,HIGH SCHOOL FOR LAW AND PUBLIC SERVICE,common_core_algebra,56.01666666666667,4.0,37.0,15.0,56.0,11.0,8.5,7.300000000000001,29.72972973,26.0,11.5,9.1,70.27027027,,,,,18.0,48.64864865,14.0,37.83783784,2019.8333333333333,144.38888888888889,58.221111111111114,41.778888888888886,9.260555555555555,0.0,8.972222222222221,91.02777777777777,0.0,40.856532,-73.92606,10040.0,General Academic,High school,Washington Heights - Inwood,10040
71M467,HIGH SCHOOL FOR LAW AND PUBLIC SERVICE,common_core_english,59.38833333333333,4.0,37.0,15.0,56.0,11.0,8.5,7.300000000000001,29.72972973,26.0,11.5,9.1,70.27027027,,,,,18.0,48.64864865,14.0,37.83783784,2019.8333333333333,144.38888888888889,58.221111111111114,41.778888888888886,9.260555555555555,0.0,8.972222222222221,91.02777777777777,0.0,40.856532,-73.92606,10040.0,General Academic,High school,Washington Heights - Inwood,10040
71M467,HIGH SCHOOL FOR LAW AND PUBLIC SERVICE,living_environment,58.42666666666667,4.0,37.0,15.0,56.0,11.0,8.5,7.300000000000001,29.72972973,26.0,11.5,9.1,70.27027027,,,,,18.0,48.64864865,14.0,37.83783784,2019.8333333333333,144.38888888888889,58.221111111111114,41.778888888888886,9.260555555555555,0.0,8.972222222222221,91.02777777777777,0.0,40.856532,-73.92606,10040.0,General Academic,High school,Washington Heights - Inwood,10040
71M468,HIGH SCHOOL FOR HEALTH CAREERS AND SCIENCES,common_core_algebra,56.635,4.0,29.0,10.0,43.0,13.0,13.3,8.5,44.82758621,16.0,11.5,6.8,55.17241379,,,6.0,20.68965517,11.0,37.93103448,11.0,37.93103448,2019.8333333333333,114.77777777777777,55.68222222222222,44.31777777777778,10.36111111111111,0.0,11.429444444444444,88.57055555555556,0.0,40.856532,-73.92606,10040.0,General Academic,High school,Washington Heights - Inwood,10040
71M468,HIGH SCHOOL FOR HEALTH CAREERS AND SCIENCES,common_core_english,63.03333333333333,4.0,29.0,10.0,43.0,13.0,13.3,8.5,44.82758621,16.0,11.5,6.8,55.17241379,,,6.0,20.68965517,11.0,37.93103448,11.0,37.93103448,2019.8333333333333,114.77777777777777,55.68222222222222,44.31777777777778,10.36111111111111,0.0,11.429444444444444,88.57055555555556,0.0,40.856532,-73.92606,10040.0,General Academic,High school,Washington Heights - Inwood,10040
71M468,HIGH SCHOOL FOR HEALTH CAREERS AND SCIENCES,living_environment,59.405,4.0,29.0,10.0,43.0,13.0,13.3,8.5,44.82758621,16.0,11.5,6.8,55.17241379,,,6.0,20.68965517,11.0,37.93103448,11.0,37.93103448,2019.8333333333333,114.77777777777777,55.68222222222222,44.31777777777778,10.36111111111111,0.0,11.429444444444444,88.57055555555556,0.0,40.856532,-73.92606,10040.0,General Academic,High school,Washington Heights - Inwood,10040
71M475,STUYVESANT HIGH SCHOOL,common_core_algebra,91.07000000000001,11.0,154.0,32.0,197.0,76.0,16.2,11.5,49.35064935,78.0,15.5,11.3,50.64935065,30.0,19.48051948,6.0,3.8961038960000005,15.0,9.74025974,99.0,64.28571429,2019.8823529411766,359.88235294117646,0.06352941176470589,99.9364705882353,98.81411764705882,74.64470588235294,1.3541176470588234,1.6929411764705884,22.30764705882353,40.718025,-74.013921,10282.0,General Academic,High school,Lower Manhattan,10282
71M475,STUYVESANT HIGH SCHOOL,common_core_english,94.352,11.0,154.0,32.0,197.0,76.0,16.2,11.5,49.35064935,78.0,15.5,11.3,50.64935065,30.0,19.48051948,6.0,3.8961038960000005,15.0,9.74025974,99.0,64.28571429,2019.8823529411766,359.88235294117646,0.06352941176470589,99.9364705882353,98.81411764705882,74.64470588235294,1.3541176470588234,1.6929411764705884,22.30764705882353,40.718025,-74.013921,10282.0,General Academic,High school,Lower Manhattan,10282
71M475,STUYVESANT HIGH SCHOOL,living_environment,93.272,11.0,154.0,32.0,197.0,76.0,16.2,11.5,49.35064935,78.0,15.5,11.3,50.64935065,30.0,19.48051948,6.0,3.8961038960000005,15.0,9.74025974,99.0,64.28571429,2019.8823529411766,359.88235294117646,0.06352941176470589,99.9364705882353,98.81411764705882,74.64470588235294,1.3541176470588234,1.6929411764705884,22.30764705882353,40.718025,-74.013921,10282.0,General Academic,High school,Lower Manhattan,10282
71M479,BEACON HIGH SCHOOL,common_core_algebra,64.66166666666668,4.0,84.0,15.0,103.0,36.0,13.6,8.5,42.85714286,48.0,11.6,5.5,57.14285714,7.0,8.333333333,11.0,13.0952381,10.0,11.9047619,54.0,64.28571429,2019.8333333333333,112.11111111111111,34.03888888888889,65.96111111111111,27.695555555555554,7.614999999999999,36.26611111111111,54.58777777777778,1.53,40.716231,-73.993607,10002.0,General Academic,High school,Union Square - Lower East Side,10002
71M479,BEACON HIGH SCHOOL,common_core_english,77.95666666666666,4.0,84.0,15.0,103.0,36.0,13.6,8.5,42.85714286,48.0,11.6,5.5,57.14285714,7.0,8.333333333,11.0,13.0952381,10.0,11.9047619,54.0,64.28571429,2019.8333333333333,112.11111111111111,34.03888888888889,65.96111111111111,27.695555555555554,7.614999999999999,36.26611111111111,54.58777777777778,1.53,40.716231,-73.993607,10002.0,General Academic,High school,Union Square - Lower East Side,10002
71M479,BEACON HIGH SCHOOL,living_environment,64.20333333333333,4.0,84.0,15.0,103.0,36.0,13.6,8.5,42.85714286,48.0,11.6,5.5,57.14285714,7.0,8.333333333,11.0,13.0952381,10.0,11.9047619,54.0,64.28571429,2019.8333333333333,112.11111111111111,34.03888888888889,65.96111111111111,27.695555555555554,7.614999999999999,36.26611111111111,54.58777777777778,1.53,40.716231,-73.993607,10002.0,General Academic,High school,Union Square - Lower East Side,10002
71M489,HIGH SCHOOL OF ECONOMICS AND FINANCE,common_core_algebra,65.32,4.0,47.0,7.0,58.0,24.0,8.9,5.6,51.06382979,23.0,10.3,6.8,48.93617021,6.0,12.76595745,,,6.0,12.76595745,28.0,59.57446809,2019.8235294117646,143.7058823529412,31.77588235294118,68.22764705882354,27.423529411764704,19.29470588235294,25.93,54.773529411764706,0.0,40.70927,-74.012328,10006.0,General Academic,High school,Lower Manhattan,10006
71M489,HIGH SCHOOL OF ECONOMICS AND FINANCE,common_core_english,77.25399999999999,4.0,47.0,7.0,58.0,24.0,8.9,5.6,51.06382979,23.0,10.3,6.8,48.93617021,6.0,12.76595745,,,6.0,12.76595745,28.0,59.57446809,2019.8235294117646,143.7058823529412,31.77588235294118,68.22764705882354,27.423529411764704,19.29470588235294,25.93,54.773529411764706,0.0,40.70927,-74.012328,10006.0,General Academic,High school,Lower Manhattan,10006
71M489,HIGH SCHOOL OF ECONOMICS AND FINANCE,living_environment,67.13666666666667,4.0,47.0,7.0,58.0,24.0,8.9,5.6,51.06382979,23.0,10.3,6.8,48.93617021,6.0,12.76595745,,,6.0,12.76595745,28.0,59.57446809,2019.8235294117646,143.7058823529412,31.77588235294118,68.22764705882354,27.423529411764704,19.29470588235294,25.93,54.773529411764706,0.0,40.70927,-74.012328,10006.0,General Academic,High school,Lower Manhattan,10006
71M492,HIGH SCHOOL FOR LAW  ADVOCACY AND COMMUNITY JUSTIC,common_core_algebra,60.824999999999996,2.0,31.0,8.0,41.0,10.0,12.2,8.7,32.25806452,21.0,11.6,7.5,67.74193548,5.0,16.12903226,8.0,25.80645161,,,15.0,48.38709677,2019.7058823529412,99.47058823529412,44.55882352941177,55.44529411764706,19.176470588235293,1.0511764705882352,34.33764705882353,64.61117647058823,0.0,40.774891,-73.985608,10023.0,General Academic,High school,Upper West Side,10023
71M492,HIGH SCHOOL FOR LAW  ADVOCACY AND COMMUNITY JUSTIC,common_core_english,75.898,2.0,31.0,8.0,41.0,10.0,12.2,8.7,32.25806452,21.0,11.6,7.5,67.74193548,5.0,16.12903226,8.0,25.80645161,,,15.0,48.38709677,2019.7058823529412,99.47058823529412,44.55882352941177,55.44529411764706,19.176470588235293,1.0511764705882352,34.33764705882353,64.61117647058823,0.0,40.774891,-73.985608,10023.0,General Academic,High school,Upper West Side,10023
71M492,HIGH SCHOOL FOR LAW  ADVOCACY AND COMMUNITY JUSTIC,living_environment,60.79833333333334,2.0,31.0,8.0,41.0,10.0,12.2,8.7,32.25806452,21.0,11.6,7.5,67.74193548,5.0,16.12903226,8.0,25.80645161,,,15.0,48.38709677,2019.7058823529412,99.47058823529412,44.55882352941177,55.44529411764706,19.176470588235293,1.0511764705882352,34.33764705882353,64.61117647058823,0.0,40.774891,-73.985608,10023.0,General Academic,High school,Upper West Side,10023
71M494,HIGH SCHOOL OF ARTS AND TECHNOLOGY,common_core_algebra,57.13833333333333,4.0,36.0,10.0,50.0,10.0,9.6,3.7999999999999994,27.77777778,26.0,10.3,4.2,72.22222222,,,7.0,19.44444444,8.0,22.22222222,16.0,44.44444444,2019.8333333333333,129.66666666666666,52.385555555555555,47.614444444444445,11.817222222222222,2.52,32.64,63.480000000000004,1.3611111111111112,40.774891,-73.985608,10023.0,General Academic,High school,Upper West Side,10023
71M494,HIGH SCHOOL OF ARTS AND TECHNOLOGY,common_core_english,66.00666666666667,4.0,36.0,10.0,50.0,10.0,9.6,3.7999999999999994,27.77777778,26.0,10.3,4.2,72.22222222,,,7.0,19.44444444,8.0,22.22222222,16.0,44.44444444,2019.8333333333333,129.66666666666666,52.385555555555555,47.614444444444445,11.817222222222222,2.52,32.64,63.480000000000004,1.3611111111111112,40.774891,-73.985608,10023.0,General Academic,High school,Upper West Side,10023
71M494,HIGH SCHOOL OF ARTS AND TECHNOLOGY,living_environment,59.15,4.0,36.0,10.0,50.0,10.0,9.6,3.7999999999999994,27.77777778,26.0,10.3,4.2,72.22222222,,,7.0,19.44444444,8.0,22.22222222,16.0,44.44444444,2019.8333333333333,129.66666666666666,52.385555555555555,47.614444444444445,11.817222222222222,2.52,32.64,63.480000000000004,1.3611111111111112,40.774891,-73.985608,10023.0,General Academic,High school,Upper West Side,10023
71M495,PARK EAST HIGH SCHOOL,common_core_algebra,75.134,3.0,35.0,8.0,46.0,19.0,10.1,6.4,54.28571429,16.0,13.4,10.0,45.71428571,,,,,8.0,22.85714286,23.0,65.71428571,2019.8125,75.0,10.54375,89.4625,50.5725,1.95625,27.96875,70.075,0.0,40.790191,-73.944092,10029.0,General Academic,High school,East Harlem,10029
71M495,PARK EAST HIGH SCHOOL,common_core_english,81.34666666666666,3.0,35.0,8.0,46.0,19.0,10.1,6.4,54.28571429,16.0,13.4,10.0,45.71428571,,,,,8.0,22.85714286,23.0,65.71428571,2019.8125,75.0,10.54375,89.4625,50.5725,1.95625,27.96875,70.075,0.0,40.790191,-73.944092,10029.0,General Academic,High school,East Harlem,10029
71M495,PARK EAST HIGH SCHOOL,living_environment,76.558,3.0,35.0,8.0,46.0,19.0,10.1,6.4,54.28571429,16.0,13.4,10.0,45.71428571,,,,,8.0,22.85714286,23.0,65.71428571,2019.8125,75.0,10.54375,89.4625,50.5725,1.95625,27.96875,70.075,0.0,40.790191,-73.944092,10029.0,General Academic,High school,East Harlem,10029
71M499,FREDERICK DOUGLASS ACADEMY,common_core_algebra,59.51833333333334,4.0,64.0,18.0,86.0,32.0,15.100000000000001,9.8,50.0,32.0,13.6,8.2,50.0,8.0,12.5,27.0,42.1875,14.0,21.875,14.0,21.875,2019.8333333333333,208.22222222222223,48.12444444444444,51.87555555555556,17.34111111111111,0.11944444444444444,71.335,27.26888888888889,1.277222222222222,40.823988,-73.935746,10039.0,General Academic,High school,Central Harlem - Morningside Heights,10039
71M499,FREDERICK DOUGLASS ACADEMY,common_core_english,69.11,4.0,64.0,18.0,86.0,32.0,15.100000000000001,9.8,50.0,32.0,13.6,8.2,50.0,8.0,12.5,27.0,42.1875,14.0,21.875,14.0,21.875,2019.8333333333333,208.22222222222223,48.12444444444444,51.87555555555556,17.34111111111111,0.11944444444444444,71.335,27.26888888888889,1.277222222222222,40.823988,-73.935746,10039.0,General Academic,High school,Central Harlem - Morningside Heights,10039
71M499,FREDERICK DOUGLASS ACADEMY,living_environment,61.04666666666666,4.0,64.0,18.0,86.0,32.0,15.100000000000001,9.8,50.0,32.0,13.6,8.2,50.0,8.0,12.5,27.0,42.1875,14.0,21.875,14.0,21.875,2019.8333333333333,208.22222222222223,48.12444444444444,51.87555555555556,17.34111111111111,0.11944444444444444,71.335,27.26888888888889,1.277222222222222,40.823988,-73.935746,10039.0,General Academic,High school,Central Harlem - Morningside Heights,10039
71M505,EDWARD A. REYNOLDS WEST SIDE HIGH SCHOOL,common_core_algebra,57.444,1.0,24.0,4.0,29.0,13.0,17.2,14.2,54.16666667,11.0,16.5,10.4,45.83333333,,,,,5.0,20.83333333,11.0,45.83333333,2019.5625,64.75,60.043124999999996,39.956875000000004,7.761875,0.0,34.838125,64.263125,0.899375,40.797136,-73.966779,10025.0,Transfer School,High school,Upper West Side,10025
71M505,EDWARD A. REYNOLDS WEST SIDE HIGH SCHOOL,common_core_english,56.565,1.0,24.0,4.0,29.0,13.0,17.2,14.2,54.16666667,11.0,16.5,10.4,45.83333333,,,,,5.0,20.83333333,11.0,45.83333333,2019.5625,64.75,60.043124999999996,39.956875000000004,7.761875,0.0,34.838125,64.263125,0.899375,40.797136,-73.966779,10025.0,Transfer School,High school,Upper West Side,10025
71M505,EDWARD A. REYNOLDS WEST SIDE HIGH SCHOOL,living_environment,60.318,1.0,24.0,4.0,29.0,13.0,17.2,14.2,54.16666667,11.0,16.5,10.4,45.83333333,,,,,5.0,20.83333333,11.0,45.83333333,2019.5625,64.75,60.043124999999996,39.956875000000004,7.761875,0.0,34.838125,64.263125,0.899375,40.797136,-73.966779,10025.0,Transfer School,High school,Upper West Side,10025
71M507,URBAN ASSEMBLY GATEWAY SCHOOL FOR TECHNOLOGY,common_core_algebra,64.47857142857143,2.0,38.0,10.0,50.0,19.0,7.3,4.8,50.0,19.0,7.2,4.8,50.0,6.0,15.78947368,6.0,15.78947368,8.0,21.05263158,18.0,47.36842105,2020.0,94.5,28.4615,71.539,30.4,2.464,26.6475,65.4015,5.487,40.763655,-73.990318,10019.0,Career Technical,High school,Chelsea - Clinton,10019
71M507,URBAN ASSEMBLY GATEWAY SCHOOL FOR TECHNOLOGY,common_core_english,73.88428571428572,2.0,38.0,10.0,50.0,19.0,7.3,4.8,50.0,19.0,7.2,4.8,50.0,6.0,15.78947368,6.0,15.78947368,8.0,21.05263158,18.0,47.36842105,2020.0,94.5,28.4615,71.539,30.4,2.464,26.6475,65.4015,5.487,40.763655,-73.990318,10019.0,Career Technical,High school,Chelsea - Clinton,10019
71M507,URBAN ASSEMBLY GATEWAY SCHOOL FOR TECHNOLOGY,living_environment,73.72833333333334,2.0,38.0,10.0,50.0,19.0,7.3,4.8,50.0,19.0,7.2,4.8,50.0,6.0,15.78947368,6.0,15.78947368,8.0,21.05263158,18.0,47.36842105,2020.0,94.5,28.4615,71.539,30.4,2.464,26.6475,65.4015,5.487,40.763655,-73.990318,10019.0,Career Technical,High school,Chelsea - Clinton,10019
71M515,LOWER EAST SIDE PREPARATORY HIGH SCHOOL,common_core_algebra,73.04166666666667,2.0,36.0,8.0,46.0,10.0,13.6,12.6,27.77777778,26.0,10.4,8.0,72.22222222,12.0,33.33333333,,,9.0,25.0,11.0,30.55555556,2019.8333333333333,111.88888888888889,35.099444444444444,64.90055555555556,30.89611111111111,56.80888888888889,3.822777777777778,39.367777777777775,0.0,40.72004,-73.986038,10002.0,Transfer School,High school,Union Square - Lower East Side,10002
71M515,LOWER EAST SIDE PREPARATORY HIGH SCHOOL,common_core_english,63.88833333333333,2.0,36.0,8.0,46.0,10.0,13.6,12.6,27.77777778,26.0,10.4,8.0,72.22222222,12.0,33.33333333,,,9.0,25.0,11.0,30.55555556,2019.8333333333333,111.88888888888889,35.099444444444444,64.90055555555556,30.89611111111111,56.80888888888889,3.822777777777778,39.367777777777775,0.0,40.72004,-73.986038,10002.0,Transfer School,High school,Union Square - Lower East Side,10002
71M515,LOWER EAST SIDE PREPARATORY HIGH SCHOOL,living_environment,68.04333333333334,2.0,36.0,8.0,46.0,10.0,13.6,12.6,27.77777778,26.0,10.4,8.0,72.22222222,12.0,33.33333333,,,9.0,25.0,11.0,30.55555556,2019.8333333333333,111.88888888888889,35.099444444444444,64.90055555555556,30.89611111111111,56.80888888888889,3.822777777777778,39.367777777777775,0.0,40.72004,-73.986038,10002.0,Transfer School,High school,Union Square - Lower East Side,10002
71M519,TALENT UNLIMITED HIGH SCHOOL,common_core_algebra,68.72166666666666,3.0,34.0,10.0,47.0,13.0,11.5,8.2,38.23529412,21.0,8.9,4.9,61.764705879999994,6.0,17.64705882,,,,,20.0,58.823529410000006,2019.95,89.45,22.7375,77.2635,41.8715,1.077,31.190499999999997,54.3275,13.404,40.765638,-73.959777,10065.0,General Academic,High school,Upper East Side,10065
71M519,TALENT UNLIMITED HIGH SCHOOL,common_core_english,83.89571428571428,3.0,34.0,10.0,47.0,13.0,11.5,8.2,38.23529412,21.0,8.9,4.9,61.764705879999994,6.0,17.64705882,,,,,20.0,58.823529410000006,2019.95,89.45,22.7375,77.2635,41.8715,1.077,31.190499999999997,54.3275,13.404,40.765638,-73.959777,10065.0,General Academic,High school,Upper East Side,10065
71M519,TALENT UNLIMITED HIGH SCHOOL,living_environment,70.02,3.0,34.0,10.0,47.0,13.0,11.5,8.2,38.23529412,21.0,8.9,4.9,61.764705879999994,6.0,17.64705882,,,,,20.0,58.823529410000006,2019.95,89.45,22.7375,77.2635,41.8715,1.077,31.190499999999997,54.3275,13.404,40.765638,-73.959777,10065.0,General Academic,High school,Upper East Side,10065
71M520,MURRY BERGTRAUM HIGH SCHOOL FOR BUSINESS CAREERS,common_core_algebra,55.64399999999999,1.0,15.0,6.0,22.0,8.0,21.7,16.7,53.33333333,7.0,11.3,6.9,46.66666667,5.0,33.33333333,,,,,5.0,33.33333333,2019.6,56.93333333333333,52.949333333333335,47.05333333333333,17.764666666666663,0.5126666666666667,55.57,43.91733333333333,0.0,40.711441,-74.000851,10038.0,General Academic,High school,Lower Manhattam,10038
71M520,MURRY BERGTRAUM HIGH SCHOOL FOR BUSINESS CAREERS,common_core_english,67.69166666666666,1.0,15.0,6.0,22.0,8.0,21.7,16.7,53.33333333,7.0,11.3,6.9,46.66666667,5.0,33.33333333,,,,,5.0,33.33333333,2019.6,56.93333333333333,52.949333333333335,47.05333333333333,17.764666666666663,0.5126666666666667,55.57,43.91733333333333,0.0,40.711441,-74.000851,10038.0,General Academic,High school,Lower Manhattam,10038
71M520,MURRY BERGTRAUM HIGH SCHOOL FOR BUSINESS CAREERS,living_environment,61.3425,1.0,15.0,6.0,22.0,8.0,21.7,16.7,53.33333333,7.0,11.3,6.9,46.66666667,5.0,33.33333333,,,,,5.0,33.33333333,2019.6,56.93333333333333,52.949333333333335,47.05333333333333,17.764666666666663,0.5126666666666667,55.57,43.91733333333333,0.0,40.711441,-74.000851,10038.0,General Academic,High school,Lower Manhattam,10038
71M529,JACQUELINE KENNEDY ONASSIS HIGH SCHOOL,common_core_algebra,61.346666666666664,2.0,20.0,6.0,28.0,6.0,9.4,4.3,30.0,14.0,11.2,7.4,70.0,5.0,25.0,,,5.0,25.0,7.0,35.0,2019.7058823529412,106.17647058823529,43.72235294117647,56.27764705882353,16.02294117647059,1.4994117647058822,21.83529411764706,75.4664705882353,1.1994117647058824,40.757626,-73.98346,10036.0,General Academic,High school,Chelsea - Clinton,10036
71M529,JACQUELINE KENNEDY ONASSIS HIGH SCHOOL,common_core_english,67.714,2.0,20.0,6.0,28.0,6.0,9.4,4.3,30.0,14.0,11.2,7.4,70.0,5.0,25.0,,,5.0,25.0,7.0,35.0,2019.7058823529412,106.17647058823529,43.72235294117647,56.27764705882353,16.02294117647059,1.4994117647058822,21.83529411764706,75.4664705882353,1.1994117647058824,40.757626,-73.98346,10036.0,General Academic,High school,Chelsea - Clinton,10036
71M529,JACQUELINE KENNEDY ONASSIS HIGH SCHOOL,living_environment,64.73833333333333,2.0,20.0,6.0,28.0,6.0,9.4,4.3,30.0,14.0,11.2,7.4,70.0,5.0,25.0,,,5.0,25.0,7.0,35.0,2019.7058823529412,106.17647058823529,43.72235294117647,56.27764705882353,16.02294117647059,1.4994117647058822,21.83529411764706,75.4664705882353,1.1994117647058824,40.757626,-73.98346,10036.0,General Academic,High school,Chelsea - Clinton,10036
71M533,UNION SQUARE ACADEMY FOR HEALTH SCIENCES,common_core_algebra,61.10166666666667,3.0,34.0,6.0,43.0,16.0,7.8,5.3,47.05882353,18.0,7.2,4.7,52.94117647,5.0,14.705882350000001,,,10.0,29.411764710000003,15.0,44.11764706,2019.8947368421052,109.63157894736842,42.71368421052631,57.29157894736842,19.352105263157895,9.869473684210528,19.59263157894737,68.6178947368421,1.9205263157894739,40.735361,-73.987064,10003.0,Career Technical,High school,Union Square - Lower East Side,10003
71M533,UNION SQUARE ACADEMY FOR HEALTH SCIENCES,common_core_english,71.18571428571428,3.0,34.0,6.0,43.0,16.0,7.8,5.3,47.05882353,18.0,7.2,4.7,52.94117647,5.0,14.705882350000001,,,10.0,29.411764710000003,15.0,44.11764706,2019.8947368421052,109.63157894736842,42.71368421052631,57.29157894736842,19.352105263157895,9.869473684210528,19.59263157894737,68.6178947368421,1.9205263157894739,40.735361,-73.987064,10003.0,Career Technical,High school,Union Square - Lower East Side,10003
71M533,UNION SQUARE ACADEMY FOR HEALTH SCIENCES,living_environment,62.671666666666674,3.0,34.0,6.0,43.0,16.0,7.8,5.3,47.05882353,18.0,7.2,4.7,52.94117647,5.0,14.705882350000001,,,10.0,29.411764710000003,15.0,44.11764706,2019.8947368421052,109.63157894736842,42.71368421052631,57.29157894736842,19.352105263157895,9.869473684210528,19.59263157894737,68.6178947368421,1.9205263157894739,40.735361,-73.987064,10003.0,Career Technical,High school,Union Square - Lower East Side,10003
71M534,HARVEST COLLEGIATE HIGH SCHOOL,common_core_english,73.77333333333333,3.0,37.0,5.0,45.0,14.0,9.1,5.1,37.83783784,23.0,9.6,3.6,62.16216216,,,8.0,21.62162162,8.0,21.62162162,16.0,43.24324324,2019.8333333333333,110.16666666666667,18.416666666666668,81.58333333333333,40.080000000000005,1.2,25.78,54.91,18.11,40.736416,-73.995731,10011.0,General Academic,High school,Chelsea - Clinton,10011
71M540,A. PHILIP RANDOLPH CAMPUS HIGH SCHOOL,common_core_algebra,68.09333333333333,8.0,83.0,26.0,117.0,45.0,12.8,7.0,54.21686747,38.0,11.2,6.9,45.78313253,7.0,8.43373494,14.0,16.86746988,31.0,37.34939759,26.0,31.3253012,2019.8333333333333,236.83333333333334,30.008888888888887,69.99111111111111,30.519444444444446,3.7466666666666666,29.381666666666668,66.06666666666666,0.8033333333333332,40.8185,-73.949929,10031.0,General Academic,High school,Washington Heights - Inwood,10031
71M540,A. PHILIP RANDOLPH CAMPUS HIGH SCHOOL,common_core_english,73.03166666666667,8.0,83.0,26.0,117.0,45.0,12.8,7.0,54.21686747,38.0,11.2,6.9,45.78313253,7.0,8.43373494,14.0,16.86746988,31.0,37.34939759,26.0,31.3253012,2019.8333333333333,236.83333333333334,30.008888888888887,69.99111111111111,30.519444444444446,3.7466666666666666,29.381666666666668,66.06666666666666,0.8033333333333332,40.8185,-73.949929,10031.0,General Academic,High school,Washington Heights - Inwood,10031
71M540,A. PHILIP RANDOLPH CAMPUS HIGH SCHOOL,living_environment,68.18833333333333,8.0,83.0,26.0,117.0,45.0,12.8,7.0,54.21686747,38.0,11.2,6.9,45.78313253,7.0,8.43373494,14.0,16.86746988,31.0,37.34939759,26.0,31.3253012,2019.8333333333333,236.83333333333334,30.008888888888887,69.99111111111111,30.519444444444446,3.7466666666666666,29.381666666666668,66.06666666666666,0.8033333333333332,40.8185,-73.949929,10031.0,General Academic,High school,Washington Heights - Inwood,10031
71M542,MANHATTAN BRIDGES HIGH SCHOOL,common_core_algebra,69.75,2.0,33.0,7.0,42.0,10.0,12.0,7.7,30.3030303,23.0,9.5,5.1,69.6969697,,,,,19.0,57.57575758,8.0,24.24242424,2019.7142857142858,122.07142857142857,27.742857142857144,72.25714285714285,30.614285714285717,0.0,0.0,100.0,0.0,40.765474,-73.9927,10019.0,General Academic,High school,Chelsea - Clinton,10019
71M542,MANHATTAN BRIDGES HIGH SCHOOL,common_core_english,73.72,2.0,33.0,7.0,42.0,10.0,12.0,7.7,30.3030303,23.0,9.5,5.1,69.6969697,,,,,19.0,57.57575758,8.0,24.24242424,2019.7142857142858,122.07142857142857,27.742857142857144,72.25714285714285,30.614285714285717,0.0,0.0,100.0,0.0,40.765474,-73.9927,10019.0,General Academic,High school,Chelsea - Clinton,10019
71M542,MANHATTAN BRIDGES HIGH SCHOOL,living_environment,69.0,2.0,33.0,7.0,42.0,10.0,12.0,7.7,30.3030303,23.0,9.5,5.1,69.6969697,,,,,19.0,57.57575758,8.0,24.24242424,2019.7142857142858,122.07142857142857,27.742857142857144,72.25714285714285,30.614285714285717,0.0,0.0,100.0,0.0,40.765474,-73.9927,10019.0,General Academic,High school,Chelsea - Clinton,10019
71M543,NEW DESIGN HIGH SCHOOL,common_core_algebra,58.88166666666667,3.0,47.0,9.0,59.0,16.0,9.7,7.2,34.04255319,31.0,9.9,5.3,65.95744681,,,,,7.0,14.89361702,33.0,70.21276596,2019.6875,134.125,44.2875,55.71375,16.260625,4.301875,34.26625,61.43125,0.0,40.717329,-73.989329,10002.0,General Academic,High school,Union Square - Lower East Side,10002
71M543,NEW DESIGN HIGH SCHOOL,common_core_english,73.08833333333334,3.0,47.0,9.0,59.0,16.0,9.7,7.2,34.04255319,31.0,9.9,5.3,65.95744681,,,,,7.0,14.89361702,33.0,70.21276596,2019.6875,134.125,44.2875,55.71375,16.260625,4.301875,34.26625,61.43125,0.0,40.717329,-73.989329,10002.0,General Academic,High school,Union Square - Lower East Side,10002
71M543,NEW DESIGN HIGH SCHOOL,living_environment,60.995000000000005,3.0,47.0,9.0,59.0,16.0,9.7,7.2,34.04255319,31.0,9.9,5.3,65.95744681,,,,,7.0,14.89361702,33.0,70.21276596,2019.6875,134.125,44.2875,55.71375,16.260625,4.301875,34.26625,61.43125,0.0,40.717329,-73.989329,10002.0,General Academic,High school,Union Square - Lower East Side,10002
71M544,INDEPENDENCE HIGH SCHOOL,common_core_algebra,54.586,2.0,23.0,4.0,29.0,12.0,13.1,6.7,52.17391304,11.0,9.5,5.8,47.82608696,,,5.0,21.73913043,5.0,21.73913043,13.0,56.52173913,2019.5625,54.0,64.778125,35.221875,6.75375,0.0,25.01625,72.89375,2.0912500000000005,40.767848,-73.98861,10019.0,Transfer School,High school,Chelsea - Clinton,10019
71M544,INDEPENDENCE HIGH SCHOOL,common_core_english,61.82833333333334,2.0,23.0,4.0,29.0,12.0,13.1,6.7,52.17391304,11.0,9.5,5.8,47.82608696,,,5.0,21.73913043,5.0,21.73913043,13.0,56.52173913,2019.5625,54.0,64.778125,35.221875,6.75375,0.0,25.01625,72.89375,2.0912500000000005,40.767848,-73.98861,10019.0,Transfer School,High school,Chelsea - Clinton,10019
71M544,INDEPENDENCE HIGH SCHOOL,living_environment,55.326,2.0,23.0,4.0,29.0,12.0,13.1,6.7,52.17391304,11.0,9.5,5.8,47.82608696,,,5.0,21.73913043,5.0,21.73913043,13.0,56.52173913,2019.5625,54.0,64.778125,35.221875,6.75375,0.0,25.01625,72.89375,2.0912500000000005,40.767848,-73.98861,10019.0,Transfer School,High school,Chelsea - Clinton,10019
71M545,HIGH SCHOOL FOR DUAL LANGUAGE AND ASIAN STUDIES,common_core_algebra,89.34,2.0,23.0,5.0,30.0,10.0,10.4,5.4,43.47826087,13.0,8.8,8.2,56.52173913,13.0,56.52173913,,,,,7.0,30.434782609999996,2019.7142857142858,75.5,3.246428571428571,96.75357142857142,77.54785714285715,98.93642857142856,0.0,1.0635714285714286,0.0,40.717329,-73.989329,10002.0,General Academic,High school,Union Square - Lower East Side,10002
71M545,HIGH SCHOOL FOR DUAL LANGUAGE AND ASIAN STUDIES,common_core_english,82.03999999999999,2.0,23.0,5.0,30.0,10.0,10.4,5.4,43.47826087,13.0,8.8,8.2,56.52173913,13.0,56.52173913,,,,,7.0,30.434782609999996,2019.7142857142858,75.5,3.246428571428571,96.75357142857142,77.54785714285715,98.93642857142856,0.0,1.0635714285714286,0.0,40.717329,-73.989329,10002.0,General Academic,High school,Union Square - Lower East Side,10002
71M545,HIGH SCHOOL FOR DUAL LANGUAGE AND ASIAN STUDIES,living_environment,83.05,2.0,23.0,5.0,30.0,10.0,10.4,5.4,43.47826087,13.0,8.8,8.2,56.52173913,13.0,56.52173913,,,,,7.0,30.434782609999996,2019.7142857142858,75.5,3.246428571428571,96.75357142857142,77.54785714285715,98.93642857142856,0.0,1.0635714285714286,0.0,40.717329,-73.989329,10002.0,General Academic,High school,Union Square - Lower East Side,10002
71M550,LIBERTY HIGH SCHOOL ACADEMY FOR NEWCOMERS,common_core_algebra,61.76500000000001,3.0,29.0,7.0,39.0,10.0,12.1,5.4,34.48275862,19.0,9.7,6.5,65.51724138,7.0,24.13793103,,,7.0,24.13793103,12.0,41.37931034,2019.8333333333333,94.38888888888889,49.202777777777776,50.800555555555555,15.122222222222222,2.9705555555555554,31.23388888888889,59.93555555555555,5.859444444444445,40.74182,-74.000238,10011.0,Transfer School,High school,Chelsea - Clinton,10011
71M550,LIBERTY HIGH SCHOOL ACADEMY FOR NEWCOMERS,common_core_english,64.255,3.0,29.0,7.0,39.0,10.0,12.1,5.4,34.48275862,19.0,9.7,6.5,65.51724138,7.0,24.13793103,,,7.0,24.13793103,12.0,41.37931034,2019.8333333333333,94.38888888888889,49.202777777777776,50.800555555555555,15.122222222222222,2.9705555555555554,31.23388888888889,59.93555555555555,5.859444444444445,40.74182,-74.000238,10011.0,Transfer School,High school,Chelsea - Clinton,10011
71M550,LIBERTY HIGH SCHOOL ACADEMY FOR NEWCOMERS,living_environment,62.82666666666666,3.0,29.0,7.0,39.0,10.0,12.1,5.4,34.48275862,19.0,9.7,6.5,65.51724138,7.0,24.13793103,,,7.0,24.13793103,12.0,41.37931034,2019.8333333333333,94.38888888888889,49.202777777777776,50.800555555555555,15.122222222222222,2.9705555555555554,31.23388888888889,59.93555555555555,5.859444444444445,40.74182,-74.000238,10011.0,Transfer School,High school,Chelsea - Clinton,10011
71M551,URBAN ASSEMBLY NEW YORK HARBOR SCHOOL,common_core_algebra,62.666666666666664,4.0,41.0,11.0,56.0,25.0,10.4,5.9,60.97560976,16.0,12.0,6.0,39.02439024,,,,,,,27.0,65.85365854,2019.6875,107.8125,27.330625,72.670625,30.07,4.709375,20.68125,47.67125,26.93875,40.689493,-74.018941,10004.0,Career Technical,High school,Lower Manhattan,10004
71M551,URBAN ASSEMBLY NEW YORK HARBOR SCHOOL,common_core_english,78.214,4.0,41.0,11.0,56.0,25.0,10.4,5.9,60.97560976,16.0,12.0,6.0,39.02439024,,,,,,,27.0,65.85365854,2019.6875,107.8125,27.330625,72.670625,30.07,4.709375,20.68125,47.67125,26.93875,40.689493,-74.018941,10004.0,Career Technical,High school,Lower Manhattan,10004
71M551,URBAN ASSEMBLY NEW YORK HARBOR SCHOOL,living_environment,72.858,4.0,41.0,11.0,56.0,25.0,10.4,5.9,60.97560976,16.0,12.0,6.0,39.02439024,,,,,,,27.0,65.85365854,2019.6875,107.8125,27.330625,72.670625,30.07,4.709375,20.68125,47.67125,26.93875,40.689493,-74.018941,10004.0,Career Technical,High school,Lower Manhattan,10004
71M552,GREGORIO LUPERON HIGH SCHOOL FOR SCIENCE AND MATHE,common_core_algebra,63.971428571428575,4.0,38.0,9.0,51.0,18.0,12.5,6.7,47.36842105,20.0,10.9,7.0,52.63157895,,,,,27.0,71.05263158,,,2019.7222222222222,143.16666666666666,37.22222222222222,62.77777777777778,16.58888888888889,0.0,0.0,100.0,0.0,40.8381,-73.9383,10032.0,General Academic,High school,Washington Heights - Inwood,10032
71M552,GREGORIO LUPERON HIGH SCHOOL FOR SCIENCE AND MATHE,common_core_english,71.96000000000001,4.0,38.0,9.0,51.0,18.0,12.5,6.7,47.36842105,20.0,10.9,7.0,52.63157895,,,,,27.0,71.05263158,,,2019.7222222222222,143.16666666666666,37.22222222222222,62.77777777777778,16.58888888888889,0.0,0.0,100.0,0.0,40.8381,-73.9383,10032.0,General Academic,High school,Washington Heights - Inwood,10032
71M552,GREGORIO LUPERON HIGH SCHOOL FOR SCIENCE AND MATHE,living_environment,64.26666666666667,4.0,38.0,9.0,51.0,18.0,12.5,6.7,47.36842105,20.0,10.9,7.0,52.63157895,,,,,27.0,71.05263158,,,2019.7222222222222,143.16666666666666,37.22222222222222,62.77777777777778,16.58888888888889,0.0,0.0,100.0,0.0,40.8381,-73.9383,10032.0,General Academic,High school,Washington Heights - Inwood,10032
71M555,CENTRAL PARK EAST HIGH SCHOOL,common_core_algebra,75.678,3.0,34.0,9.0,46.0,9.0,9.6,7.599999999999999,26.47058824,25.0,10.2,8.5,73.52941176,,,,,,,24.0,70.58823529,2019.9444444444443,88.77777777777777,11.098333333333334,88.90166666666667,60.00444444444444,13.869444444444445,28.75333333333333,57.375,0.0,40.793649,-73.948488,10029.0,General Academic,High school,East Harlem,10029
71M555,CENTRAL PARK EAST HIGH SCHOOL,common_core_english,85.09857142857143,3.0,34.0,9.0,46.0,9.0,9.6,7.599999999999999,26.47058824,25.0,10.2,8.5,73.52941176,,,,,,,24.0,70.58823529,2019.9444444444443,88.77777777777777,11.098333333333334,88.90166666666667,60.00444444444444,13.869444444444445,28.75333333333333,57.375,0.0,40.793649,-73.948488,10029.0,General Academic,High school,East Harlem,10029
71M555,CENTRAL PARK EAST HIGH SCHOOL,living_environment,76.77833333333334,3.0,34.0,9.0,46.0,9.0,9.6,7.599999999999999,26.47058824,25.0,10.2,8.5,73.52941176,,,,,,,24.0,70.58823529,2019.9444444444443,88.77777777777777,11.098333333333334,88.90166666666667,60.00444444444444,13.869444444444445,28.75333333333333,57.375,0.0,40.793649,-73.948488,10029.0,General Academic,High school,East Harlem,10029
71M565,URBAN ACADEMY LABORATORY HIGH SCHOOL,common_core_english,76.09333333333333,1.0,15.0,4.0,20.0,,,,,,,,,,,6.0,40.0,,,5.0,33.33333333,2019.8333333333333,38.166666666666664,16.326666666666668,83.67333333333333,50.81166666666667,0.0,38.583333333333336,35.43333333333333,25.983333333333334,40.765638,-73.959777,10065.0,Transfer School,High school,Upper East Side,10065
71M570,SATELLITE ACADEMY HIGH SCHOOL,common_core_algebra,58.300000000000004,2.0,12.0,3.0,17.0,,,,,,,,,,,,,,,5.0,41.66666667,2019.1,34.0,60.211,39.789,7.786999999999999,0.0,93.753,6.247,0.0,40.666251,-73.923881,11212.0,Transfer School,High school,Bedford Stuyvesant - Crown Heights,11212
71M570,SATELLITE ACADEMY HIGH SCHOOL,common_core_english,59.898,2.0,12.0,3.0,17.0,,,,,,,,,,,,,,,5.0,41.66666667,2019.1,34.0,60.211,39.789,7.786999999999999,0.0,93.753,6.247,0.0,40.666251,-73.923881,11212.0,Transfer School,High school,Bedford Stuyvesant - Crown Heights,11212
71M570,SATELLITE ACADEMY HIGH SCHOOL,living_environment,59.41,2.0,12.0,3.0,17.0,,,,,,,,,,,,,,,5.0,41.66666667,2019.1,34.0,60.211,39.789,7.786999999999999,0.0,93.753,6.247,0.0,40.666251,-73.923881,11212.0,Transfer School,High school,Bedford Stuyvesant - Crown Heights,11212
71M575,MANHATTAN COMPREHENSIVE NIGHT AND DAY HIGH SCHOOL,common_core_algebra,67.96833333333333,6.0,44.0,14.0,64.0,26.0,11.0,7.300000000000001,59.09090909,18.0,13.4,8.5,40.90909091,,,,,6.0,13.63636364,30.0,68.18181818,2019.8333333333333,122.27777777777777,31.96388888888889,68.03722222222223,26.69666666666667,21.890555555555554,40.06111111111111,36.62388888888889,1.4233333333333333,40.732699,-73.984333,10003.0,Transfer School,High school,Union Square - Lower East Side,10003
71M575,MANHATTAN COMPREHENSIVE NIGHT AND DAY HIGH SCHOOL,common_core_english,70.31,6.0,44.0,14.0,64.0,26.0,11.0,7.300000000000001,59.09090909,18.0,13.4,8.5,40.90909091,,,,,6.0,13.63636364,30.0,68.18181818,2019.8333333333333,122.27777777777777,31.96388888888889,68.03722222222223,26.69666666666667,21.890555555555554,40.06111111111111,36.62388888888889,1.4233333333333333,40.732699,-73.984333,10003.0,Transfer School,High school,Union Square - Lower East Side,10003
71M575,MANHATTAN COMPREHENSIVE NIGHT AND DAY HIGH SCHOOL,living_environment,68.855,6.0,44.0,14.0,64.0,26.0,11.0,7.300000000000001,59.09090909,18.0,13.4,8.5,40.90909091,,,,,6.0,13.63636364,30.0,68.18181818,2019.8333333333333,122.27777777777777,31.96388888888889,68.03722222222223,26.69666666666667,21.890555555555554,40.06111111111111,36.62388888888889,1.4233333333333333,40.732699,-73.984333,10003.0,Transfer School,High school,Union Square - Lower East Side,10003
71M580,RICHARD R. GREEN HIGH SCHOOL OF TEACHING,common_core_algebra,61.196666666666665,2.0,22.0,4.0,28.0,12.0,17.3,14.4,54.54545455,10.0,16.5,10.8,45.45454545,,,,,,,17.0,77.27272727,2019.8235294117646,99.88235294117646,37.38294117647059,62.618235294117646,25.213529411764707,7.784117647058823,27.777058823529412,60.800588235294114,3.638235294117647,40.705688,-74.013303,10004.0,General Academic,High school,Lower Manhattan,10004
71M580,RICHARD R. GREEN HIGH SCHOOL OF TEACHING,common_core_english,74.94666666666667,2.0,22.0,4.0,28.0,12.0,17.3,14.4,54.54545455,10.0,16.5,10.8,45.45454545,,,,,,,17.0,77.27272727,2019.8235294117646,99.88235294117646,37.38294117647059,62.618235294117646,25.213529411764707,7.784117647058823,27.777058823529412,60.800588235294114,3.638235294117647,40.705688,-74.013303,10004.0,General Academic,High school,Lower Manhattan,10004
71M580,RICHARD R. GREEN HIGH SCHOOL OF TEACHING,living_environment,67.20599999999999,2.0,22.0,4.0,28.0,12.0,17.3,14.4,54.54545455,10.0,16.5,10.8,45.45454545,,,,,,,17.0,77.27272727,2019.8235294117646,99.88235294117646,37.38294117647059,62.618235294117646,25.213529411764707,7.784117647058823,27.777058823529412,60.800588235294114,3.638235294117647,40.705688,-74.013303,10004.0,General Academic,High school,Lower Manhattan,10004
71M586,HARVEY MILK HIGH SCHOOL,common_core_algebra,66.75,2.0,10.0,3.0,15.0,,,,,,,,,,,,,,,6.0,60.0,2019.6666666666667,14.444444444444445,21.463333333333335,78.53666666666666,35.31444444444445,0.0,14.814444444444442,85.18555555555555,0.0,40.729661,-73.992343,10003.0,Transfer School,High school,Union Square - Lower East Side,10003
71M586,HARVEY MILK HIGH SCHOOL,common_core_english,72.86600000000001,2.0,10.0,3.0,15.0,,,,,,,,,,,,,,,6.0,60.0,2019.6666666666667,14.444444444444445,21.463333333333335,78.53666666666666,35.31444444444445,0.0,14.814444444444442,85.18555555555555,0.0,40.729661,-73.992343,10003.0,Transfer School,High school,Union Square - Lower East Side,10003
71M586,HARVEY MILK HIGH SCHOOL,living_environment,76.75,2.0,10.0,3.0,15.0,,,,,,,,,,,,,,,6.0,60.0,2019.6666666666667,14.444444444444445,21.463333333333335,78.53666666666666,35.31444444444445,0.0,14.814444444444442,85.18555555555555,0.0,40.729661,-73.992343,10003.0,Transfer School,High school,Union Square - Lower East Side,10003
71M600,THE HIGH SCHOOL OF FASHION INDUSTRIES,common_core_algebra,65.07428571428571,13.0,110.0,34.0,157.0,29.0,8.8,7.1,26.363636359999997,81.0,9.3,6.6,73.63636364,12.0,10.90909091,10.0,9.090909091,17.0,15.454545450000001,67.0,60.90909091000001,2019.95,295.75,30.5185,69.4845,28.409,3.085,32.8155,61.177,2.9215,40.745677,-73.996354,10011.0,Career Technical,High school,Chelsea - Clinton,10011
71M600,THE HIGH SCHOOL OF FASHION INDUSTRIES,common_core_english,77.90166666666666,13.0,110.0,34.0,157.0,29.0,8.8,7.1,26.363636359999997,81.0,9.3,6.6,73.63636364,12.0,10.90909091,10.0,9.090909091,17.0,15.454545450000001,67.0,60.90909091000001,2019.95,295.75,30.5185,69.4845,28.409,3.085,32.8155,61.177,2.9215,40.745677,-73.996354,10011.0,Career Technical,High school,Chelsea - Clinton,10011
71M600,THE HIGH SCHOOL OF FASHION INDUSTRIES,living_environment,67.45285714285714,13.0,110.0,34.0,157.0,29.0,8.8,7.1,26.363636359999997,81.0,9.3,6.6,73.63636364,12.0,10.90909091,10.0,9.090909091,17.0,15.454545450000001,67.0,60.90909091000001,2019.95,295.75,30.5185,69.4845,28.409,3.085,32.8155,61.177,2.9215,40.745677,-73.996354,10011.0,Career Technical,High school,Chelsea - Clinton,10011
71M605,HUMANITIES PREPARATORY ACADEMY,common_core_english,77.29833333333333,2.0,21.0,4.0,27.0,6.0,14.5,5.8,28.57142857,15.0,11.300000000000002,6.3,71.42857143,,,,,,,10.0,47.61904762,2019.8333333333333,53.0,11.751666666666667,88.25333333333333,53.95166666666666,5.753333333333333,20.155,66.20666666666666,7.886666666666667,40.743407,-74.00254,10011.0,Transfer School,High school,Chelsea - Clinton,10011
71M610,YOUNG WOMEN'S LEADERSHIP SCHOOL,common_core_algebra,68.85799999999999,3.0,34.0,4.0,41.0,5.0,13.5,10.4,14.70588235,29.0,7.3,6.1,85.29411765,,,6.0,17.64705882,8.0,23.52941176,17.0,50.0,2019.8125,76.875,17.45125,82.54875,44.98125,5.085625,27.913125,66.571875,0.43125,40.792932,-73.947171,10029.0,General Academic,High school,East Harlem,10029
71M610,YOUNG WOMEN'S LEADERSHIP SCHOOL,common_core_english,83.77333333333333,3.0,34.0,4.0,41.0,5.0,13.5,10.4,14.70588235,29.0,7.3,6.1,85.29411765,,,6.0,17.64705882,8.0,23.52941176,17.0,50.0,2019.8125,76.875,17.45125,82.54875,44.98125,5.085625,27.913125,66.571875,0.43125,40.792932,-73.947171,10029.0,General Academic,High school,East Harlem,10029
71M610,YOUNG WOMEN'S LEADERSHIP SCHOOL,living_environment,73.712,3.0,34.0,4.0,41.0,5.0,13.5,10.4,14.70588235,29.0,7.3,6.1,85.29411765,,,6.0,17.64705882,8.0,23.52941176,17.0,50.0,2019.8125,76.875,17.45125,82.54875,44.98125,5.085625,27.913125,66.571875,0.43125,40.792932,-73.947171,10029.0,General Academic,High school,East Harlem,10029
71M615,CHELSEA CAREER AND TECHNICAL EDUCATION HIGH SCHOOL,common_core_algebra,64.79333333333334,3.0,34.0,12.0,49.0,13.0,13.4,9.4,38.23529412,21.0,13.5,6.3,61.76470588,5.0,14.70588235,8.0,23.52941176,6.0,17.64705882,15.0,44.11764706,2019.8235294117646,77.70588235294117,29.929411764705883,70.07058823529412,30.32823529411765,9.909411764705883,22.31,67.78058823529412,0.0,40.72463,-74.005058,10013.0,Career Technical,High school,Greenwich Village - SoHo,10013
71M615,CHELSEA CAREER AND TECHNICAL EDUCATION HIGH SCHOOL,common_core_english,75.44,3.0,34.0,12.0,49.0,13.0,13.4,9.4,38.23529412,21.0,13.5,6.3,61.76470588,5.0,14.70588235,8.0,23.52941176,6.0,17.64705882,15.0,44.11764706,2019.8235294117646,77.70588235294117,29.929411764705883,70.07058823529412,30.32823529411765,9.909411764705883,22.31,67.78058823529412,0.0,40.72463,-74.005058,10013.0,Career Technical,High school,Greenwich Village - SoHo,10013
71M615,CHELSEA CAREER AND TECHNICAL EDUCATION HIGH SCHOOL,living_environment,71.49,3.0,34.0,12.0,49.0,13.0,13.4,9.4,38.23529412,21.0,13.5,6.3,61.76470588,5.0,14.70588235,8.0,23.52941176,6.0,17.64705882,15.0,44.11764706,2019.8235294117646,77.70588235294117,29.929411764705883,70.07058823529412,30.32823529411765,9.909411764705883,22.31,67.78058823529412,0.0,40.72463,-74.005058,10013.0,Career Technical,High school,Greenwich Village - SoHo,10013
71M630,ART AND DESIGN HIGH SCHOOL,common_core_algebra,70.00666666666667,8.0,97.0,21.0,126.0,42.0,11.2,8.6,43.29896907,55.0,8.4,6.0,56.70103093,12.0,12.37113402,13.0,13.40206186,11.0,11.34020619,58.0,59.79381443,2019.95,240.35,19.6365,80.3635,47.04600000000001,7.537999999999999,15.255,60.012,17.194,40.759248,-73.967204,10022.0,Career Technical,High school,Gramercy Park - Murray Hill,10022
71M630,ART AND DESIGN HIGH SCHOOL,common_core_english,81.86428571428571,8.0,97.0,21.0,126.0,42.0,11.2,8.6,43.29896907,55.0,8.4,6.0,56.70103093,12.0,12.37113402,13.0,13.40206186,11.0,11.34020619,58.0,59.79381443,2019.95,240.35,19.6365,80.3635,47.04600000000001,7.537999999999999,15.255,60.012,17.194,40.759248,-73.967204,10022.0,Career Technical,High school,Gramercy Park - Murray Hill,10022
71M630,ART AND DESIGN HIGH SCHOOL,living_environment,73.15285714285714,8.0,97.0,21.0,126.0,42.0,11.2,8.6,43.29896907,55.0,8.4,6.0,56.70103093,12.0,12.37113402,13.0,13.40206186,11.0,11.34020619,58.0,59.79381443,2019.95,240.35,19.6365,80.3635,47.04600000000001,7.537999999999999,15.255,60.012,17.194,40.759248,-73.967204,10022.0,Career Technical,High school,Gramercy Park - Murray Hill,10022
71M650,CASCADES HIGH SCHOOL,common_core_algebra,61.126,2.0,13.0,3.0,18.0,5.0,12.9,9.5,38.46153846,8.0,12.5,5.4,61.53846154,,,,,,,,,2019.5625,29.5625,53.241875,46.763125,8.565,0.0,22.308125,77.691875,0.0,40.722415,-73.990468,10002.0,Transfer School,High school,Union Square - Lower East Side,10002
71M650,CASCADES HIGH SCHOOL,common_core_english,61.836666666666666,2.0,13.0,3.0,18.0,5.0,12.9,9.5,38.46153846,8.0,12.5,5.4,61.53846154,,,,,,,,,2019.5625,29.5625,53.241875,46.763125,8.565,0.0,22.308125,77.691875,0.0,40.722415,-73.990468,10002.0,Transfer School,High school,Union Square - Lower East Side,10002
71M650,CASCADES HIGH SCHOOL,living_environment,62.263999999999996,2.0,13.0,3.0,18.0,5.0,12.9,9.5,38.46153846,8.0,12.5,5.4,61.53846154,,,,,,,,,2019.5625,29.5625,53.241875,46.763125,8.565,0.0,22.308125,77.691875,0.0,40.722415,-73.990468,10002.0,Transfer School,High school,Union Square - Lower East Side,10002
71M655,THE HIGH SCHOOL FOR CLIMATE JUSTICE,common_core_algebra,58.568333333333335,3.0,27.0,7.0,37.0,17.0,11.5,9.2,62.96296296,10.0,10.0,8.2,37.03703704,5.0,18.51851852,,,,,15.0,55.55555556,2019.8333333333333,100.33333333333333,51.45666666666667,48.54333333333333,13.248333333333333,4.54111111111111,23.73166666666667,70.10611111111112,1.6211111111111112,40.78358769,-73.9458592,10128.0,General Academic,High school,Upper East Side,10128
71M655,THE HIGH SCHOOL FOR CLIMATE JUSTICE,common_core_english,68.375,3.0,27.0,7.0,37.0,17.0,11.5,9.2,62.96296296,10.0,10.0,8.2,37.03703704,5.0,18.51851852,,,,,15.0,55.55555556,2019.8333333333333,100.33333333333333,51.45666666666667,48.54333333333333,13.248333333333333,4.54111111111111,23.73166666666667,70.10611111111112,1.6211111111111112,40.78358769,-73.9458592,10128.0,General Academic,High school,Upper East Side,10128
71M655,THE HIGH SCHOOL FOR CLIMATE JUSTICE,living_environment,59.64333333333334,3.0,27.0,7.0,37.0,17.0,11.5,9.2,62.96296296,10.0,10.0,8.2,37.03703704,5.0,18.51851852,,,,,15.0,55.55555556,2019.8333333333333,100.33333333333333,51.45666666666667,48.54333333333333,13.248333333333333,4.54111111111111,23.73166666666667,70.10611111111112,1.6211111111111112,40.78358769,-73.9458592,10128.0,General Academic,High school,Upper East Side,10128
71M670,THURGOOD MARSHALL ACADEMY FOR LEARNING AND SOCIAL,common_core_algebra,61.08833333333333,3.0,46.0,11.0,60.0,18.0,15.8,7.2,39.13043478,28.0,15.9,8.5,60.86956521999999,,,26.0,56.52173913,5.0,10.86956522,12.0,26.08695652,2019.8235294117646,94.29411764705883,46.461176470588235,53.54294117647059,15.07,0.0,76.29117647058824,23.708823529411767,0.0,40.815237,-73.944299,10030.0,General Academic,High school,Central Harlem - Morningside Heights,10030
71M670,THURGOOD MARSHALL ACADEMY FOR LEARNING AND SOCIAL,common_core_english,72.538,3.0,46.0,11.0,60.0,18.0,15.8,7.2,39.13043478,28.0,15.9,8.5,60.86956521999999,,,26.0,56.52173913,5.0,10.86956522,12.0,26.08695652,2019.8235294117646,94.29411764705883,46.461176470588235,53.54294117647059,15.07,0.0,76.29117647058824,23.708823529411767,0.0,40.815237,-73.944299,10030.0,General Academic,High school,Central Harlem - Morningside Heights,10030
71M670,THURGOOD MARSHALL ACADEMY FOR LEARNING AND SOCIAL,living_environment,60.81666666666666,3.0,46.0,11.0,60.0,18.0,15.8,7.2,39.13043478,28.0,15.9,8.5,60.86956521999999,,,26.0,56.52173913,5.0,10.86956522,12.0,26.08695652,2019.8235294117646,94.29411764705883,46.461176470588235,53.54294117647059,15.07,0.0,76.29117647058824,23.708823529411767,0.0,40.815237,-73.944299,10030.0,General Academic,High school,Central Harlem - Morningside Heights,10030
72X213,BRONX ENGINEERING AND TECHNOLOGY ACADEMY,common_core_algebra,57.77166666666667,3.0,31.0,9.0,43.0,16.0,17.2,9.0,51.61290323,15.0,12.7,6.3,48.38709677,,,14.0,45.16129032,5.0,16.12903226,8.0,25.80645161,2019.8333333333333,112.83333333333333,53.01611111111111,46.98388888888889,14.227222222222224,2.893333333333333,30.57222222222222,66.24722222222222,0.2872222222222222,40.877379,-73.912686,10463.0,General Academic,High school,Kingsbridge - Riverdale,10463
72X213,BRONX ENGINEERING AND TECHNOLOGY ACADEMY,common_core_english,66.57000000000001,3.0,31.0,9.0,43.0,16.0,17.2,9.0,51.61290323,15.0,12.7,6.3,48.38709677,,,14.0,45.16129032,5.0,16.12903226,8.0,25.80645161,2019.8333333333333,112.83333333333333,53.01611111111111,46.98388888888889,14.227222222222224,2.893333333333333,30.57222222222222,66.24722222222222,0.2872222222222222,40.877379,-73.912686,10463.0,General Academic,High school,Kingsbridge - Riverdale,10463
72X213,BRONX ENGINEERING AND TECHNOLOGY ACADEMY,living_environment,58.755,3.0,31.0,9.0,43.0,16.0,17.2,9.0,51.61290323,15.0,12.7,6.3,48.38709677,,,14.0,45.16129032,5.0,16.12903226,8.0,25.80645161,2019.8333333333333,112.83333333333333,53.01611111111111,46.98388888888889,14.227222222222224,2.893333333333333,30.57222222222222,66.24722222222222,0.2872222222222222,40.877379,-73.912686,10463.0,General Academic,High school,Kingsbridge - Riverdale,10463
72X221,SOUTH BRONX PREPARATORY: A COLLEGE BOARD SCHOOL,common_core_algebra,68.794,5.0,51.0,14.0,70.0,24.0,9.0,7.3,47.05882353,27.0,8.2,6.3,52.94117647,5.0,9.803921569,12.0,23.52941176,9.0,17.64705882,23.0,45.09803922,2019.8125,89.5625,21.71,78.29,23.72375,0.0,19.381875,80.191875,0.42625,40.813612,-73.920851,10454.0,General Academic,High school,Hunts Point - Mott Haven,10454
72X221,SOUTH BRONX PREPARATORY: A COLLEGE BOARD SCHOOL,common_core_english,73.18333333333334,5.0,51.0,14.0,70.0,24.0,9.0,7.3,47.05882353,27.0,8.2,6.3,52.94117647,5.0,9.803921569,12.0,23.52941176,9.0,17.64705882,23.0,45.09803922,2019.8125,89.5625,21.71,78.29,23.72375,0.0,19.381875,80.191875,0.42625,40.813612,-73.920851,10454.0,General Academic,High school,Hunts Point - Mott Haven,10454
72X221,SOUTH BRONX PREPARATORY: A COLLEGE BOARD SCHOOL,living_environment,69.95,5.0,51.0,14.0,70.0,24.0,9.0,7.3,47.05882353,27.0,8.2,6.3,52.94117647,5.0,9.803921569,12.0,23.52941176,9.0,17.64705882,23.0,45.09803922,2019.8125,89.5625,21.71,78.29,23.72375,0.0,19.381875,80.191875,0.42625,40.813612,-73.920851,10454.0,General Academic,High school,Hunts Point - Mott Haven,10454
72X227,BRONX COLLEGIATE ACADEMY,common_core_algebra,62.42142857142857,5.0,27.0,10.0,42.0,12.0,10.0,7.8,44.44444444,15.0,12.9,8.7,55.55555556,,,6.0,22.22222222,8.0,29.62962963,10.0,37.03703704,2019.95,149.2,46.740500000000004,53.2595,11.265,0.5015000000000001,23.0745,76.4235,0.0,40.839307,-73.911366,10457.0,General Academic,High school,Crotona - Tremont,10457
72X227,BRONX COLLEGIATE ACADEMY,common_core_english,62.028571428571425,5.0,27.0,10.0,42.0,12.0,10.0,7.8,44.44444444,15.0,12.9,8.7,55.55555556,,,6.0,22.22222222,8.0,29.62962963,10.0,37.03703704,2019.95,149.2,46.740500000000004,53.2595,11.265,0.5015000000000001,23.0745,76.4235,0.0,40.839307,-73.911366,10457.0,General Academic,High school,Crotona - Tremont,10457
72X227,BRONX COLLEGIATE ACADEMY,living_environment,62.06,5.0,27.0,10.0,42.0,12.0,10.0,7.8,44.44444444,15.0,12.9,8.7,55.55555556,,,6.0,22.22222222,8.0,29.62962963,10.0,37.03703704,2019.95,149.2,46.740500000000004,53.2595,11.265,0.5015000000000001,23.0745,76.4235,0.0,40.839307,-73.911366,10457.0,General Academic,High school,Crotona - Tremont,10457
72X231,EAGLE ACADEMY FOR YOUNG MEN,common_core_algebra,56.89857142857143,4.0,37.0,15.0,56.0,17.0,10.6,6.1,45.94594595,20.0,9.1,5.7,54.054054050000005,,,16.0,43.24324324,11.0,29.729729729999995,8.0,21.62162162,2019.95,88.95,51.046499999999995,48.953500000000005,12.8625,0.0,64.6195,35.3805,0.0,40.845366,-73.897479,10457.0,General Academic,High school,Crotona - Tremont,10457
72X231,EAGLE ACADEMY FOR YOUNG MEN,common_core_english,70.14,4.0,37.0,15.0,56.0,17.0,10.6,6.1,45.94594595,20.0,9.1,5.7,54.054054050000005,,,16.0,43.24324324,11.0,29.729729729999995,8.0,21.62162162,2019.95,88.95,51.046499999999995,48.953500000000005,12.8625,0.0,64.6195,35.3805,0.0,40.845366,-73.897479,10457.0,General Academic,High school,Crotona - Tremont,10457
72X231,EAGLE ACADEMY FOR YOUNG MEN,living_environment,61.45428571428572,4.0,37.0,15.0,56.0,17.0,10.6,6.1,45.94594595,20.0,9.1,5.7,54.054054050000005,,,16.0,43.24324324,11.0,29.729729729999995,8.0,21.62162162,2019.95,88.95,51.046499999999995,48.953500000000005,12.8625,0.0,64.6195,35.3805,0.0,40.845366,-73.897479,10457.0,General Academic,High school,Crotona - Tremont,10457
72X237,THE MARIE CURIE SCHOOL FOR MEDICINE  NURSING  AND,common_core_algebra,58.181666666666665,2.0,25.0,6.0,33.0,13.0,13.7,8.2,52.0,12.0,13.2,7.199999999999999,48.0,,,6.0,24.0,,,17.0,68.0,2019.8333333333333,99.77777777777777,55.562777777777775,44.44111111111111,10.72,0.20555555555555557,35.620555555555555,64.17388888888888,0.0,40.875636,-73.901565,10463.0,General Academic,High school,Kingsbridge - Riverdale,10463
72X237,THE MARIE CURIE SCHOOL FOR MEDICINE  NURSING  AND,common_core_english,62.65333333333333,2.0,25.0,6.0,33.0,13.0,13.7,8.2,52.0,12.0,13.2,7.199999999999999,48.0,,,6.0,24.0,,,17.0,68.0,2019.8333333333333,99.77777777777777,55.562777777777775,44.44111111111111,10.72,0.20555555555555557,35.620555555555555,64.17388888888888,0.0,40.875636,-73.901565,10463.0,General Academic,High school,Kingsbridge - Riverdale,10463
72X237,THE MARIE CURIE SCHOOL FOR MEDICINE  NURSING  AND,living_environment,60.88,2.0,25.0,6.0,33.0,13.0,13.7,8.2,52.0,12.0,13.2,7.199999999999999,48.0,,,6.0,24.0,,,17.0,68.0,2019.8333333333333,99.77777777777777,55.562777777777775,44.44111111111111,10.72,0.20555555555555557,35.620555555555555,64.17388888888888,0.0,40.875636,-73.901565,10463.0,General Academic,High school,Kingsbridge - Riverdale,10463
72X241,URBAN ASSEMBLY SCHOOL FOR APPLIED MATH AND SCIENCE,common_core_algebra,61.38428571428572,4.0,65.0,9.0,78.0,30.0,7.199999999999999,6.0,46.15384615,35.0,4.8,3.9000000000000004,53.84615385,,,16.0,24.61538462,22.0,33.84615385,22.0,33.84615385,2019.888888888889,87.38888888888889,43.46333333333334,56.53666666666666,17.50277777777778,0.0,15.95611111111111,84.04388888888889,0.0,40.839508,-73.901774,10457.0,General Academic,High school,Crotona - Tremont,10457
72X241,URBAN ASSEMBLY SCHOOL FOR APPLIED MATH AND SCIENCE,common_core_english,68.69,4.0,65.0,9.0,78.0,30.0,7.199999999999999,6.0,46.15384615,35.0,4.8,3.9000000000000004,53.84615385,,,16.0,24.61538462,22.0,33.84615385,22.0,33.84615385,2019.888888888889,87.38888888888889,43.46333333333334,56.53666666666666,17.50277777777778,0.0,15.95611111111111,84.04388888888889,0.0,40.839508,-73.901774,10457.0,General Academic,High school,Crotona - Tremont,10457
72X241,URBAN ASSEMBLY SCHOOL FOR APPLIED MATH AND SCIENCE,living_environment,65.39,4.0,65.0,9.0,78.0,30.0,7.199999999999999,6.0,46.15384615,35.0,4.8,3.9000000000000004,53.84615385,,,16.0,24.61538462,22.0,33.84615385,22.0,33.84615385,2019.888888888889,87.38888888888889,43.46333333333334,56.53666666666666,17.50277777777778,0.0,15.95611111111111,84.04388888888889,0.0,40.839508,-73.901774,10457.0,General Academic,High school,Crotona - Tremont,10457
72X243,WEST BRONX ACADEMY FOR THE FUTURE,common_core_algebra,60.64200000000001,4.0,55.0,15.0,74.0,19.0,9.5,7.7,34.54545455,36.0,8.7,6.5,65.45454545,,,13.0,23.63636364,20.0,36.36363636,19.0,34.54545455,2019.5625,117.75,45.993125,54.00875,17.826875,0.1725,16.178125,83.649375,0.0,40.859466,-73.888625,10458.0,General Academic,High school,Fordham - Bronx Park,10458
72X243,WEST BRONX ACADEMY FOR THE FUTURE,common_core_english,73.155,4.0,55.0,15.0,74.0,19.0,9.5,7.7,34.54545455,36.0,8.7,6.5,65.45454545,,,13.0,23.63636364,20.0,36.36363636,19.0,34.54545455,2019.5625,117.75,45.993125,54.00875,17.826875,0.1725,16.178125,83.649375,0.0,40.859466,-73.888625,10458.0,General Academic,High school,Fordham - Bronx Park,10458
72X243,WEST BRONX ACADEMY FOR THE FUTURE,living_environment,55.958000000000006,4.0,55.0,15.0,74.0,19.0,9.5,7.7,34.54545455,36.0,8.7,6.5,65.45454545,,,13.0,23.63636364,20.0,36.36363636,19.0,34.54545455,2019.5625,117.75,45.993125,54.00875,17.826875,0.1725,16.178125,83.649375,0.0,40.859466,-73.888625,10458.0,General Academic,High school,Fordham - Bronx Park,10458
72X249,BRONX HEALTH SCIENCES HIGH SCHOOL,common_core_algebra,58.88833333333333,3.0,25.0,6.0,34.0,15.0,7.3,4.9,60.0,10.0,11.1,6.3,40.0,,,,,,,16.0,64.0,2019.6875,88.4375,47.109375,52.890625,17.24125,2.924375,57.549375,39.004374999999996,0.52125,40.874035,-73.831669,10475.0,General Academic,High school,Northeast Bronx,10475
72X249,BRONX HEALTH SCIENCES HIGH SCHOOL,common_core_english,72.935,3.0,25.0,6.0,34.0,15.0,7.3,4.9,60.0,10.0,11.1,6.3,40.0,,,,,,,16.0,64.0,2019.6875,88.4375,47.109375,52.890625,17.24125,2.924375,57.549375,39.004374999999996,0.52125,40.874035,-73.831669,10475.0,General Academic,High school,Northeast Bronx,10475
72X249,BRONX HEALTH SCIENCES HIGH SCHOOL,living_environment,62.94166666666666,3.0,25.0,6.0,34.0,15.0,7.3,4.9,60.0,10.0,11.1,6.3,40.0,,,,,,,16.0,64.0,2019.6875,88.4375,47.109375,52.890625,17.24125,2.924375,57.549375,39.004374999999996,0.52125,40.874035,-73.831669,10475.0,General Academic,High school,Northeast Bronx,10475
72X250,EXIMIUS COLLEGE PREPARATORY ACADEMY: A COLLEGE BOA,common_core_algebra,65.59333333333333,3.0,28.0,10.0,41.0,10.0,12.7,6.0,35.71428571,18.0,9.9,5.9,64.28571429,,,6.0,21.42857143,7.0,25.0,13.0,46.42857143,2019.8333333333333,92.11111111111111,38.43111111111111,61.56888888888889,21.165000000000003,0.0,25.0,75.0,0.0,40.833884,-73.902794,10456.0,General Academic,High school,High Bridge - Morrisania,10456
72X250,EXIMIUS COLLEGE PREPARATORY ACADEMY: A COLLEGE BOA,common_core_english,73.47333333333333,3.0,28.0,10.0,41.0,10.0,12.7,6.0,35.71428571,18.0,9.9,5.9,64.28571429,,,6.0,21.42857143,7.0,25.0,13.0,46.42857143,2019.8333333333333,92.11111111111111,38.43111111111111,61.56888888888889,21.165000000000003,0.0,25.0,75.0,0.0,40.833884,-73.902794,10456.0,General Academic,High school,High Bridge - Morrisania,10456
72X250,EXIMIUS COLLEGE PREPARATORY ACADEMY: A COLLEGE BOA,living_environment,61.876666666666665,3.0,28.0,10.0,41.0,10.0,12.7,6.0,35.71428571,18.0,9.9,5.9,64.28571429,,,6.0,21.42857143,7.0,25.0,13.0,46.42857143,2019.8333333333333,92.11111111111111,38.43111111111111,61.56888888888889,21.165000000000003,0.0,25.0,75.0,0.0,40.833884,-73.902794,10456.0,General Academic,High school,High Bridge - Morrisania,10456
72X251,EXPLORATIONS ACADEMY H.S.,common_core_algebra,57.53333333333333,3.0,27.0,10.0,40.0,12.0,8.3,6.3,44.44444444,15.0,9.9,4.0,55.55555556,,,5.0,18.51851852,14.0,51.85185185,8.0,29.629629629999997,2019.8333333333333,87.44444444444444,59.474999999999994,40.53111111111111,9.996111111111112,0.0,22.046666666666667,77.95333333333333,0.0,40.836245,-73.890591,10460.0,General Academic,High school,Crotona - Tremont,10460
72X251,EXPLORATIONS ACADEMY H.S.,common_core_english,60.89000000000001,3.0,27.0,10.0,40.0,12.0,8.3,6.3,44.44444444,15.0,9.9,4.0,55.55555556,,,5.0,18.51851852,14.0,51.85185185,8.0,29.629629629999997,2019.8333333333333,87.44444444444444,59.474999999999994,40.53111111111111,9.996111111111112,0.0,22.046666666666667,77.95333333333333,0.0,40.836245,-73.890591,10460.0,General Academic,High school,Crotona - Tremont,10460
72X251,EXPLORATIONS ACADEMY H.S.,living_environment,57.73333333333333,3.0,27.0,10.0,40.0,12.0,8.3,6.3,44.44444444,15.0,9.9,4.0,55.55555556,,,5.0,18.51851852,14.0,51.85185185,8.0,29.629629629999997,2019.8333333333333,87.44444444444444,59.474999999999994,40.53111111111111,9.996111111111112,0.0,22.046666666666667,77.95333333333333,0.0,40.836245,-73.890591,10460.0,General Academic,High school,Crotona - Tremont,10460
72X252,MOTT HALL BRONX HIGH SCHOOL,common_core_algebra,59.468333333333334,2.0,31.0,7.0,40.0,16.0,6.4,3.3,51.61290323,15.0,5.9,4.4,48.38709677,,,7.0,22.58064516,8.0,25.80645161,13.0,41.93548387,2019.7058823529412,95.47058823529412,42.86058823529412,57.138823529411766,20.46764705882353,0.0,23.71117647058824,76.28882352941177,0.0,40.839508,-73.901774,10457.0,General Academic,High school,Crotona - Tremont,10457
72X252,MOTT HALL BRONX HIGH SCHOOL,common_core_english,75.768,2.0,31.0,7.0,40.0,16.0,6.4,3.3,51.61290323,15.0,5.9,4.4,48.38709677,,,7.0,22.58064516,8.0,25.80645161,13.0,41.93548387,2019.7058823529412,95.47058823529412,42.86058823529412,57.138823529411766,20.46764705882353,0.0,23.71117647058824,76.28882352941177,0.0,40.839508,-73.901774,10457.0,General Academic,High school,Crotona - Tremont,10457
72X252,MOTT HALL BRONX HIGH SCHOOL,living_environment,64.14166666666667,2.0,31.0,7.0,40.0,16.0,6.4,3.3,51.61290323,15.0,5.9,4.4,48.38709677,,,7.0,22.58064516,8.0,25.80645161,13.0,41.93548387,2019.7058823529412,95.47058823529412,42.86058823529412,57.138823529411766,20.46764705882353,0.0,23.71117647058824,76.28882352941177,0.0,40.839508,-73.901774,10457.0,General Academic,High school,Crotona - Tremont,10457
72X253,BRONX HIGH SCHOOL FOR WRITING AND COMMUNICATION AR,common_core_algebra,59.08166666666667,2.0,18.0,11.0,31.0,6.0,11.6,7.800000000000001,33.33333333,12.0,16.4,7.800000000000001,66.66666667,,,8.0,44.44444444,,,6.0,33.33333333,2019.8333333333333,106.33333333333333,55.535555555555554,44.468888888888884,11.448888888888888,2.3633333333333333,53.87,43.22277777777778,0.5427777777777778,40.875172,-73.861649,10467.0,General Academic,High school,Fordham - Bronx Park,10467
72X253,BRONX HIGH SCHOOL FOR WRITING AND COMMUNICATION AR,common_core_english,64.015,2.0,18.0,11.0,31.0,6.0,11.6,7.800000000000001,33.33333333,12.0,16.4,7.800000000000001,66.66666667,,,8.0,44.44444444,,,6.0,33.33333333,2019.8333333333333,106.33333333333333,55.535555555555554,44.468888888888884,11.448888888888888,2.3633333333333333,53.87,43.22277777777778,0.5427777777777778,40.875172,-73.861649,10467.0,General Academic,High school,Fordham - Bronx Park,10467
72X253,BRONX HIGH SCHOOL FOR WRITING AND COMMUNICATION AR,living_environment,57.49666666666667,2.0,18.0,11.0,31.0,6.0,11.6,7.800000000000001,33.33333333,12.0,16.4,7.800000000000001,66.66666667,,,8.0,44.44444444,,,6.0,33.33333333,2019.8333333333333,106.33333333333333,55.535555555555554,44.468888888888884,11.448888888888888,2.3633333333333333,53.87,43.22277777777778,0.5427777777777778,40.875172,-73.861649,10467.0,General Academic,High school,Fordham - Bronx Park,10467
72X260,BRONX CENTER FOR SCIENCE AND MATHEMATICS,common_core_algebra,67.375,4.0,30.0,7.0,41.0,11.0,10.1,5.4,36.66666667,19.0,7.0,4.6,63.33333333,,,6.0,20.0,8.0,26.66666667,12.0,40.0,2019.764705882353,86.29411764705883,25.345294117647057,74.65705882352941,36.93294117647059,2.6958823529411764,21.80470588235294,75.49941176470588,0.0,40.833884,-73.902794,10456.0,General Academic,High school,High Bridge - Morrisania,10456
72X260,BRONX CENTER FOR SCIENCE AND MATHEMATICS,common_core_english,81.86,4.0,30.0,7.0,41.0,11.0,10.1,5.4,36.66666667,19.0,7.0,4.6,63.33333333,,,6.0,20.0,8.0,26.66666667,12.0,40.0,2019.764705882353,86.29411764705883,25.345294117647057,74.65705882352941,36.93294117647059,2.6958823529411764,21.80470588235294,75.49941176470588,0.0,40.833884,-73.902794,10456.0,General Academic,High school,High Bridge - Morrisania,10456
72X260,BRONX CENTER FOR SCIENCE AND MATHEMATICS,living_environment,69.304,4.0,30.0,7.0,41.0,11.0,10.1,5.4,36.66666667,19.0,7.0,4.6,63.33333333,,,6.0,20.0,8.0,26.66666667,12.0,40.0,2019.764705882353,86.29411764705883,25.345294117647057,74.65705882352941,36.93294117647059,2.6958823529411764,21.80470588235294,75.49941176470588,0.0,40.833884,-73.902794,10456.0,General Academic,High school,High Bridge - Morrisania,10456
72X263,VALIDUS PREPARATORY ACADEMY,common_core_algebra,57.70333333333334,2.0,24.0,9.0,35.0,13.0,10.6,7.0,54.16666667,11.0,12.7,6.6,45.83333333,,,12.0,50.0,,,7.0,29.16666667,2019.8333333333333,106.61111111111111,54.99388888888889,45.00611111111111,14.655555555555557,0.0,26.625555555555554,73.37444444444445,0.0,40.839508,-73.901774,10457.0,General Academic,High school,Crotona - Tremont,10457
72X263,VALIDUS PREPARATORY ACADEMY,common_core_english,68.98666666666666,2.0,24.0,9.0,35.0,13.0,10.6,7.0,54.16666667,11.0,12.7,6.6,45.83333333,,,12.0,50.0,,,7.0,29.16666667,2019.8333333333333,106.61111111111111,54.99388888888889,45.00611111111111,14.655555555555557,0.0,26.625555555555554,73.37444444444445,0.0,40.839508,-73.901774,10457.0,General Academic,High school,Crotona - Tremont,10457
72X263,VALIDUS PREPARATORY ACADEMY,living_environment,57.72833333333333,2.0,24.0,9.0,35.0,13.0,10.6,7.0,54.16666667,11.0,12.7,6.6,45.83333333,,,12.0,50.0,,,7.0,29.16666667,2019.8333333333333,106.61111111111111,54.99388888888889,45.00611111111111,14.655555555555557,0.0,26.625555555555554,73.37444444444445,0.0,40.839508,-73.901774,10457.0,General Academic,High school,Crotona - Tremont,10457
72X264,BRONX ACADEMY FOR SOFTWARE ENGINEERING (BASE),common_core_algebra,59.61166666666667,3.0,39.0,10.0,52.0,16.0,8.1,4.3,41.02564103,23.0,10.6,4.3,58.97435897,,,7.0,17.94871795,12.0,30.769230769999997,17.0,43.58974359,2019.8333333333333,101.83333333333333,45.11555555555556,54.888333333333335,17.148333333333333,3.2016666666666667,25.933333333333334,70.665,0.20055555555555554,40.855392,-73.882487,10458.0,Career Technical,High school,Fordham - Bronx Park,10458
72X264,BRONX ACADEMY FOR SOFTWARE ENGINEERING (BASE),common_core_english,70.34,3.0,39.0,10.0,52.0,16.0,8.1,4.3,41.02564103,23.0,10.6,4.3,58.97435897,,,7.0,17.94871795,12.0,30.769230769999997,17.0,43.58974359,2019.8333333333333,101.83333333333333,45.11555555555556,54.888333333333335,17.148333333333333,3.2016666666666667,25.933333333333334,70.665,0.20055555555555554,40.855392,-73.882487,10458.0,Career Technical,High school,Fordham - Bronx Park,10458
72X264,BRONX ACADEMY FOR SOFTWARE ENGINEERING (BASE),living_environment,61.70666666666667,3.0,39.0,10.0,52.0,16.0,8.1,4.3,41.02564103,23.0,10.6,4.3,58.97435897,,,7.0,17.94871795,12.0,30.769230769999997,17.0,43.58974359,2019.8333333333333,101.83333333333333,45.11555555555556,54.888333333333335,17.148333333333333,3.2016666666666667,25.933333333333334,70.665,0.20055555555555554,40.855392,-73.882487,10458.0,Career Technical,High school,Fordham - Bronx Park,10458
72X265,BRONX LAB SCHOOL,common_core_algebra,58.00333333333333,3.0,23.0,8.0,34.0,9.0,12.2,8.2,39.13043478,14.0,13.0,8.3,60.86956522,,,5.0,21.73913043,,,14.0,60.86956522,2019.8333333333333,166.44444444444446,63.54277777777778,36.45722222222222,7.506111111111112,11.722222222222221,23.99888888888889,62.30277777777778,1.9744444444444444,40.693002,-73.869305,11208.0,General Academic,High school,East New York,11208
72X265,BRONX LAB SCHOOL,common_core_english,55.324999999999996,3.0,23.0,8.0,34.0,9.0,12.2,8.2,39.13043478,14.0,13.0,8.3,60.86956522,,,5.0,21.73913043,,,14.0,60.86956522,2019.8333333333333,166.44444444444446,63.54277777777778,36.45722222222222,7.506111111111112,11.722222222222221,23.99888888888889,62.30277777777778,1.9744444444444444,40.693002,-73.869305,11208.0,General Academic,High school,East New York,11208
72X265,BRONX LAB SCHOOL,living_environment,56.425000000000004,3.0,23.0,8.0,34.0,9.0,12.2,8.2,39.13043478,14.0,13.0,8.3,60.86956522,,,5.0,21.73913043,,,14.0,60.86956522,2019.8333333333333,166.44444444444446,63.54277777777778,36.45722222222222,7.506111111111112,11.722222222222221,23.99888888888889,62.30277777777778,1.9744444444444444,40.693002,-73.869305,11208.0,General Academic,High school,East New York,11208
72X267,BRONX LATIN,common_core_algebra,61.678333333333335,3.0,48.0,13.0,64.0,19.0,10.0,4.6,39.58333333,29.0,7.8,5.5,60.41666667,,,9.0,18.75,16.0,33.33333333,18.0,37.5,2019.8235294117646,145.35294117647058,42.080588235294115,57.919411764705885,16.615294117647057,0.0,16.24764705882353,83.75235294117647,0.0,40.826933,-73.900593,10456.0,General Academic,High school,High Bridge - Morrisania,10456
72X267,BRONX LATIN,common_core_english,69.51333333333334,3.0,48.0,13.0,64.0,19.0,10.0,4.6,39.58333333,29.0,7.8,5.5,60.41666667,,,9.0,18.75,16.0,33.33333333,18.0,37.5,2019.8235294117646,145.35294117647058,42.080588235294115,57.919411764705885,16.615294117647057,0.0,16.24764705882353,83.75235294117647,0.0,40.826933,-73.900593,10456.0,General Academic,High school,High Bridge - Morrisania,10456
72X267,BRONX LATIN,living_environment,62.694,3.0,48.0,13.0,64.0,19.0,10.0,4.6,39.58333333,29.0,7.8,5.5,60.41666667,,,9.0,18.75,16.0,33.33333333,18.0,37.5,2019.8235294117646,145.35294117647058,42.080588235294115,57.919411764705885,16.615294117647057,0.0,16.24764705882353,83.75235294117647,0.0,40.826933,-73.900593,10456.0,General Academic,High school,High Bridge - Morrisania,10456
72X268,KINGSBRIDGE INTERNATIONAL HIGH SCHOOL,common_core_algebra,60.23166666666666,2.0,18.0,8.0,28.0,12.0,18.3,9.7,66.66666667,6.0,12.7,7.1,33.33333333,,,,,9.0,50.0,5.0,27.77777778,2019.5625,140.5,62.385,37.615,3.890625,1.89875,1.033125,95.820625,1.2475,40.869061,-73.897066,10468.0,General Academic,High school,Fordham - Bronx Park,10468
72X268,KINGSBRIDGE INTERNATIONAL HIGH SCHOOL,common_core_english,46.682,2.0,18.0,8.0,28.0,12.0,18.3,9.7,66.66666667,6.0,12.7,7.1,33.33333333,,,,,9.0,50.0,5.0,27.77777778,2019.5625,140.5,62.385,37.615,3.890625,1.89875,1.033125,95.820625,1.2475,40.869061,-73.897066,10468.0,General Academic,High school,Fordham - Bronx Park,10468
72X268,KINGSBRIDGE INTERNATIONAL HIGH SCHOOL,living_environment,57.246,2.0,18.0,8.0,28.0,12.0,18.3,9.7,66.66666667,6.0,12.7,7.1,33.33333333,,,,,9.0,50.0,5.0,27.77777778,2019.5625,140.5,62.385,37.615,3.890625,1.89875,1.033125,95.820625,1.2475,40.869061,-73.897066,10468.0,General Academic,High school,Fordham - Bronx Park,10468
72X269,BRONX STUDIO SCHOOL FOR WRITERS AND ARTISTS,common_core_algebra,59.691428571428574,4.0,57.0,16.0,77.0,21.0,10.9,4.2,36.84210526,36.0,8.4,4.9,63.157894739999996,,,9.0,15.789473680000002,17.0,29.8245614,28.0,49.12280702,2019.9444444444443,98.22222222222223,45.39111111111111,54.60888888888889,14.841111111111111,0.0,14.120555555555557,85.87944444444445,0.0,40.820388,-73.892961,10459.0,General Academic,High school,Hunts Point - Mott Haven,10459
72X269,BRONX STUDIO SCHOOL FOR WRITERS AND ARTISTS,common_core_english,72.224,4.0,57.0,16.0,77.0,21.0,10.9,4.2,36.84210526,36.0,8.4,4.9,63.157894739999996,,,9.0,15.789473680000002,17.0,29.8245614,28.0,49.12280702,2019.9444444444443,98.22222222222223,45.39111111111111,54.60888888888889,14.841111111111111,0.0,14.120555555555557,85.87944444444445,0.0,40.820388,-73.892961,10459.0,General Academic,High school,Hunts Point - Mott Haven,10459
72X269,BRONX STUDIO SCHOOL FOR WRITERS AND ARTISTS,living_environment,61.571666666666665,4.0,57.0,16.0,77.0,21.0,10.9,4.2,36.84210526,36.0,8.4,4.9,63.157894739999996,,,9.0,15.789473680000002,17.0,29.8245614,28.0,49.12280702,2019.9444444444443,98.22222222222223,45.39111111111111,54.60888888888889,14.841111111111111,0.0,14.120555555555557,85.87944444444445,0.0,40.820388,-73.892961,10459.0,General Academic,High school,Hunts Point - Mott Haven,10459
72X270,ACADEMY FOR SCHOLARSHIP AND ENTREPRENEURSHIP: A CO,common_core_algebra,58.155,3.0,28.0,9.0,40.0,11.0,14.1,7.599999999999999,39.28571429,17.0,13.3,8.0,60.71428571,,,14.0,50.0,,,7.0,25.0,2019.8333333333333,99.11111111111111,50.63722222222222,49.36277777777778,15.47888888888889,0.0,73.73444444444445,26.077222222222222,0.18833333333333335,40.888242,-73.852714,10466.0,General Academic,High school,Northeast Bronx,10466
72X270,ACADEMY FOR SCHOLARSHIP AND ENTREPRENEURSHIP: A CO,common_core_english,69.48333333333333,3.0,28.0,9.0,40.0,11.0,14.1,7.599999999999999,39.28571429,17.0,13.3,8.0,60.71428571,,,14.0,50.0,,,7.0,25.0,2019.8333333333333,99.11111111111111,50.63722222222222,49.36277777777778,15.47888888888889,0.0,73.73444444444445,26.077222222222222,0.18833333333333335,40.888242,-73.852714,10466.0,General Academic,High school,Northeast Bronx,10466
72X270,ACADEMY FOR SCHOLARSHIP AND ENTREPRENEURSHIP: A CO,living_environment,59.696666666666665,3.0,28.0,9.0,40.0,11.0,14.1,7.599999999999999,39.28571429,17.0,13.3,8.0,60.71428571,,,14.0,50.0,,,7.0,25.0,2019.8333333333333,99.11111111111111,50.63722222222222,49.36277777777778,15.47888888888889,0.0,73.73444444444445,26.077222222222222,0.18833333333333335,40.888242,-73.852714,10466.0,General Academic,High school,Northeast Bronx,10466
72X271,EAST BRONX ACADEMY FOR THE FUTURE,common_core_algebra,60.1,3.0,56.0,16.0,75.0,22.0,12.8,8.4,39.28571429,34.0,9.3,8.2,60.71428571,,,13.0,23.21428571,19.0,33.92857143,21.0,37.5,2019.8333333333333,166.11111111111111,52.53944444444445,47.461666666666666,8.507777777777777,1.5499999999999998,27.375555555555554,71.07499999999999,0.0,40.836821,-73.887688,10460.0,General Academic,High school,Crotona - Tremont,10460
72X271,EAST BRONX ACADEMY FOR THE FUTURE,common_core_english,63.663333333333334,3.0,56.0,16.0,75.0,22.0,12.8,8.4,39.28571429,34.0,9.3,8.2,60.71428571,,,13.0,23.21428571,19.0,33.92857143,21.0,37.5,2019.8333333333333,166.11111111111111,52.53944444444445,47.461666666666666,8.507777777777777,1.5499999999999998,27.375555555555554,71.07499999999999,0.0,40.836821,-73.887688,10460.0,General Academic,High school,Crotona - Tremont,10460
72X271,EAST BRONX ACADEMY FOR THE FUTURE,living_environment,58.54666666666666,3.0,56.0,16.0,75.0,22.0,12.8,8.4,39.28571429,34.0,9.3,8.2,60.71428571,,,13.0,23.21428571,19.0,33.92857143,21.0,37.5,2019.8333333333333,166.11111111111111,52.53944444444445,47.461666666666666,8.507777777777777,1.5499999999999998,27.375555555555554,71.07499999999999,0.0,40.836821,-73.887688,10460.0,General Academic,High school,Crotona - Tremont,10460
72X275,HIGH SCHOOL OF COMPUTERS AND TECHNOLOGY,common_core_algebra,63.163333333333334,4.0,35.0,10.0,49.0,18.0,16.9,9.3,51.42857143,17.0,11.4,7.8,48.57142857,5.0,14.28571429,11.0,31.428571430000005,,,13.0,37.14285714,2019.8947368421052,117.89473684210526,41.08105263157895,58.92421052631579,17.335789473684212,4.285263157894737,36.973684210526315,58.54526315789473,0.19473684210526318,40.875172,-73.861649,10467.0,Career Technical,High school,Fordham - Bronx Park,10467
72X275,HIGH SCHOOL OF COMPUTERS AND TECHNOLOGY,common_core_english,66.49142857142857,4.0,35.0,10.0,49.0,18.0,16.9,9.3,51.42857143,17.0,11.4,7.8,48.57142857,5.0,14.28571429,11.0,31.428571430000005,,,13.0,37.14285714,2019.8947368421052,117.89473684210526,41.08105263157895,58.92421052631579,17.335789473684212,4.285263157894737,36.973684210526315,58.54526315789473,0.19473684210526318,40.875172,-73.861649,10467.0,Career Technical,High school,Fordham - Bronx Park,10467
72X275,HIGH SCHOOL OF COMPUTERS AND TECHNOLOGY,living_environment,64.00166666666667,4.0,35.0,10.0,49.0,18.0,16.9,9.3,51.42857143,17.0,11.4,7.8,48.57142857,5.0,14.28571429,11.0,31.428571430000005,,,13.0,37.14285714,2019.8947368421052,117.89473684210526,41.08105263157895,58.92421052631579,17.335789473684212,4.285263157894737,36.973684210526315,58.54526315789473,0.19473684210526318,40.875172,-73.861649,10467.0,Career Technical,High school,Fordham - Bronx Park,10467
72X282,WOMEN'S ACADEMY OF EXCELLENCE,common_core_algebra,58.129999999999995,2.0,17.0,7.0,26.0,6.0,15.199999999999998,5.8,35.29411765,11.0,16.0,7.800000000000001,64.70588235,5.0,29.41176471,5.0,29.41176471,,,6.0,35.29411765,2019.8333333333333,59.22222222222222,58.51111111111111,41.49,10.062777777777777,9.381111111111112,34.123333333333335,46.621111111111105,9.873888888888889,40.815043,-73.85607,10473.0,General Academic,High school,Pelham - Throgs Neck,10473
72X282,WOMEN'S ACADEMY OF EXCELLENCE,common_core_english,60.615,2.0,17.0,7.0,26.0,6.0,15.199999999999998,5.8,35.29411765,11.0,16.0,7.800000000000001,64.70588235,5.0,29.41176471,5.0,29.41176471,,,6.0,35.29411765,2019.8333333333333,59.22222222222222,58.51111111111111,41.49,10.062777777777777,9.381111111111112,34.123333333333335,46.621111111111105,9.873888888888889,40.815043,-73.85607,10473.0,General Academic,High school,Pelham - Throgs Neck,10473
72X282,WOMEN'S ACADEMY OF EXCELLENCE,living_environment,57.218333333333334,2.0,17.0,7.0,26.0,6.0,15.199999999999998,5.8,35.29411765,11.0,16.0,7.800000000000001,64.70588235,5.0,29.41176471,5.0,29.41176471,,,6.0,35.29411765,2019.8333333333333,59.22222222222222,58.51111111111111,41.49,10.062777777777777,9.381111111111112,34.123333333333335,46.621111111111105,9.873888888888889,40.815043,-73.85607,10473.0,General Academic,High school,Pelham - Throgs Neck,10473
72X284,BRONX SCHOOL OF LAW AND FINANCE,common_core_algebra,59.81166666666667,3.0,25.0,10.0,38.0,9.0,14.5,9.7,36.0,16.0,11.0,7.199999999999999,64.0,,,,,9.0,36.0,10.0,40.0,2019.8333333333333,103.27777777777777,52.14833333333333,47.85166666666667,11.896666666666667,0.0,18.290555555555557,81.16444444444444,0.5449999999999999,40.877379,-73.912686,10463.0,General Academic,High school,Kingsbridge - Riverdale,10463
72X284,BRONX SCHOOL OF LAW AND FINANCE,common_core_english,65.02,3.0,25.0,10.0,38.0,9.0,14.5,9.7,36.0,16.0,11.0,7.199999999999999,64.0,,,,,9.0,36.0,10.0,40.0,2019.8333333333333,103.27777777777777,52.14833333333333,47.85166666666667,11.896666666666667,0.0,18.290555555555557,81.16444444444444,0.5449999999999999,40.877379,-73.912686,10463.0,General Academic,High school,Kingsbridge - Riverdale,10463
72X284,BRONX SCHOOL OF LAW AND FINANCE,living_environment,59.21333333333333,3.0,25.0,10.0,38.0,9.0,14.5,9.7,36.0,16.0,11.0,7.199999999999999,64.0,,,,,9.0,36.0,10.0,40.0,2019.8333333333333,103.27777777777777,52.14833333333333,47.85166666666667,11.896666666666667,0.0,18.290555555555557,81.16444444444444,0.5449999999999999,40.877379,-73.912686,10463.0,General Academic,High school,Kingsbridge - Riverdale,10463
72X288,COLLEGIATE INSTITUTE FOR MATH AND SCIENCE,common_core_algebra,66.73333333333333,4.0,32.0,10.0,46.0,10.0,12.4,4.8,31.25,22.0,13.3,4.8,68.75,,,15.0,46.875,8.0,25.0,7.0,21.875,2019.8947368421052,106.42105263157895,31.063157894736843,68.93684210526315,33.1321052631579,6.532631578947369,38.59684210526316,44.09,10.782105263157895,40.860443,-73.860729,10469.0,General Academic,High school,Northeast Bronx,10469
72X288,COLLEGIATE INSTITUTE FOR MATH AND SCIENCE,common_core_english,79.02333333333333,4.0,32.0,10.0,46.0,10.0,12.4,4.8,31.25,22.0,13.3,4.8,68.75,,,15.0,46.875,8.0,25.0,7.0,21.875,2019.8947368421052,106.42105263157895,31.063157894736843,68.93684210526315,33.1321052631579,6.532631578947369,38.59684210526316,44.09,10.782105263157895,40.860443,-73.860729,10469.0,General Academic,High school,Northeast Bronx,10469
72X288,COLLEGIATE INSTITUTE FOR MATH AND SCIENCE,living_environment,67.21000000000001,4.0,32.0,10.0,46.0,10.0,12.4,4.8,31.25,22.0,13.3,4.8,68.75,,,15.0,46.875,8.0,25.0,7.0,21.875,2019.8947368421052,106.42105263157895,31.063157894736843,68.93684210526315,33.1321052631579,6.532631578947369,38.59684210526316,44.09,10.782105263157895,40.860443,-73.860729,10469.0,General Academic,High school,Northeast Bronx,10469
72X290,BRONX ACADEMY OF HEALTH CAREERS,common_core_algebra,56.723333333333336,3.0,26.0,7.0,36.0,9.0,9.3,6.5,34.61538462,17.0,8.6,5.3,65.38461538,,,12.0,46.15384615,9.0,34.61538462,,,2019.8333333333333,107.22222222222223,53.33888888888889,46.666111111111114,11.366666666666667,0.8738888888888889,42.68222222222222,56.44388888888889,0.0,40.875172,-73.861649,10467.0,General Academic,High school,Fordham - Bronx Park,10467
72X290,BRONX ACADEMY OF HEALTH CAREERS,common_core_english,66.56,3.0,26.0,7.0,36.0,9.0,9.3,6.5,34.61538462,17.0,8.6,5.3,65.38461538,,,12.0,46.15384615,9.0,34.61538462,,,2019.8333333333333,107.22222222222223,53.33888888888889,46.666111111111114,11.366666666666667,0.8738888888888889,42.68222222222222,56.44388888888889,0.0,40.875172,-73.861649,10467.0,General Academic,High school,Fordham - Bronx Park,10467
72X290,BRONX ACADEMY OF HEALTH CAREERS,living_environment,60.385,3.0,26.0,7.0,36.0,9.0,9.3,6.5,34.61538462,17.0,8.6,5.3,65.38461538,,,12.0,46.15384615,9.0,34.61538462,,,2019.8333333333333,107.22222222222223,53.33888888888889,46.666111111111114,11.366666666666667,0.8738888888888889,42.68222222222222,56.44388888888889,0.0,40.875172,-73.861649,10467.0,General Academic,High school,Fordham - Bronx Park,10467
72X293,RENAISSANCE HIGH SCHOOL FOR MUSICAL THEATER AND TH,common_core_algebra,59.14666666666667,3.0,34.0,9.0,46.0,19.0,8.5,5.9,55.88235294,15.0,11.4,6.5,44.11764706,,,6.0,17.64705882,11.0,32.35294118,14.0,41.17647059,2019.6875,105.8125,42.813125,57.188125,17.698125,0.0,25.888125,68.26,5.8531249999999995,40.839775,-73.839583,10461.0,General Academic,High school,Pelham - Throgs Neck,10461
72X293,RENAISSANCE HIGH SCHOOL FOR MUSICAL THEATER AND TH,common_core_english,72.22200000000001,3.0,34.0,9.0,46.0,19.0,8.5,5.9,55.88235294,15.0,11.4,6.5,44.11764706,,,6.0,17.64705882,11.0,32.35294118,14.0,41.17647059,2019.6875,105.8125,42.813125,57.188125,17.698125,0.0,25.888125,68.26,5.8531249999999995,40.839775,-73.839583,10461.0,General Academic,High school,Pelham - Throgs Neck,10461
72X293,RENAISSANCE HIGH SCHOOL FOR MUSICAL THEATER AND TH,living_environment,65.452,3.0,34.0,9.0,46.0,19.0,8.5,5.9,55.88235294,15.0,11.4,6.5,44.11764706,,,6.0,17.64705882,11.0,32.35294118,14.0,41.17647059,2019.6875,105.8125,42.813125,57.188125,17.698125,0.0,25.888125,68.26,5.8531249999999995,40.839775,-73.839583,10461.0,General Academic,High school,Pelham - Throgs Neck,10461
72X297,MORRIS ACADEMY FOR COLLABORATIVE STUDIES,common_core_algebra,62.72428571428571,3.0,38.0,10.0,51.0,17.0,5.2,3.3999999999999995,44.73684211,21.0,10.4,7.700000000000001,55.26315789,,,7.0,18.42105263,9.0,23.68421053,15.0,39.47368421,2020.0,119.33333333333333,40.71952380952381,59.28380952380952,17.793333333333333,0.0,22.801904761904762,77.19809523809525,0.0,40.827455,-73.90392,10456.0,General Academic,High school,High Bridge - Morrisania,10456
72X297,MORRIS ACADEMY FOR COLLABORATIVE STUDIES,common_core_english,69.95714285714286,3.0,38.0,10.0,51.0,17.0,5.2,3.3999999999999995,44.73684211,21.0,10.4,7.700000000000001,55.26315789,,,7.0,18.42105263,9.0,23.68421053,15.0,39.47368421,2020.0,119.33333333333333,40.71952380952381,59.28380952380952,17.793333333333333,0.0,22.801904761904762,77.19809523809525,0.0,40.827455,-73.90392,10456.0,General Academic,High school,High Bridge - Morrisania,10456
72X297,MORRIS ACADEMY FOR COLLABORATIVE STUDIES,living_environment,62.15571428571428,3.0,38.0,10.0,51.0,17.0,5.2,3.3999999999999995,44.73684211,21.0,10.4,7.700000000000001,55.26315789,,,7.0,18.42105263,9.0,23.68421053,15.0,39.47368421,2020.0,119.33333333333333,40.71952380952381,59.28380952380952,17.793333333333333,0.0,22.801904761904762,77.19809523809525,0.0,40.827455,-73.90392,10456.0,General Academic,High school,High Bridge - Morrisania,10456
72X299,ASTOR COLLEGIATE ACADEMY,common_core_algebra,61.86166666666667,3.0,32.0,10.0,45.0,16.0,14.600000000000001,9.5,50.0,16.0,9.0,6.7,50.0,,,10.0,31.25,,,16.0,50.0,2019.8333333333333,126.11111111111111,47.25611111111111,52.74611111111111,15.723333333333333,5.626111111111111,32.15611111111111,51.392222222222216,10.825555555555555,40.860443,-73.860729,10469.0,General Academic,High school,Northeast Bronx,10469
72X299,ASTOR COLLEGIATE ACADEMY,common_core_english,64.36833333333334,3.0,32.0,10.0,45.0,16.0,14.600000000000001,9.5,50.0,16.0,9.0,6.7,50.0,,,10.0,31.25,,,16.0,50.0,2019.8333333333333,126.11111111111111,47.25611111111111,52.74611111111111,15.723333333333333,5.626111111111111,32.15611111111111,51.392222222222216,10.825555555555555,40.860443,-73.860729,10469.0,General Academic,High school,Northeast Bronx,10469
72X299,ASTOR COLLEGIATE ACADEMY,living_environment,63.52166666666667,3.0,32.0,10.0,45.0,16.0,14.600000000000001,9.5,50.0,16.0,9.0,6.7,50.0,,,10.0,31.25,,,16.0,50.0,2019.8333333333333,126.11111111111111,47.25611111111111,52.74611111111111,15.723333333333333,5.626111111111111,32.15611111111111,51.392222222222216,10.825555555555555,40.860443,-73.860729,10469.0,General Academic,High school,Northeast Bronx,10469
72X312,MILLENNIUM ART ACADEMY,common_core_algebra,60.211666666666666,3.0,36.0,6.0,45.0,12.0,9.1,6.9,33.33333333,24.0,12.7,6.4,66.66666667,,,5.0,13.88888889,10.0,27.77777778,18.0,50.0,2019.7058823529412,124.05882352941177,43.16294117647059,56.83705882352941,15.70705882352941,0.0,29.86764705882353,69.77235294117648,0.3594117647058823,40.821218,-73.85593,10473.0,General Academic,High school,Pelham - Throgs Neck,10473
72X312,MILLENNIUM ART ACADEMY,common_core_english,67.73,3.0,36.0,6.0,45.0,12.0,9.1,6.9,33.33333333,24.0,12.7,6.4,66.66666667,,,5.0,13.88888889,10.0,27.77777778,18.0,50.0,2019.7058823529412,124.05882352941177,43.16294117647059,56.83705882352941,15.70705882352941,0.0,29.86764705882353,69.77235294117648,0.3594117647058823,40.821218,-73.85593,10473.0,General Academic,High school,Pelham - Throgs Neck,10473
72X312,MILLENNIUM ART ACADEMY,living_environment,65.148,3.0,36.0,6.0,45.0,12.0,9.1,6.9,33.33333333,24.0,12.7,6.4,66.66666667,,,5.0,13.88888889,10.0,27.77777778,18.0,50.0,2019.7058823529412,124.05882352941177,43.16294117647059,56.83705882352941,15.70705882352941,0.0,29.86764705882353,69.77235294117648,0.3594117647058823,40.821218,-73.85593,10473.0,General Academic,High school,Pelham - Throgs Neck,10473
72X320,PELHAM LAB HIGH SCHOOL,common_core_algebra,58.205000000000005,3.0,29.0,11.0,43.0,16.0,9.5,4.9,55.17241379,13.0,8.1,5.0,44.82758621,5.0,17.24137931,7.0,24.13793103,7.0,24.13793103,10.0,34.48275862,2019.7058823529412,121.17647058823529,55.78588235294118,44.21470588235294,10.841176470588236,7.693529411764706,26.00764705882353,63.277058823529416,3.023529411764706,40.839775,-73.839583,10461.0,General Academic,High school,Pelham - Throgs Neck,10461
72X320,PELHAM LAB HIGH SCHOOL,common_core_english,63.974000000000004,3.0,29.0,11.0,43.0,16.0,9.5,4.9,55.17241379,13.0,8.1,5.0,44.82758621,5.0,17.24137931,7.0,24.13793103,7.0,24.13793103,10.0,34.48275862,2019.7058823529412,121.17647058823529,55.78588235294118,44.21470588235294,10.841176470588236,7.693529411764706,26.00764705882353,63.277058823529416,3.023529411764706,40.839775,-73.839583,10461.0,General Academic,High school,Pelham - Throgs Neck,10461
72X320,PELHAM LAB HIGH SCHOOL,living_environment,58.41833333333333,3.0,29.0,11.0,43.0,16.0,9.5,4.9,55.17241379,13.0,8.1,5.0,44.82758621,5.0,17.24137931,7.0,24.13793103,7.0,24.13793103,10.0,34.48275862,2019.7058823529412,121.17647058823529,55.78588235294118,44.21470588235294,10.841176470588236,7.693529411764706,26.00764705882353,63.277058823529416,3.023529411764706,40.839775,-73.839583,10461.0,General Academic,High school,Pelham - Throgs Neck,10461
72X329,DREAMYARD PREPARATORY SCHOOL,common_core_algebra,57.57833333333334,2.0,26.0,8.0,36.0,7.0,8.2,5.0,26.92307692,19.0,6.1,4.1,73.07692308,,,7.0,26.92307692,9.0,34.61538462,7.0,26.92307692,2019.8235294117646,102.52941176470588,50.95411764705882,49.04588235294118,13.124117647058824,0.0,17.382941176470588,82.61705882352942,0.0,40.839307,-73.911366,10457.0,General Academic,High school,Crotona - Tremont,10457
72X329,DREAMYARD PREPARATORY SCHOOL,common_core_english,66.14666666666666,2.0,26.0,8.0,36.0,7.0,8.2,5.0,26.92307692,19.0,6.1,4.1,73.07692308,,,7.0,26.92307692,9.0,34.61538462,7.0,26.92307692,2019.8235294117646,102.52941176470588,50.95411764705882,49.04588235294118,13.124117647058824,0.0,17.382941176470588,82.61705882352942,0.0,40.839307,-73.911366,10457.0,General Academic,High school,Crotona - Tremont,10457
72X329,DREAMYARD PREPARATORY SCHOOL,living_environment,60.124,2.0,26.0,8.0,36.0,7.0,8.2,5.0,26.92307692,19.0,6.1,4.1,73.07692308,,,7.0,26.92307692,9.0,34.61538462,7.0,26.92307692,2019.8235294117646,102.52941176470588,50.95411764705882,49.04588235294118,13.124117647058824,0.0,17.382941176470588,82.61705882352942,0.0,40.839307,-73.911366,10457.0,General Academic,High school,Crotona - Tremont,10457
72X334,INTERNATIONAL COMMUNITY HIGH SCHOOL,common_core_english,60.11833333333334,3.0,27.0,14.0,44.0,14.0,12.0,8.9,51.85185185,13.0,8.6,5.599999999999999,48.14814815,5.0,18.51851852,,,8.0,29.62962963,10.0,37.03703704,2019.8333333333333,111.0,45.91,54.09,18.05333333333333,0.9183333333333333,18.419999999999998,80.66166666666666,0.0,40.810314,-73.918774,10454.0,General Academic,High school,Hunts Point - Mott Haven,10454
72X342,INTERNATIONAL SCHOOL FOR LIBERAL ARTS,common_core_algebra,62.2,3.0,44.0,7.0,54.0,15.0,14.2,8.7,34.09090909,29.0,9.9,5.5,65.90909091,,,,,29.0,65.90909091,9.0,20.45454545,2020.4285714285713,131.07142857142858,56.042857142857144,43.957142857142856,6.835714285714286,0.0,0.0,100.0,0.0,40.869061,-73.897066,10468.0,General Academic,High school,Fordham - Bronx Park,10468
72X342,INTERNATIONAL SCHOOL FOR LIBERAL ARTS,common_core_english,55.339999999999996,3.0,44.0,7.0,54.0,15.0,14.2,8.7,34.09090909,29.0,9.9,5.5,65.90909091,,,,,29.0,65.90909091,9.0,20.45454545,2020.4285714285713,131.07142857142858,56.042857142857144,43.957142857142856,6.835714285714286,0.0,0.0,100.0,0.0,40.869061,-73.897066,10468.0,General Academic,High school,Fordham - Bronx Park,10468
72X342,INTERNATIONAL SCHOOL FOR LIBERAL ARTS,living_environment,56.3,3.0,44.0,7.0,54.0,15.0,14.2,8.7,34.09090909,29.0,9.9,5.5,65.90909091,,,,,29.0,65.90909091,9.0,20.45454545,2020.4285714285713,131.07142857142858,56.042857142857144,43.957142857142856,6.835714285714286,0.0,0.0,100.0,0.0,40.869061,-73.897066,10468.0,General Academic,High school,Fordham - Bronx Park,10468
72X348,SCHUYLERVILLE PREPARATORY HIGH SCHOOL,common_core_algebra,54.76166666666666,3.0,27.0,7.0,37.0,12.0,10.9,5.5,44.44444444,15.0,12.6,5.1,55.55555556,,,5.0,18.51851852,8.0,29.629629629999997,10.0,37.03703704,2019.8333333333333,112.11111111111111,59.535,40.46666666666667,12.594444444444443,3.7583333333333337,28.24888888888889,61.029444444444444,6.963333333333334,40.839775,-73.839583,10461.0,General Academic,High school,Pelham - Throgs Neck,10461
72X348,SCHUYLERVILLE PREPARATORY HIGH SCHOOL,common_core_english,64.99666666666667,3.0,27.0,7.0,37.0,12.0,10.9,5.5,44.44444444,15.0,12.6,5.1,55.55555556,,,5.0,18.51851852,8.0,29.629629629999997,10.0,37.03703704,2019.8333333333333,112.11111111111111,59.535,40.46666666666667,12.594444444444443,3.7583333333333337,28.24888888888889,61.029444444444444,6.963333333333334,40.839775,-73.839583,10461.0,General Academic,High school,Pelham - Throgs Neck,10461
72X348,SCHUYLERVILLE PREPARATORY HIGH SCHOOL,living_environment,57.346666666666664,3.0,27.0,7.0,37.0,12.0,10.9,5.5,44.44444444,15.0,12.6,5.1,55.55555556,,,5.0,18.51851852,8.0,29.629629629999997,10.0,37.03703704,2019.8333333333333,112.11111111111111,59.535,40.46666666666667,12.594444444444443,3.7583333333333337,28.24888888888889,61.029444444444444,6.963333333333334,40.839775,-73.839583,10461.0,General Academic,High school,Pelham - Throgs Neck,10461
72X349,BRONX RIVER HIGH SCHOOL,common_core_algebra,61.56,3.0,35.0,11.0,49.0,15.0,6.6,3.7,42.85714286,20.0,10.4,5.3,57.14285714,,,,,11.0,31.42857143,17.0,48.57142857,2019.7058823529412,113.17647058823529,46.94117647058823,53.06235294117647,13.574705882352943,4.919411764705882,25.46470588235294,66.87764705882353,2.739411764705882,40.839775,-73.839583,10461.0,General Academic,High school,Pelham - Throgs Neck,10461
72X349,BRONX RIVER HIGH SCHOOL,common_core_english,69.41799999999999,3.0,35.0,11.0,49.0,15.0,6.6,3.7,42.85714286,20.0,10.4,5.3,57.14285714,,,,,11.0,31.42857143,17.0,48.57142857,2019.7058823529412,113.17647058823529,46.94117647058823,53.06235294117647,13.574705882352943,4.919411764705882,25.46470588235294,66.87764705882353,2.739411764705882,40.839775,-73.839583,10461.0,General Academic,High school,Pelham - Throgs Neck,10461
72X349,BRONX RIVER HIGH SCHOOL,living_environment,59.26333333333333,3.0,35.0,11.0,49.0,15.0,6.6,3.7,42.85714286,20.0,10.4,5.3,57.14285714,,,,,11.0,31.42857143,17.0,48.57142857,2019.7058823529412,113.17647058823529,46.94117647058823,53.06235294117647,13.574705882352943,4.919411764705882,25.46470588235294,66.87764705882353,2.739411764705882,40.839775,-73.839583,10461.0,General Academic,High school,Pelham - Throgs Neck,10461
72X351,BRONX COLLABORATIVE HIGH SCHOOL,common_core_algebra,64.72,3.0,38.0,10.0,51.0,15.0,8.1,3.9,39.47368421,23.0,8.8,4.1,60.52631579,,,5.0,13.15789474,8.0,21.05263158,23.0,60.52631579,2019.7142857142858,127.42857142857143,43.79714285714285,56.20285714285715,22.49857142857143,1.4957142857142858,27.262857142857143,70.34285714285714,0.8985714285714286,40.879958,-73.889011,10468.0,General Academic,High school,Fordham - Bronx Park,10468
72X351,BRONX COLLABORATIVE HIGH SCHOOL,common_core_english,61.550000000000004,3.0,38.0,10.0,51.0,15.0,8.1,3.9,39.47368421,23.0,8.8,4.1,60.52631579,,,5.0,13.15789474,8.0,21.05263158,23.0,60.52631579,2019.7142857142858,127.42857142857143,43.79714285714285,56.20285714285715,22.49857142857143,1.4957142857142858,27.262857142857143,70.34285714285714,0.8985714285714286,40.879958,-73.889011,10468.0,General Academic,High school,Fordham - Bronx Park,10468
72X353,WORLD VIEW HIGH SCHOOL,common_core_algebra,63.50333333333333,4.0,48.0,14.0,66.0,19.0,4.2,3.0,39.58333333,29.0,5.7,3.7000000000000006,60.416666670000005,,,,,18.0,37.5,23.0,47.91666667,2019.8333333333333,151.66666666666666,39.26833333333334,60.73166666666667,23.188333333333333,1.885,17.35222222222222,80.61111111111111,0.15166666666666667,40.879958,-73.889011,10468.0,General Academic,High school,Fordham - Bronx Park,10468
72X353,WORLD VIEW HIGH SCHOOL,common_core_english,70.40333333333334,4.0,48.0,14.0,66.0,19.0,4.2,3.0,39.58333333,29.0,5.7,3.7000000000000006,60.416666670000005,,,,,18.0,37.5,23.0,47.91666667,2019.8333333333333,151.66666666666666,39.26833333333334,60.73166666666667,23.188333333333333,1.885,17.35222222222222,80.61111111111111,0.15166666666666667,40.879958,-73.889011,10468.0,General Academic,High school,Fordham - Bronx Park,10468
72X353,WORLD VIEW HIGH SCHOOL,living_environment,66.58333333333333,4.0,48.0,14.0,66.0,19.0,4.2,3.0,39.58333333,29.0,5.7,3.7000000000000006,60.416666670000005,,,,,18.0,37.5,23.0,47.91666667,2019.8333333333333,151.66666666666666,39.26833333333334,60.73166666666667,23.188333333333333,1.885,17.35222222222222,80.61111111111111,0.15166666666666667,40.879958,-73.889011,10468.0,General Academic,High school,Fordham - Bronx Park,10468
72X365,ACADEMY FOR LANGUAGE AND TECHNOLOGY,common_core_algebra,63.225,2.0,23.0,5.0,30.0,9.0,5.5,4.6,39.13043478,14.0,3.6,3.6,60.86956522,,,,,12.0,52.17391304,9.0,39.13043478,2020.2666666666667,125.13333333333334,46.92,53.080000000000005,16.806666666666665,0.0,0.0,100.0,0.0,40.849416,-73.915217,10453.0,General Academic,High school,Crotona - Tremont,10453
72X365,ACADEMY FOR LANGUAGE AND TECHNOLOGY,common_core_english,63.48333333333333,2.0,23.0,5.0,30.0,9.0,5.5,4.6,39.13043478,14.0,3.6,3.6,60.86956522,,,,,12.0,52.17391304,9.0,39.13043478,2020.2666666666667,125.13333333333334,46.92,53.080000000000005,16.806666666666665,0.0,0.0,100.0,0.0,40.849416,-73.915217,10453.0,General Academic,High school,Crotona - Tremont,10453
72X365,ACADEMY FOR LANGUAGE AND TECHNOLOGY,living_environment,60.120000000000005,2.0,23.0,5.0,30.0,9.0,5.5,4.6,39.13043478,14.0,3.6,3.6,60.86956522,,,,,12.0,52.17391304,9.0,39.13043478,2020.2666666666667,125.13333333333334,46.92,53.080000000000005,16.806666666666665,0.0,0.0,100.0,0.0,40.849416,-73.915217,10453.0,General Academic,High school,Crotona - Tremont,10453
72X374,KNOWLEDGE AND POWER PREPARATORY ACADEMY INTERNATIO,common_core_algebra,63.88333333333333,3.0,32.0,7.0,42.0,14.0,4.6,3.9000000000000004,43.75,18.0,6.7,3.3,56.25,,,,,9.0,28.125,16.0,50.0,2019.8333333333333,110.66666666666667,37.75888888888889,62.24111111111111,18.401111111111113,0.3644444444444444,26.229444444444443,72.46611111111112,0.9405555555555556,40.859466,-73.888625,10458.0,General Academic,High school,Fordham - Bronx Park,10458
72X374,KNOWLEDGE AND POWER PREPARATORY ACADEMY INTERNATIO,common_core_english,70.69166666666666,3.0,32.0,7.0,42.0,14.0,4.6,3.9000000000000004,43.75,18.0,6.7,3.3,56.25,,,,,9.0,28.125,16.0,50.0,2019.8333333333333,110.66666666666667,37.75888888888889,62.24111111111111,18.401111111111113,0.3644444444444444,26.229444444444443,72.46611111111112,0.9405555555555556,40.859466,-73.888625,10458.0,General Academic,High school,Fordham - Bronx Park,10458
72X374,KNOWLEDGE AND POWER PREPARATORY ACADEMY INTERNATIO,living_environment,65.125,3.0,32.0,7.0,42.0,14.0,4.6,3.9000000000000004,43.75,18.0,6.7,3.3,56.25,,,,,9.0,28.125,16.0,50.0,2019.8333333333333,110.66666666666667,37.75888888888889,62.24111111111111,18.401111111111113,0.3644444444444444,26.229444444444443,72.46611111111112,0.9405555555555556,40.859466,-73.888625,10458.0,General Academic,High school,Fordham - Bronx Park,10458
72X376,ANTONIA PANTOJA PREPARATORY ACADEMY: A COLLEGE BOA,common_core_algebra,57.73166666666666,3.0,36.0,12.0,51.0,15.0,10.7,7.599999999999999,41.66666667,21.0,16.2,7.400000000000001,58.333333329999995,,,10.0,27.77777778,14.0,38.88888889,9.0,25.0,2019.8333333333333,67.72222222222223,50.95222222222222,49.04777777777778,15.346111111111112,2.9866666666666664,24.609444444444446,72.405,0.0,40.821218,-73.85593,10473.0,General Academic,High school,Pelham - Throgs Neck,10473
72X376,ANTONIA PANTOJA PREPARATORY ACADEMY: A COLLEGE BOA,common_core_english,66.03166666666668,3.0,36.0,12.0,51.0,15.0,10.7,7.599999999999999,41.66666667,21.0,16.2,7.400000000000001,58.333333329999995,,,10.0,27.77777778,14.0,38.88888889,9.0,25.0,2019.8333333333333,67.72222222222223,50.95222222222222,49.04777777777778,15.346111111111112,2.9866666666666664,24.609444444444446,72.405,0.0,40.821218,-73.85593,10473.0,General Academic,High school,Pelham - Throgs Neck,10473
72X376,ANTONIA PANTOJA PREPARATORY ACADEMY: A COLLEGE BOA,living_environment,62.946666666666665,3.0,36.0,12.0,51.0,15.0,10.7,7.599999999999999,41.66666667,21.0,16.2,7.400000000000001,58.333333329999995,,,10.0,27.77777778,14.0,38.88888889,9.0,25.0,2019.8333333333333,67.72222222222223,50.95222222222222,49.04777777777778,15.346111111111112,2.9866666666666664,24.609444444444446,72.405,0.0,40.821218,-73.85593,10473.0,General Academic,High school,Pelham - Throgs Neck,10473
72X377,BRONX COMMUNITY HIGH SCHOOL,common_core_algebra,60.712,2.0,11.0,3.0,16.0,,,,,,,,,,,5.0,45.45454545,,,,,2019.5625,29.5,53.235625,46.764375,12.443125,0.0,24.685625,75.314375,0.0,40.677968,-74.014363,11238.5,Transfer School,High school,Downtown - Heights - Park Slope,11231
72X377,BRONX COMMUNITY HIGH SCHOOL,common_core_english,65.09833333333333,2.0,11.0,3.0,16.0,,,,,,,,,,,5.0,45.45454545,,,,,2019.5625,29.5,53.235625,46.764375,12.443125,0.0,24.685625,75.314375,0.0,40.677968,-74.014363,11238.5,Transfer School,High school,Downtown - Heights - Park Slope,11231
72X377,BRONX COMMUNITY HIGH SCHOOL,living_environment,60.086,2.0,11.0,3.0,16.0,,,,,,,,,,,5.0,45.45454545,,,,,2019.5625,29.5,53.235625,46.764375,12.443125,0.0,24.685625,75.314375,0.0,40.677968,-74.014363,11238.5,Transfer School,High school,Downtown - Heights - Park Slope,11231
72X379,JILL CHAIFETZ TRANSFER HIGH SCHOOL,common_core_algebra,58.69,2.0,18.0,8.0,28.0,8.0,17.4,6.7,44.44444444,10.0,11.0,4.5,55.55555556,,,,,5.0,27.77777778,9.0,50.0,2019.5625,33.4375,62.07625,37.92375,6.518125,0.0,23.965,76.035,0.0,40.818703,-73.905389,10456.0,Transfer School,High school,High Bridge - Morrisania,10456
72X379,JILL CHAIFETZ TRANSFER HIGH SCHOOL,common_core_english,60.37166666666667,2.0,18.0,8.0,28.0,8.0,17.4,6.7,44.44444444,10.0,11.0,4.5,55.55555556,,,,,5.0,27.77777778,9.0,50.0,2019.5625,33.4375,62.07625,37.92375,6.518125,0.0,23.965,76.035,0.0,40.818703,-73.905389,10456.0,Transfer School,High school,High Bridge - Morrisania,10456
72X379,JILL CHAIFETZ TRANSFER HIGH SCHOOL,living_environment,57.218,2.0,18.0,8.0,28.0,8.0,17.4,6.7,44.44444444,10.0,11.0,4.5,55.55555556,,,,,5.0,27.77777778,9.0,50.0,2019.5625,33.4375,62.07625,37.92375,6.518125,0.0,23.965,76.035,0.0,40.818703,-73.905389,10456.0,Transfer School,High school,High Bridge - Morrisania,10456
72X381,BRONX HAVEN HIGH SCHOOL,common_core_algebra,56.775999999999996,1.0,13.0,4.0,18.0,8.0,12.7,4.2,61.53846154,5.0,9.7,4.1,38.46153846,,,,,,,,,2019.5625,31.625,66.069375,33.930625,6.29625,0.0,28.415,71.585,0.0,40.818645,-73.919949,10451.0,Transfer School,High school,High Bridge - Morrisania,10451
72X381,BRONX HAVEN HIGH SCHOOL,common_core_english,59.300000000000004,1.0,13.0,4.0,18.0,8.0,12.7,4.2,61.53846154,5.0,9.7,4.1,38.46153846,,,,,,,,,2019.5625,31.625,66.069375,33.930625,6.29625,0.0,28.415,71.585,0.0,40.818645,-73.919949,10451.0,Transfer School,High school,High Bridge - Morrisania,10451
72X381,BRONX HAVEN HIGH SCHOOL,living_environment,57.79,1.0,13.0,4.0,18.0,8.0,12.7,4.2,61.53846154,5.0,9.7,4.1,38.46153846,,,,,,,,,2019.5625,31.625,66.069375,33.930625,6.29625,0.0,28.415,71.585,0.0,40.818645,-73.919949,10451.0,Transfer School,High school,High Bridge - Morrisania,10451
72X388,PAN AMERICAN INTERNATIONAL HIGH SCHOOL AT MONROE,common_core_algebra,64.78333333333333,3.0,26.0,5.0,34.0,11.0,7.0,6.2,42.30769231,15.0,9.4,6.099999999999999,57.69230769,,,,,15.0,57.69230769,11.0,42.30769231,2020.1666666666667,132.0,41.675000000000004,58.324999999999996,14.299999999999999,0.0,0.0,100.0,0.0,40.743228,-73.871505,11373.0,General Academic,High school,West Queens,11373
72X388,PAN AMERICAN INTERNATIONAL HIGH SCHOOL AT MONROE,common_core_english,60.98333333333333,3.0,26.0,5.0,34.0,11.0,7.0,6.2,42.30769231,15.0,9.4,6.099999999999999,57.69230769,,,,,15.0,57.69230769,11.0,42.30769231,2020.1666666666667,132.0,41.675000000000004,58.324999999999996,14.299999999999999,0.0,0.0,100.0,0.0,40.743228,-73.871505,11373.0,General Academic,High school,West Queens,11373
72X403,BRONX INTERNATIONAL HIGH SCHOOL,common_core_english,62.06,4.0,25.0,10.0,39.0,11.0,10.6,7.400000000000001,44.0,14.0,12.5,5.2,56.0,8.0,32.0,,,,,9.0,36.0,2019.8333333333333,95.66666666666667,41.95166666666667,58.04833333333334,19.848333333333333,1.3883333333333334,17.641666666666666,79.205,1.765,40.827455,-73.90392,10456.0,General Academic,High school,High Bridge - Morrisania,10456
72X404,SCHOOL FOR EXCELLENCE,common_core_algebra,57.905,2.0,16.0,8.0,26.0,7.0,16.3,8.4,43.75,9.0,9.7,3.4,56.25,,,8.0,50.0,,,,,2019.8235294117646,66.29411764705883,52.10941176470588,47.89411764705883,9.372941176470588,0.0,28.70705882352941,71.29294117647059,0.0,40.827455,-73.90392,10456.0,General Academic,High school,High Bridge - Morrisania,10456
72X404,SCHOOL FOR EXCELLENCE,common_core_english,62.15,2.0,16.0,8.0,26.0,7.0,16.3,8.4,43.75,9.0,9.7,3.4,56.25,,,8.0,50.0,,,,,2019.8235294117646,66.29411764705883,52.10941176470588,47.89411764705883,9.372941176470588,0.0,28.70705882352941,71.29294117647059,0.0,40.827455,-73.90392,10456.0,General Academic,High school,High Bridge - Morrisania,10456
72X404,SCHOOL FOR EXCELLENCE,living_environment,60.468,2.0,16.0,8.0,26.0,7.0,16.3,8.4,43.75,9.0,9.7,3.4,56.25,,,8.0,50.0,,,,,2019.8235294117646,66.29411764705883,52.10941176470588,47.89411764705883,9.372941176470588,0.0,28.70705882352941,71.29294117647059,0.0,40.827455,-73.90392,10456.0,General Academic,High school,High Bridge - Morrisania,10456
72X405,HERBERT H. LEHMAN HIGH SCHOOL,common_core_algebra,61.29833333333334,7.0,80.0,28.0,115.0,32.0,11.7,10.6,40.0,48.0,8.7,6.6,60.0,5.0,6.25,,,20.0,25.0,49.0,61.25,2019.8333333333333,211.5,47.36611111111111,52.63388888888889,16.875,13.570555555555556,26.51888888888889,55.30166666666666,4.607777777777778,40.839775,-73.839583,10461.0,General Academic,High school,Pelham - Throgs Neck,10461
72X405,HERBERT H. LEHMAN HIGH SCHOOL,common_core_english,64.94666666666667,7.0,80.0,28.0,115.0,32.0,11.7,10.6,40.0,48.0,8.7,6.6,60.0,5.0,6.25,,,20.0,25.0,49.0,61.25,2019.8333333333333,211.5,47.36611111111111,52.63388888888889,16.875,13.570555555555556,26.51888888888889,55.30166666666666,4.607777777777778,40.839775,-73.839583,10461.0,General Academic,High school,Pelham - Throgs Neck,10461
72X405,HERBERT H. LEHMAN HIGH SCHOOL,living_environment,62.538333333333334,7.0,80.0,28.0,115.0,32.0,11.7,10.6,40.0,48.0,8.7,6.6,60.0,5.0,6.25,,,20.0,25.0,49.0,61.25,2019.8333333333333,211.5,47.36611111111111,52.63388888888889,16.875,13.570555555555556,26.51888888888889,55.30166666666666,4.607777777777778,40.839775,-73.839583,10461.0,General Academic,High school,Pelham - Throgs Neck,10461
72X412,BRONX HIGH SCHOOL OF BUSINESS,common_core_algebra,57.62166666666667,3.0,30.0,11.0,44.0,13.0,12.1,6.4,43.33333333,17.0,7.900000000000001,4.5,56.66666667,,,8.0,26.66666667,11.0,36.66666667,10.0,33.33333333,2019.8333333333333,95.77777777777777,64.45055555555555,35.54944444444445,8.23388888888889,0.0,22.014444444444443,77.98555555555555,0.0,40.839307,-73.911366,10457.0,General Academic,High school,Crotona - Tremont,10457
72X412,BRONX HIGH SCHOOL OF BUSINESS,common_core_english,57.815,3.0,30.0,11.0,44.0,13.0,12.1,6.4,43.33333333,17.0,7.900000000000001,4.5,56.66666667,,,8.0,26.66666667,11.0,36.66666667,10.0,33.33333333,2019.8333333333333,95.77777777777777,64.45055555555555,35.54944444444445,8.23388888888889,0.0,22.014444444444443,77.98555555555555,0.0,40.839307,-73.911366,10457.0,General Academic,High school,Crotona - Tremont,10457
72X412,BRONX HIGH SCHOOL OF BUSINESS,living_environment,53.35666666666666,3.0,30.0,11.0,44.0,13.0,12.1,6.4,43.33333333,17.0,7.900000000000001,4.5,56.66666667,,,8.0,26.66666667,11.0,36.66666667,10.0,33.33333333,2019.8333333333333,95.77777777777777,64.45055555555555,35.54944444444445,8.23388888888889,0.0,22.014444444444443,77.98555555555555,0.0,40.839307,-73.911366,10457.0,General Academic,High school,Crotona - Tremont,10457
72X418,BRONX HIGH SCHOOL FOR THE VISUAL ARTS,common_core_algebra,62.41,2.0,33.0,11.0,46.0,14.0,9.4,5.9,42.42424242,19.0,11.7,7.599999999999999,57.575757579999994,,,11.0,33.33333333,8.0,24.24242424,10.0,30.303030300000003,2019.8333333333333,125.27777777777777,42.78666666666666,57.21388888888888,14.913333333333334,0.0,29.35777777777778,63.32888888888889,7.313888888888889,40.851577,-73.864438,10462.0,General Academic,High school,Pelham - Throgs Neck,10462
72X418,BRONX HIGH SCHOOL FOR THE VISUAL ARTS,common_core_english,67.93,2.0,33.0,11.0,46.0,14.0,9.4,5.9,42.42424242,19.0,11.7,7.599999999999999,57.575757579999994,,,11.0,33.33333333,8.0,24.24242424,10.0,30.303030300000003,2019.8333333333333,125.27777777777777,42.78666666666666,57.21388888888888,14.913333333333334,0.0,29.35777777777778,63.32888888888889,7.313888888888889,40.851577,-73.864438,10462.0,General Academic,High school,Pelham - Throgs Neck,10462
72X418,BRONX HIGH SCHOOL FOR THE VISUAL ARTS,living_environment,63.975,2.0,33.0,11.0,46.0,14.0,9.4,5.9,42.42424242,19.0,11.7,7.599999999999999,57.575757579999994,,,11.0,33.33333333,8.0,24.24242424,10.0,30.303030300000003,2019.8333333333333,125.27777777777777,42.78666666666666,57.21388888888888,14.913333333333334,0.0,29.35777777777778,63.32888888888889,7.313888888888889,40.851577,-73.864438,10462.0,General Academic,High school,Pelham - Throgs Neck,10462
72X427,COMMUNITY SCHOOL FOR SOCIAL JUSTICE,common_core_english,62.77,3.0,19.0,8.0,30.0,8.0,12.300000000000002,10.0,42.10526316,11.0,12.6,7.599999999999999,57.89473684,,,,,5.0,26.31578947,11.0,57.89473684,2019.8333333333333,48.333333333333336,39.78333333333333,60.23333333333333,20.715,0.0,8.933333333333332,91.06666666666666,0.0,40.815712,-73.92996,10451.0,General Academic,High school,High Bridge - Morrisania,10451
72X432,BRONX BRIDGES HIGH SCHOOL,common_core_algebra,64.14333333333333,3.0,30.0,8.0,41.0,12.0,4.6,2.7,40.0,18.0,3.9000000000000004,2.8,60.0,,,,,14.0,46.66666667,8.0,26.66666667,2019.8333333333333,135.0,50.163333333333334,49.836666666666666,8.421111111111111,10.581666666666667,5.307777777777777,82.04,2.0694444444444446,40.821218,-73.85593,10473.0,General Academic,High school,Pelham - Throgs Neck,10473
72X432,BRONX BRIDGES HIGH SCHOOL,common_core_english,55.076666666666675,3.0,30.0,8.0,41.0,12.0,4.6,2.7,40.0,18.0,3.9000000000000004,2.8,60.0,,,,,14.0,46.66666667,8.0,26.66666667,2019.8333333333333,135.0,50.163333333333334,49.836666666666666,8.421111111111111,10.581666666666667,5.307777777777777,82.04,2.0694444444444446,40.821218,-73.85593,10473.0,General Academic,High school,Pelham - Throgs Neck,10473
72X432,BRONX BRIDGES HIGH SCHOOL,living_environment,59.51166666666666,3.0,30.0,8.0,41.0,12.0,4.6,2.7,40.0,18.0,3.9000000000000004,2.8,60.0,,,,,14.0,46.66666667,8.0,26.66666667,2019.8333333333333,135.0,50.163333333333334,49.836666666666666,8.421111111111111,10.581666666666667,5.307777777777777,82.04,2.0694444444444446,40.821218,-73.85593,10473.0,General Academic,High school,Pelham - Throgs Neck,10473
72X433,HIGH SCHOOL FOR TEACHING AND THE PROFESSIONS,common_core_algebra,57.84,3.0,36.0,11.0,50.0,13.0,14.300000000000002,9.3,36.11111111,23.0,12.0,6.1,63.888888890000004,,,6.0,16.66666667,19.0,52.77777778,10.0,27.77777778,2019.8333333333333,125.5,56.998333333333335,43.001666666666665,8.318888888888889,0.0,14.46388888888889,83.75055555555555,1.7855555555555556,40.869061,-73.897066,10468.0,General Academic,High school,Fordham - Bronx Park,10468
72X433,HIGH SCHOOL FOR TEACHING AND THE PROFESSIONS,common_core_english,61.99333333333334,3.0,36.0,11.0,50.0,13.0,14.300000000000002,9.3,36.11111111,23.0,12.0,6.1,63.888888890000004,,,6.0,16.66666667,19.0,52.77777778,10.0,27.77777778,2019.8333333333333,125.5,56.998333333333335,43.001666666666665,8.318888888888889,0.0,14.46388888888889,83.75055555555555,1.7855555555555556,40.869061,-73.897066,10468.0,General Academic,High school,Fordham - Bronx Park,10468
72X433,HIGH SCHOOL FOR TEACHING AND THE PROFESSIONS,living_environment,55.48333333333333,3.0,36.0,11.0,50.0,13.0,14.300000000000002,9.3,36.11111111,23.0,12.0,6.1,63.888888890000004,,,6.0,16.66666667,19.0,52.77777778,10.0,27.77777778,2019.8333333333333,125.5,56.998333333333335,43.001666666666665,8.318888888888889,0.0,14.46388888888889,83.75055555555555,1.7855555555555556,40.869061,-73.897066,10468.0,General Academic,High school,Fordham - Bronx Park,10468
72X434,BELMONT PREPARATORY HIGH SCHOOL,common_core_algebra,61.218333333333334,3.0,25.0,11.0,39.0,11.0,15.199999999999998,10.4,44.0,14.0,15.100000000000001,8.8,56.0,,,5.0,20.0,8.0,32.0,9.0,36.0,2019.8333333333333,106.16666666666667,39.65777777777778,60.34722222222222,19.650555555555556,1.2505555555555554,20.880555555555556,77.86888888888888,0.0,40.859466,-73.888625,10458.0,General Academic,High school,Fordham - Bronx Park,10458
72X434,BELMONT PREPARATORY HIGH SCHOOL,common_core_english,69.495,3.0,25.0,11.0,39.0,11.0,15.199999999999998,10.4,44.0,14.0,15.100000000000001,8.8,56.0,,,5.0,20.0,8.0,32.0,9.0,36.0,2019.8333333333333,106.16666666666667,39.65777777777778,60.34722222222222,19.650555555555556,1.2505555555555554,20.880555555555556,77.86888888888888,0.0,40.859466,-73.888625,10458.0,General Academic,High school,Fordham - Bronx Park,10458
72X434,BELMONT PREPARATORY HIGH SCHOOL,living_environment,66.995,3.0,25.0,11.0,39.0,11.0,15.199999999999998,10.4,44.0,14.0,15.100000000000001,8.8,56.0,,,5.0,20.0,8.0,32.0,9.0,36.0,2019.8333333333333,106.16666666666667,39.65777777777778,60.34722222222222,19.650555555555556,1.2505555555555554,20.880555555555556,77.86888888888888,0.0,40.859466,-73.888625,10458.0,General Academic,High school,Fordham - Bronx Park,10458
72X437,FORDHAM HIGH SCHOOL FOR THE ARTS,common_core_algebra,65.69714285714285,3.0,29.0,8.0,40.0,12.0,1.9,1.7,41.37931034,17.0,3.7,3.0,58.62068966,,,6.0,20.68965517,,,19.0,65.51724138,2020.0,132.7,31.8615,68.1385,21.891,0.3155,35.1965,64.14450000000001,0.34400000000000003,40.859466,-73.888625,10458.0,General Academic,High school,Fordham - Bronx Park,10458
72X437,FORDHAM HIGH SCHOOL FOR THE ARTS,common_core_english,73.31428571428572,3.0,29.0,8.0,40.0,12.0,1.9,1.7,41.37931034,17.0,3.7,3.0,58.62068966,,,6.0,20.68965517,,,19.0,65.51724138,2020.0,132.7,31.8615,68.1385,21.891,0.3155,35.1965,64.14450000000001,0.34400000000000003,40.859466,-73.888625,10458.0,General Academic,High school,Fordham - Bronx Park,10458
72X437,FORDHAM HIGH SCHOOL FOR THE ARTS,living_environment,66.89166666666667,3.0,29.0,8.0,40.0,12.0,1.9,1.7,41.37931034,17.0,3.7,3.0,58.62068966,,,6.0,20.68965517,,,19.0,65.51724138,2020.0,132.7,31.8615,68.1385,21.891,0.3155,35.1965,64.14450000000001,0.34400000000000003,40.859466,-73.888625,10458.0,General Academic,High school,Fordham - Bronx Park,10458
72X438,FORDHAM LEADERSHIP ACADEMY,common_core_algebra,58.41857142857143,2.0,33.0,5.0,40.0,11.0,4.1,2.1,33.33333333,22.0,3.2,2.4,66.66666667,,,,,14.0,42.42424242,12.0,36.36363636,2020.0,120.85714285714286,57.04190476190477,42.95809523809524,10.87142857142857,0.6161904761904762,22.625238095238096,76.58333333333333,0.17523809523809525,40.859466,-73.888625,10458.0,General Academic,High school,Fordham - Bronx Park,10458
72X438,FORDHAM LEADERSHIP ACADEMY,common_core_english,64.50428571428571,2.0,33.0,5.0,40.0,11.0,4.1,2.1,33.33333333,22.0,3.2,2.4,66.66666667,,,,,14.0,42.42424242,12.0,36.36363636,2020.0,120.85714285714286,57.04190476190477,42.95809523809524,10.87142857142857,0.6161904761904762,22.625238095238096,76.58333333333333,0.17523809523809525,40.859466,-73.888625,10458.0,General Academic,High school,Fordham - Bronx Park,10458
72X438,FORDHAM LEADERSHIP ACADEMY,living_environment,56.40714285714286,2.0,33.0,5.0,40.0,11.0,4.1,2.1,33.33333333,22.0,3.2,2.4,66.66666667,,,,,14.0,42.42424242,12.0,36.36363636,2020.0,120.85714285714286,57.04190476190477,42.95809523809524,10.87142857142857,0.6161904761904762,22.625238095238096,76.58333333333333,0.17523809523809525,40.859466,-73.888625,10458.0,General Academic,High school,Fordham - Bronx Park,10458
72X439,BRONX HIGH SCHOOL FOR LAW AND COMMUNITY SERVICE,common_core_algebra,63.451666666666675,3.0,34.0,8.0,45.0,19.0,10.0,6.6,55.88235294,15.0,10.9,7.300000000000001,44.11764706,,,7.0,20.58823529,6.0,17.64705882,16.0,47.05882353,2019.8333333333333,97.66666666666667,38.79277777777778,61.20722222222222,15.434999999999999,0.0,25.895555555555557,73.54833333333333,0.5561111111111112,40.859466,-73.888625,10458.0,General Academic,High school,Fordham - Bronx Park,10458
72X439,BRONX HIGH SCHOOL FOR LAW AND COMMUNITY SERVICE,common_core_english,70.57666666666667,3.0,34.0,8.0,45.0,19.0,10.0,6.6,55.88235294,15.0,10.9,7.300000000000001,44.11764706,,,7.0,20.58823529,6.0,17.64705882,16.0,47.05882353,2019.8333333333333,97.66666666666667,38.79277777777778,61.20722222222222,15.434999999999999,0.0,25.895555555555557,73.54833333333333,0.5561111111111112,40.859466,-73.888625,10458.0,General Academic,High school,Fordham - Bronx Park,10458
72X439,BRONX HIGH SCHOOL FOR LAW AND COMMUNITY SERVICE,living_environment,63.199999999999996,3.0,34.0,8.0,45.0,19.0,10.0,6.6,55.88235294,15.0,10.9,7.300000000000001,44.11764706,,,7.0,20.58823529,6.0,17.64705882,16.0,47.05882353,2019.8333333333333,97.66666666666667,38.79277777777778,61.20722222222222,15.434999999999999,0.0,25.895555555555557,73.54833333333333,0.5561111111111112,40.859466,-73.888625,10458.0,General Academic,High school,Fordham - Bronx Park,10458
72X440,DEWITT CLINTON HIGH SCHOOL,common_core_algebra,61.83833333333333,7.0,74.0,19.0,100.0,31.0,7.900000000000001,5.6,41.89189189,43.0,6.1,4.5,58.10810811,,,13.0,17.56756757,23.0,31.081081080000004,33.0,44.59459459,2019.8333333333333,363.94444444444446,48.48833333333333,51.51555555555555,15.373333333333335,8.976111111111111,30.449444444444445,58.0611111111111,2.513888888888889,40.879958,-73.889011,10468.0,General Academic,High school,Fordham - Bronx Park,10468
72X440,DEWITT CLINTON HIGH SCHOOL,common_core_english,65.57666666666667,7.0,74.0,19.0,100.0,31.0,7.900000000000001,5.6,41.89189189,43.0,6.1,4.5,58.10810811,,,13.0,17.56756757,23.0,31.081081080000004,33.0,44.59459459,2019.8333333333333,363.94444444444446,48.48833333333333,51.51555555555555,15.373333333333335,8.976111111111111,30.449444444444445,58.0611111111111,2.513888888888889,40.879958,-73.889011,10468.0,General Academic,High school,Fordham - Bronx Park,10468
72X440,DEWITT CLINTON HIGH SCHOOL,living_environment,59.73,7.0,74.0,19.0,100.0,31.0,7.900000000000001,5.6,41.89189189,43.0,6.1,4.5,58.10810811,,,13.0,17.56756757,23.0,31.081081080000004,33.0,44.59459459,2019.8333333333333,363.94444444444446,48.48833333333333,51.51555555555555,15.373333333333335,8.976111111111111,30.449444444444445,58.0611111111111,2.513888888888889,40.879958,-73.889011,10468.0,General Academic,High school,Fordham - Bronx Park,10468
72X442,CELIA CRUZ BRONX HIGH SCHOOL OF MUSIC  THE,common_core_algebra,67.69,3.0,32.0,11.0,46.0,15.0,10.2,7.0,46.875,17.0,13.4,10.2,53.125,,,7.0,21.875,12.0,37.5,12.0,37.5,2019.8333333333333,110.33333333333333,29.68,70.32166666666666,23.99388888888889,0.0,23.065,76.77166666666666,0.16333333333333333,40.869061,-73.897066,10468.0,General Academic,High school,Fordham - Bronx Park,10468
72X442,CELIA CRUZ BRONX HIGH SCHOOL OF MUSIC  THE,common_core_english,75.925,3.0,32.0,11.0,46.0,15.0,10.2,7.0,46.875,17.0,13.4,10.2,53.125,,,7.0,21.875,12.0,37.5,12.0,37.5,2019.8333333333333,110.33333333333333,29.68,70.32166666666666,23.99388888888889,0.0,23.065,76.77166666666666,0.16333333333333333,40.869061,-73.897066,10468.0,General Academic,High school,Fordham - Bronx Park,10468
72X442,CELIA CRUZ BRONX HIGH SCHOOL OF MUSIC  THE,living_environment,65.27333333333333,3.0,32.0,11.0,46.0,15.0,10.2,7.0,46.875,17.0,13.4,10.2,53.125,,,7.0,21.875,12.0,37.5,12.0,37.5,2019.8333333333333,110.33333333333333,29.68,70.32166666666666,23.99388888888889,0.0,23.065,76.77166666666666,0.16333333333333333,40.869061,-73.897066,10468.0,General Academic,High school,Fordham - Bronx Park,10468
72X445,THE BRONX HIGH SCHOOL OF SCIENCE,common_core_algebra,89.72,10.0,138.0,24.0,172.0,73.0,12.8,9.7,52.89855072,65.0,10.3,8.6,47.10144928,24.0,17.39130435,,,13.0,9.420289855,91.0,65.94202899,2019.8125,412.3125,0.06687499999999999,99.933125,97.66125,60.140625,4.7325,10.165625,24.96125,40.879958,-73.889011,10468.0,General Academic,High school,Fordham - Bronx Park,10468
72X445,THE BRONX HIGH SCHOOL OF SCIENCE,common_core_english,94.52,10.0,138.0,24.0,172.0,73.0,12.8,9.7,52.89855072,65.0,10.3,8.6,47.10144928,24.0,17.39130435,,,13.0,9.420289855,91.0,65.94202899,2019.8125,412.3125,0.06687499999999999,99.933125,97.66125,60.140625,4.7325,10.165625,24.96125,40.879958,-73.889011,10468.0,General Academic,High school,Fordham - Bronx Park,10468
72X445,THE BRONX HIGH SCHOOL OF SCIENCE,living_environment,92.284,10.0,138.0,24.0,172.0,73.0,12.8,9.7,52.89855072,65.0,10.3,8.6,47.10144928,24.0,17.39130435,,,13.0,9.420289855,91.0,65.94202899,2019.8125,412.3125,0.06687499999999999,99.933125,97.66125,60.140625,4.7325,10.165625,24.96125,40.879958,-73.889011,10468.0,General Academic,High school,Fordham - Bronx Park,10468
72X446,ARTURO A. SCHOMBURG SATELLITE ACADEMY BRONX,common_core_english,63.40833333333333,2.0,14.0,4.0,20.0,,,,,,,,,,,6.0,42.85714286,,,,,2019.5714285714287,41.714285714285715,48.792857142857144,51.207142857142856,13.822857142857142,0.0,32.22714285714286,67.77285714285713,0.0,40.823124,-73.898265,10459.0,Transfer School,High school,Hunts Point - Mott Haven,10459
72X446,ARTURO A. SCHOMBURG SATELLITE ACADEMY BRONX,living_environment,53.75,2.0,14.0,4.0,20.0,,,,,,,,,,,6.0,42.85714286,,,,,2019.5714285714287,41.714285714285715,48.792857142857144,51.207142857142856,13.822857142857142,0.0,32.22714285714286,67.77285714285713,0.0,40.823124,-73.898265,10459.0,Transfer School,High school,Hunts Point - Mott Haven,10459
72X452,GOTHAM COLLABORATIVE HIGH SCHOOL,common_core_algebra,54.10333333333333,1.0,31.0,10.0,42.0,18.0,12.5,6.0,58.06451613,13.0,13.5,5.7,41.93548387,,,7.0,22.58064516,11.0,35.48387097,8.0,25.80645161,2019.8333333333333,125.22222222222223,61.49666666666667,38.50555555555556,10.887222222222222,3.848888888888889,30.960555555555555,65.19111111111111,0.0,40.821218,-73.85593,10473.0,General Academic,High school,Pelham - Throgs Neck,10473
72X452,GOTHAM COLLABORATIVE HIGH SCHOOL,common_core_english,61.905,1.0,31.0,10.0,42.0,18.0,12.5,6.0,58.06451613,13.0,13.5,5.7,41.93548387,,,7.0,22.58064516,11.0,35.48387097,8.0,25.80645161,2019.8333333333333,125.22222222222223,61.49666666666667,38.50555555555556,10.887222222222222,3.848888888888889,30.960555555555555,65.19111111111111,0.0,40.821218,-73.85593,10473.0,General Academic,High school,Pelham - Throgs Neck,10473
72X452,GOTHAM COLLABORATIVE HIGH SCHOOL,living_environment,58.40833333333333,1.0,31.0,10.0,42.0,18.0,12.5,6.0,58.06451613,13.0,13.5,5.7,41.93548387,,,7.0,22.58064516,11.0,35.48387097,8.0,25.80645161,2019.8333333333333,125.22222222222223,61.49666666666667,38.50555555555556,10.887222222222222,3.848888888888889,30.960555555555555,65.19111111111111,0.0,40.821218,-73.85593,10473.0,General Academic,High school,Pelham - Throgs Neck,10473
72X455,HARRY S TRUMAN HIGH SCHOOL,common_core_algebra,63.19499999999999,9.0,130.0,34.0,173.0,59.0,11.4,9.1,45.38461538,71.0,10.6,8.6,54.61538462,,,32.0,24.61538462,20.0,15.384615380000001,70.0,53.84615385,2019.8333333333333,511.8333333333333,42.565,57.434999999999995,16.691666666666666,2.993888888888889,52.215555555555554,41.79388888888889,2.9944444444444445,40.874035,-73.831669,10475.0,General Academic,High school,Northeast Bronx,10475
72X455,HARRY S TRUMAN HIGH SCHOOL,common_core_english,67.99,9.0,130.0,34.0,173.0,59.0,11.4,9.1,45.38461538,71.0,10.6,8.6,54.61538462,,,32.0,24.61538462,20.0,15.384615380000001,70.0,53.84615385,2019.8333333333333,511.8333333333333,42.565,57.434999999999995,16.691666666666666,2.993888888888889,52.215555555555554,41.79388888888889,2.9944444444444445,40.874035,-73.831669,10475.0,General Academic,High school,Northeast Bronx,10475
72X455,HARRY S TRUMAN HIGH SCHOOL,living_environment,61.80166666666667,9.0,130.0,34.0,173.0,59.0,11.4,9.1,45.38461538,71.0,10.6,8.6,54.61538462,,,32.0,24.61538462,20.0,15.384615380000001,70.0,53.84615385,2019.8333333333333,511.8333333333333,42.565,57.434999999999995,16.691666666666666,2.993888888888889,52.215555555555554,41.79388888888889,2.9944444444444445,40.874035,-73.831669,10475.0,General Academic,High school,Northeast Bronx,10475
72X473,MOTT HAVEN VILLAGE PREPARATORY HIGH SCHOOL,common_core_algebra,56.51,3.0,17.0,13.0,33.0,6.0,9.9,8.8,35.29411765,11.0,11.9,6.8,64.70588235,,,,,,,11.0,64.70588235,2019.7058823529412,103.11764705882354,62.372352941176466,37.63411764705882,6.5858823529411765,0.0,22.95352941176471,77.0464705882353,0.0,40.818041,-73.911633,10455.0,General Academic,High school,Hunts Point - Mott Haven,10455
72X473,MOTT HAVEN VILLAGE PREPARATORY HIGH SCHOOL,common_core_english,59.471666666666664,3.0,17.0,13.0,33.0,6.0,9.9,8.8,35.29411765,11.0,11.9,6.8,64.70588235,,,,,,,11.0,64.70588235,2019.7058823529412,103.11764705882354,62.372352941176466,37.63411764705882,6.5858823529411765,0.0,22.95352941176471,77.0464705882353,0.0,40.818041,-73.911633,10455.0,General Academic,High school,Hunts Point - Mott Haven,10455
72X473,MOTT HAVEN VILLAGE PREPARATORY HIGH SCHOOL,living_environment,55.70399999999999,3.0,17.0,13.0,33.0,6.0,9.9,8.8,35.29411765,11.0,11.9,6.8,64.70588235,,,,,,,11.0,64.70588235,2019.7058823529412,103.11764705882354,62.372352941176466,37.63411764705882,6.5858823529411765,0.0,22.95352941176471,77.0464705882353,0.0,40.818041,-73.911633,10455.0,General Academic,High school,Hunts Point - Mott Haven,10455
72X477,MARBLE HILL HIGH SCHOOL FOR INTERNATIONAL STUDIES,common_core_algebra,69.24666666666667,3.0,33.0,10.0,46.0,12.0,14.7,10.4,36.36363636,21.0,11.7,7.2,63.63636363999999,,,,,9.0,27.27272727,17.0,51.51515152,2019.7058823529412,102.88235294117646,30.171176470588232,69.82941176470588,30.511764705882356,10.800588235294116,12.304117647058822,75.96470588235294,0.9323529411764707,40.877379,-73.912686,10463.0,General Academic,High school,Kingsbridge - Riverdale,10463
72X477,MARBLE HILL HIGH SCHOOL FOR INTERNATIONAL STUDIES,common_core_english,77.538,3.0,33.0,10.0,46.0,12.0,14.7,10.4,36.36363636,21.0,11.7,7.2,63.63636363999999,,,,,9.0,27.27272727,17.0,51.51515152,2019.7058823529412,102.88235294117646,30.171176470588232,69.82941176470588,30.511764705882356,10.800588235294116,12.304117647058822,75.96470588235294,0.9323529411764707,40.877379,-73.912686,10463.0,General Academic,High school,Kingsbridge - Riverdale,10463
72X477,MARBLE HILL HIGH SCHOOL FOR INTERNATIONAL STUDIES,living_environment,66.94333333333333,3.0,33.0,10.0,46.0,12.0,14.7,10.4,36.36363636,21.0,11.7,7.2,63.63636363999999,,,,,9.0,27.27272727,17.0,51.51515152,2019.7058823529412,102.88235294117646,30.171176470588232,69.82941176470588,30.511764705882356,10.800588235294116,12.304117647058822,75.96470588235294,0.9323529411764707,40.877379,-73.912686,10463.0,General Academic,High school,Kingsbridge - Riverdale,10463
72X478,THE CINEMA SCHOOL,common_core_algebra,62.69833333333332,3.0,26.0,5.0,34.0,8.0,6.2,5.1,30.769230769999997,18.0,8.2,3.7999999999999994,69.23076923,,,10.0,38.46153846,5.0,19.23076923,9.0,34.61538462,2019.8333333333333,72.38888888888889,38.757777777777775,61.24222222222222,23.378888888888888,0.0,16.718333333333334,83.28166666666667,0.0,40.832508,-73.878191,10472.0,General Academic,High school,Pelham - Throgs Neck,10472
72X478,THE CINEMA SCHOOL,common_core_english,74.01666666666667,3.0,26.0,5.0,34.0,8.0,6.2,5.1,30.769230769999997,18.0,8.2,3.7999999999999994,69.23076923,,,10.0,38.46153846,5.0,19.23076923,9.0,34.61538462,2019.8333333333333,72.38888888888889,38.757777777777775,61.24222222222222,23.378888888888888,0.0,16.718333333333334,83.28166666666667,0.0,40.832508,-73.878191,10472.0,General Academic,High school,Pelham - Throgs Neck,10472
72X478,THE CINEMA SCHOOL,living_environment,63.81666666666666,3.0,26.0,5.0,34.0,8.0,6.2,5.1,30.769230769999997,18.0,8.2,3.7999999999999994,69.23076923,,,10.0,38.46153846,5.0,19.23076923,9.0,34.61538462,2019.8333333333333,72.38888888888889,38.757777777777775,61.24222222222222,23.378888888888888,0.0,16.718333333333334,83.28166666666667,0.0,40.832508,-73.878191,10472.0,General Academic,High school,Pelham - Throgs Neck,10472
72X479,BRONX CAREER AND COLLEGE PREPARATORY HIGH SCHOOL,common_core_algebra,56.895714285714284,2.0,17.0,8.0,27.0,9.0,9.2,4.2,52.941176469999995,8.0,8.9,3.0,47.05882353,,,7.0,41.17647059,5.0,29.411764709999996,,,2020.0,71.71428571428571,64.49190476190476,35.510000000000005,6.939047619047619,0.0,36.637142857142855,63.36285714285714,0.0,40.826933,-73.900593,10456.0,General Academic,High school,High Bridge - Morrisania,10456
72X479,BRONX CAREER AND COLLEGE PREPARATORY HIGH SCHOOL,common_core_english,56.550000000000004,2.0,17.0,8.0,27.0,9.0,9.2,4.2,52.941176469999995,8.0,8.9,3.0,47.05882353,,,7.0,41.17647059,5.0,29.411764709999996,,,2020.0,71.71428571428571,64.49190476190476,35.510000000000005,6.939047619047619,0.0,36.637142857142855,63.36285714285714,0.0,40.826933,-73.900593,10456.0,General Academic,High school,High Bridge - Morrisania,10456
72X479,BRONX CAREER AND COLLEGE PREPARATORY HIGH SCHOOL,living_environment,54.50857142857143,2.0,17.0,8.0,27.0,9.0,9.2,4.2,52.941176469999995,8.0,8.9,3.0,47.05882353,,,7.0,41.17647059,5.0,29.411764709999996,,,2020.0,71.71428571428571,64.49190476190476,35.510000000000005,6.939047619047619,0.0,36.637142857142855,63.36285714285714,0.0,40.826933,-73.900593,10456.0,General Academic,High school,High Bridge - Morrisania,10456
72X480,BRONX REGIONAL HIGH SCHOOL,common_core_algebra,59.225,2.0,8.0,4.0,14.0,,,,,,,,,,,,,,,,,2019.0714285714287,33.57142857142857,58.300714285714285,41.70214285714286,7.176428571428572,0.0,38.042857142857144,61.957142857142856,0.0,40.823124,-73.898265,10459.0,Transfer School,High school,Hunts Point - Mott Haven,10459
72X480,BRONX REGIONAL HIGH SCHOOL,common_core_english,60.38333333333333,2.0,8.0,4.0,14.0,,,,,,,,,,,,,,,,,2019.0714285714287,33.57142857142857,58.300714285714285,41.70214285714286,7.176428571428572,0.0,38.042857142857144,61.957142857142856,0.0,40.823124,-73.898265,10459.0,Transfer School,High school,Hunts Point - Mott Haven,10459
72X480,BRONX REGIONAL HIGH SCHOOL,living_environment,58.1025,2.0,8.0,4.0,14.0,,,,,,,,,,,,,,,,,2019.0714285714287,33.57142857142857,58.300714285714285,41.70214285714286,7.176428571428572,0.0,38.042857142857144,61.957142857142856,0.0,40.823124,-73.898265,10459.0,Transfer School,High school,Hunts Point - Mott Haven,10459
72X500,HOSTOS-LINCOLN ACADEMY OF SCIENCE,common_core_algebra,70.38833333333334,2.0,39.0,10.0,51.0,19.0,13.0,10.2,48.71794872,20.0,13.4,10.2,51.28205128,6.0,15.38461538,11.0,28.20512821,8.0,20.51282051,14.0,35.8974359,2019.8235294117646,75.0,15.618235294117646,84.38176470588235,38.43941176470588,0.2676470588235294,15.365882352941178,84.3664705882353,0.0,40.814857,-73.912038,10455.0,General Academic,High school,Hunts Point - Mott Haven,10455
72X500,HOSTOS-LINCOLN ACADEMY OF SCIENCE,common_core_english,76.52333333333333,2.0,39.0,10.0,51.0,19.0,13.0,10.2,48.71794872,20.0,13.4,10.2,51.28205128,6.0,15.38461538,11.0,28.20512821,8.0,20.51282051,14.0,35.8974359,2019.8235294117646,75.0,15.618235294117646,84.38176470588235,38.43941176470588,0.2676470588235294,15.365882352941178,84.3664705882353,0.0,40.814857,-73.912038,10455.0,General Academic,High school,Hunts Point - Mott Haven,10455
72X500,HOSTOS-LINCOLN ACADEMY OF SCIENCE,living_environment,78.02000000000001,2.0,39.0,10.0,51.0,19.0,13.0,10.2,48.71794872,20.0,13.4,10.2,51.28205128,6.0,15.38461538,11.0,28.20512821,8.0,20.51282051,14.0,35.8974359,2019.8235294117646,75.0,15.618235294117646,84.38176470588235,38.43941176470588,0.2676470588235294,15.365882352941178,84.3664705882353,0.0,40.814857,-73.912038,10455.0,General Academic,High school,Hunts Point - Mott Haven,10455
72X505,BRONX SCHOOL FOR LAW  GOVERNMENT AND JUSTICE,common_core_algebra,62.10333333333333,3.0,57.0,12.0,72.0,26.0,8.4,6.4,45.61403509,31.0,8.0,4.8,54.38596491,,,12.0,21.05263158,16.0,28.07017544,25.0,43.85964912,2019.8235294117646,150.88235294117646,44.35411764705882,55.64588235294118,16.71764705882353,0.0,19.568823529411766,80.43117647058823,0.0,40.827461,-73.919024,10451.0,General Academic,High school,High Bridge - Morrisania,10451
72X505,BRONX SCHOOL FOR LAW  GOVERNMENT AND JUSTICE,common_core_english,71.306,3.0,57.0,12.0,72.0,26.0,8.4,6.4,45.61403509,31.0,8.0,4.8,54.38596491,,,12.0,21.05263158,16.0,28.07017544,25.0,43.85964912,2019.8235294117646,150.88235294117646,44.35411764705882,55.64588235294118,16.71764705882353,0.0,19.568823529411766,80.43117647058823,0.0,40.827461,-73.919024,10451.0,General Academic,High school,High Bridge - Morrisania,10451
72X505,BRONX SCHOOL FOR LAW  GOVERNMENT AND JUSTICE,living_environment,61.428333333333335,3.0,57.0,12.0,72.0,26.0,8.4,6.4,45.61403509,31.0,8.0,4.8,54.38596491,,,12.0,21.05263158,16.0,28.07017544,25.0,43.85964912,2019.8235294117646,150.88235294117646,44.35411764705882,55.64588235294118,16.71764705882353,0.0,19.568823529411766,80.43117647058823,0.0,40.827461,-73.919024,10451.0,General Academic,High school,High Bridge - Morrisania,10451
72X508,BRONXDALE HIGH SCHOOL,common_core_algebra,58.80833333333334,3.0,41.0,10.0,54.0,19.0,8.4,5.9,46.34146341,22.0,7.2,5.0,53.65853659,,,8.0,19.51219512,10.0,24.3902439,20.0,48.7804878,2019.8947368421052,117.63157894736842,52.01315789473684,47.990526315789474,13.891052631578948,1.4210526315789473,30.94105263157895,61.45947368421053,6.18,40.860443,-73.860729,10469.0,General Academic,High school,Northeast Bronx,10469
72X508,BRONXDALE HIGH SCHOOL,common_core_english,66.53,3.0,41.0,10.0,54.0,19.0,8.4,5.9,46.34146341,22.0,7.2,5.0,53.65853659,,,8.0,19.51219512,10.0,24.3902439,20.0,48.7804878,2019.8947368421052,117.63157894736842,52.01315789473684,47.990526315789474,13.891052631578948,1.4210526315789473,30.94105263157895,61.45947368421053,6.18,40.860443,-73.860729,10469.0,General Academic,High school,Northeast Bronx,10469
72X508,BRONXDALE HIGH SCHOOL,living_environment,58.35,3.0,41.0,10.0,54.0,19.0,8.4,5.9,46.34146341,22.0,7.2,5.0,53.65853659,,,8.0,19.51219512,10.0,24.3902439,20.0,48.7804878,2019.8947368421052,117.63157894736842,52.01315789473684,47.990526315789474,13.891052631578948,1.4210526315789473,30.94105263157895,61.45947368421053,6.18,40.860443,-73.860729,10469.0,General Academic,High school,Northeast Bronx,10469
72X509,HIGH SCHOOL OF LANGUAGE AND INNOVATION,common_core_algebra,67.29,3.0,30.0,6.0,39.0,12.0,8.8,4.9,40.0,18.0,7.0,3.9000000000000004,60.0,5.0,16.66666667,,,8.0,26.66666667,12.0,40.0,2019.8333333333333,100.83333333333333,44.05111111111111,55.95222222222222,12.376666666666667,11.592222222222222,3.3899999999999997,69.05000000000001,15.967777777777778,40.860443,-73.860729,10469.0,General Academic,High school,Northeast Bronx,10469
72X509,HIGH SCHOOL OF LANGUAGE AND INNOVATION,common_core_english,61.18666666666667,3.0,30.0,6.0,39.0,12.0,8.8,4.9,40.0,18.0,7.0,3.9000000000000004,60.0,5.0,16.66666667,,,8.0,26.66666667,12.0,40.0,2019.8333333333333,100.83333333333333,44.05111111111111,55.95222222222222,12.376666666666667,11.592222222222222,3.3899999999999997,69.05000000000001,15.967777777777778,40.860443,-73.860729,10469.0,General Academic,High school,Northeast Bronx,10469
72X509,HIGH SCHOOL OF LANGUAGE AND INNOVATION,living_environment,59.315,3.0,30.0,6.0,39.0,12.0,8.8,4.9,40.0,18.0,7.0,3.9000000000000004,60.0,5.0,16.66666667,,,8.0,26.66666667,12.0,40.0,2019.8333333333333,100.83333333333333,44.05111111111111,55.95222222222222,12.376666666666667,11.592222222222222,3.3899999999999997,69.05000000000001,15.967777777777778,40.860443,-73.860729,10469.0,General Academic,High school,Northeast Bronx,10469
72X511,BRONX ENVISION ACADEMY,common_core_algebra,56.385714285714286,3.0,35.0,9.0,47.0,13.0,8.2,5.8,37.14285714,22.0,10.9,5.7,62.85714286,,,9.0,25.714285709999995,12.0,34.28571429,13.0,37.14285714,2020.0,113.14285714285714,58.088095238095235,41.91190476190476,11.80904761904762,0.16238095238095238,30.934285714285714,68.58333333333333,0.320952380952381,40.836245,-73.890591,10460.0,General Academic,High school,Crotona - Tremont,10460
72X511,BRONX ENVISION ACADEMY,common_core_english,66.66428571428571,3.0,35.0,9.0,47.0,13.0,8.2,5.8,37.14285714,22.0,10.9,5.7,62.85714286,,,9.0,25.714285709999995,12.0,34.28571429,13.0,37.14285714,2020.0,113.14285714285714,58.088095238095235,41.91190476190476,11.80904761904762,0.16238095238095238,30.934285714285714,68.58333333333333,0.320952380952381,40.836245,-73.890591,10460.0,General Academic,High school,Crotona - Tremont,10460
72X511,BRONX ENVISION ACADEMY,living_environment,55.32142857142857,3.0,35.0,9.0,47.0,13.0,8.2,5.8,37.14285714,22.0,10.9,5.7,62.85714286,,,9.0,25.714285709999995,12.0,34.28571429,13.0,37.14285714,2020.0,113.14285714285714,58.088095238095235,41.91190476190476,11.80904761904762,0.16238095238095238,30.934285714285714,68.58333333333333,0.320952380952381,40.836245,-73.890591,10460.0,General Academic,High school,Crotona - Tremont,10460
72X513,NEW WORLD HIGH SCHOOL,common_core_algebra,64.69142857142857,3.0,22.0,5.0,30.0,7.0,14.0,13.5,31.81818182,15.0,10.1,9.7,68.18181818,,,,,5.0,22.72727273,14.0,63.63636364,2020.0,122.71428571428571,49.69285714285714,50.31380952380952,15.195238095238096,7.224285714285715,12.394285714285713,74.1152380952381,6.266666666666667,40.888242,-73.852714,10466.0,General Academic,High school,Northeast Bronx,10466
72X513,NEW WORLD HIGH SCHOOL,common_core_english,63.60142857142858,3.0,22.0,5.0,30.0,7.0,14.0,13.5,31.81818182,15.0,10.1,9.7,68.18181818,,,,,5.0,22.72727273,14.0,63.63636364,2020.0,122.71428571428571,49.69285714285714,50.31380952380952,15.195238095238096,7.224285714285715,12.394285714285713,74.1152380952381,6.266666666666667,40.888242,-73.852714,10466.0,General Academic,High school,Northeast Bronx,10466
72X513,NEW WORLD HIGH SCHOOL,living_environment,55.972857142857144,3.0,22.0,5.0,30.0,7.0,14.0,13.5,31.81818182,15.0,10.1,9.7,68.18181818,,,,,5.0,22.72727273,14.0,63.63636364,2020.0,122.71428571428571,49.69285714285714,50.31380952380952,15.195238095238096,7.224285714285715,12.394285714285713,74.1152380952381,6.266666666666667,40.888242,-73.852714,10466.0,General Academic,High school,Northeast Bronx,10466
72X514,THE BRONXWOOD PREPARATORY ACADEMY,common_core_algebra,61.05833333333334,3.0,26.0,11.0,40.0,11.0,10.3,9.1,42.30769231,15.0,6.8,6.0,57.69230768999999,,,,,6.0,23.07692308,14.0,53.84615385,2019.8333333333333,108.61111111111111,49.333888888888886,50.666111111111114,12.270555555555555,0.9688888888888889,67.13277777777779,31.375,0.5227777777777778,40.888242,-73.852714,10466.0,General Academic,High school,Northeast Bronx,10466
72X514,THE BRONXWOOD PREPARATORY ACADEMY,common_core_english,67.00166666666667,3.0,26.0,11.0,40.0,11.0,10.3,9.1,42.30769231,15.0,6.8,6.0,57.69230768999999,,,,,6.0,23.07692308,14.0,53.84615385,2019.8333333333333,108.61111111111111,49.333888888888886,50.666111111111114,12.270555555555555,0.9688888888888889,67.13277777777779,31.375,0.5227777777777778,40.888242,-73.852714,10466.0,General Academic,High school,Northeast Bronx,10466
72X514,THE BRONXWOOD PREPARATORY ACADEMY,living_environment,57.92666666666667,3.0,26.0,11.0,40.0,11.0,10.3,9.1,42.30769231,15.0,6.8,6.0,57.69230768999999,,,,,6.0,23.07692308,14.0,53.84615385,2019.8333333333333,108.61111111111111,49.333888888888886,50.666111111111114,12.270555555555555,0.9688888888888889,67.13277777777779,31.375,0.5227777777777778,40.888242,-73.852714,10466.0,General Academic,High school,Northeast Bronx,10466
72X517,FREDERICK DOUGLASS ACADEMY III SECONDARY SCHOOL,common_core_algebra,58.205000000000005,2.0,24.0,4.0,30.0,8.0,14.3,8.5,33.33333333,16.0,9.8,7.7,66.66666667,,,11.0,45.83333333,7.0,29.16666667,5.0,20.83333333,2019.9411764705883,50.529411764705884,50.85294117647059,49.15294117647059,15.533529411764706,0.0,92.45470588235294,7.545294117647059,0.0,40.665568,-73.912102,11212.0,General Academic,High school,Bedford Stuyvesant - Crown Heights,11212
72X517,FREDERICK DOUGLASS ACADEMY III SECONDARY SCHOOL,common_core_english,70.63666666666667,2.0,24.0,4.0,30.0,8.0,14.3,8.5,33.33333333,16.0,9.8,7.7,66.66666667,,,11.0,45.83333333,7.0,29.16666667,5.0,20.83333333,2019.9411764705883,50.529411764705884,50.85294117647059,49.15294117647059,15.533529411764706,0.0,92.45470588235294,7.545294117647059,0.0,40.665568,-73.912102,11212.0,General Academic,High school,Bedford Stuyvesant - Crown Heights,11212
72X517,FREDERICK DOUGLASS ACADEMY III SECONDARY SCHOOL,living_environment,57.852,2.0,24.0,4.0,30.0,8.0,14.3,8.5,33.33333333,16.0,9.8,7.7,66.66666667,,,11.0,45.83333333,7.0,29.16666667,5.0,20.83333333,2019.9411764705883,50.529411764705884,50.85294117647059,49.15294117647059,15.533529411764706,0.0,92.45470588235294,7.545294117647059,0.0,40.665568,-73.912102,11212.0,General Academic,High school,Bedford Stuyvesant - Crown Heights,11212
72X521,THE METROPOLITAN SOUNDVIEW HIGH SCHOOL,common_core_algebra,59.86166666666667,2.0,36.0,12.0,50.0,15.0,6.7,3.8,41.66666667,21.0,9.6,4.5,58.33333333,,,8.0,22.22222222,11.0,30.555555559999995,15.0,41.66666667,2019.8235294117646,105.47058823529412,49.17176470588235,50.82764705882353,9.976470588235294,0.9070588235294118,21.070588235294117,78.0229411764706,0.0,40.832508,-73.878191,10472.0,General Academic,High school,Pelham - Throgs Neck,10472
72X521,THE METROPOLITAN SOUNDVIEW HIGH SCHOOL,common_core_english,65.798,2.0,36.0,12.0,50.0,15.0,6.7,3.8,41.66666667,21.0,9.6,4.5,58.33333333,,,8.0,22.22222222,11.0,30.555555559999995,15.0,41.66666667,2019.8235294117646,105.47058823529412,49.17176470588235,50.82764705882353,9.976470588235294,0.9070588235294118,21.070588235294117,78.0229411764706,0.0,40.832508,-73.878191,10472.0,General Academic,High school,Pelham - Throgs Neck,10472
72X521,THE METROPOLITAN SOUNDVIEW HIGH SCHOOL,living_environment,61.5,2.0,36.0,12.0,50.0,15.0,6.7,3.8,41.66666667,21.0,9.6,4.5,58.33333333,,,8.0,22.22222222,11.0,30.555555559999995,15.0,41.66666667,2019.8235294117646,105.47058823529412,49.17176470588235,50.82764705882353,9.976470588235294,0.9070588235294118,21.070588235294117,78.0229411764706,0.0,40.832508,-73.878191,10472.0,General Academic,High school,Pelham - Throgs Neck,10472
72X522,BRONX DESIGN AND CONSTRUCTION ACADEMY,common_core_algebra,56.90714285714286,3.0,27.0,16.0,46.0,12.0,13.7,6.1,44.44444444,15.0,10.5,5.1,55.55555556,,,12.0,44.44444444,6.0,22.22222222,7.0,25.92592593,2020.0,110.42857142857143,57.8947619047619,42.1052380952381,11.734285714285715,0.0,20.14190476190476,79.51904761904763,0.3385714285714285,40.818645,-73.919949,10451.0,Career Technical,High school,High Bridge - Morrisania,10451
72X522,BRONX DESIGN AND CONSTRUCTION ACADEMY,common_core_english,61.019999999999996,3.0,27.0,16.0,46.0,12.0,13.7,6.1,44.44444444,15.0,10.5,5.1,55.55555556,,,12.0,44.44444444,6.0,22.22222222,7.0,25.92592593,2020.0,110.42857142857143,57.8947619047619,42.1052380952381,11.734285714285715,0.0,20.14190476190476,79.51904761904763,0.3385714285714285,40.818645,-73.919949,10451.0,Career Technical,High school,High Bridge - Morrisania,10451
72X522,BRONX DESIGN AND CONSTRUCTION ACADEMY,living_environment,59.40714285714286,3.0,27.0,16.0,46.0,12.0,13.7,6.1,44.44444444,15.0,10.5,5.1,55.55555556,,,12.0,44.44444444,6.0,22.22222222,7.0,25.92592593,2020.0,110.42857142857143,57.8947619047619,42.1052380952381,11.734285714285715,0.0,20.14190476190476,79.51904761904763,0.3385714285714285,40.818645,-73.919949,10451.0,Career Technical,High school,High Bridge - Morrisania,10451
72X524,CROTONA INTERNATIONAL HIGH SCHOOL,common_core_algebra,55.57833333333334,3.0,24.0,5.0,32.0,12.0,5.6,3.0,50.0,12.0,7.1,3.8,50.0,5.0,20.83333333,,,9.0,37.5,7.0,29.166666669999998,2019.6363636363637,125.0909090909091,67.47909090909091,32.52181818181818,5.088181818181818,0.0,5.29090909090909,92.83272727272727,1.8772727272727272,40.855392,-73.882487,10458.0,Career Technical,High school,Fordham - Bronx Park,10458
72X524,CROTONA INTERNATIONAL HIGH SCHOOL,common_core_english,44.724000000000004,3.0,24.0,5.0,32.0,12.0,5.6,3.0,50.0,12.0,7.1,3.8,50.0,5.0,20.83333333,,,9.0,37.5,7.0,29.166666669999998,2019.6363636363637,125.0909090909091,67.47909090909091,32.52181818181818,5.088181818181818,0.0,5.29090909090909,92.83272727272727,1.8772727272727272,40.855392,-73.882487,10458.0,Career Technical,High school,Fordham - Bronx Park,10458
72X525,BRONX LEADERSHIP ACADEMY HIGH SCHOOL,common_core_algebra,55.19166666666666,3.0,28.0,10.0,41.0,7.0,6.6,5.7,25.0,21.0,9.2,6.7,75.0,,,9.0,32.14285714,7.0,25.0,,,2019.8333333333333,125.33333333333333,64.63555555555556,35.364444444444445,6.5072222222222225,0.0,24.494444444444444,75.36611111111111,0.13944444444444443,40.84325,-73.902969,10457.0,General Academic,High school,Crotona - Tremont,10457
72X525,BRONX LEADERSHIP ACADEMY HIGH SCHOOL,common_core_english,56.629999999999995,3.0,28.0,10.0,41.0,7.0,6.6,5.7,25.0,21.0,9.2,6.7,75.0,,,9.0,32.14285714,7.0,25.0,,,2019.8333333333333,125.33333333333333,64.63555555555556,35.364444444444445,6.5072222222222225,0.0,24.494444444444444,75.36611111111111,0.13944444444444443,40.84325,-73.902969,10457.0,General Academic,High school,Crotona - Tremont,10457
72X525,BRONX LEADERSHIP ACADEMY HIGH SCHOOL,living_environment,55.928333333333335,3.0,28.0,10.0,41.0,7.0,6.6,5.7,25.0,21.0,9.2,6.7,75.0,,,9.0,32.14285714,7.0,25.0,,,2019.8333333333333,125.33333333333333,64.63555555555556,35.364444444444445,6.5072222222222225,0.0,24.494444444444444,75.36611111111111,0.13944444444444443,40.84325,-73.902969,10457.0,General Academic,High school,Crotona - Tremont,10457
72X527,BRONX LEADERSHIP ACADEMY II HIGH SCHOOL,common_core_algebra,59.645714285714284,4.0,39.0,17.0,60.0,18.0,10.4,4.6,46.15384615,21.0,7.299999999999999,5.5,53.84615385,,,19.0,48.71794872,,,16.0,41.02564103,2020.0,143.0,60.477619047619044,39.525238095238095,7.676190476190476,0.13142857142857142,27.32190476190476,72.54619047619047,0.0,40.821828,-73.922366,10451.0,General Academic,High school,High Bridge - Morrisania,10451
72X527,BRONX LEADERSHIP ACADEMY II HIGH SCHOOL,common_core_english,58.72571428571428,4.0,39.0,17.0,60.0,18.0,10.4,4.6,46.15384615,21.0,7.299999999999999,5.5,53.84615385,,,19.0,48.71794872,,,16.0,41.02564103,2020.0,143.0,60.477619047619044,39.525238095238095,7.676190476190476,0.13142857142857142,27.32190476190476,72.54619047619047,0.0,40.821828,-73.922366,10451.0,General Academic,High school,High Bridge - Morrisania,10451
72X527,BRONX LEADERSHIP ACADEMY II HIGH SCHOOL,living_environment,56.64714285714285,4.0,39.0,17.0,60.0,18.0,10.4,4.6,46.15384615,21.0,7.299999999999999,5.5,53.84615385,,,19.0,48.71794872,,,16.0,41.02564103,2020.0,143.0,60.477619047619044,39.525238095238095,7.676190476190476,0.13142857142857142,27.32190476190476,72.54619047619047,0.0,40.821828,-73.922366,10451.0,General Academic,High school,High Bridge - Morrisania,10451
72X530,LONGWOOD PREPARATORY ACADEMY,common_core_algebra,60.595,3.0,34.0,10.0,47.0,12.0,11.0,5.4,35.29411765,22.0,7.699999999999999,3.4,64.70588235,,,14.0,41.17647059,10.0,29.41176471,7.0,20.58823529,2019.8333333333333,103.22222222222223,55.529444444444444,44.470555555555556,9.071666666666665,0.0,28.567222222222224,71.43277777777777,0.0,40.817741,-73.897876,10459.0,General Academic,High school,Hunts Point - Mott Haven,10459
72X530,LONGWOOD PREPARATORY ACADEMY,common_core_english,59.6,3.0,34.0,10.0,47.0,12.0,11.0,5.4,35.29411765,22.0,7.699999999999999,3.4,64.70588235,,,14.0,41.17647059,10.0,29.41176471,7.0,20.58823529,2019.8333333333333,103.22222222222223,55.529444444444444,44.470555555555556,9.071666666666665,0.0,28.567222222222224,71.43277777777777,0.0,40.817741,-73.897876,10459.0,General Academic,High school,Hunts Point - Mott Haven,10459
72X530,LONGWOOD PREPARATORY ACADEMY,living_environment,59.51333333333333,3.0,34.0,10.0,47.0,12.0,11.0,5.4,35.29411765,22.0,7.699999999999999,3.4,64.70588235,,,14.0,41.17647059,10.0,29.41176471,7.0,20.58823529,2019.8333333333333,103.22222222222223,55.529444444444444,44.470555555555556,9.071666666666665,0.0,28.567222222222224,71.43277777777777,0.0,40.817741,-73.897876,10459.0,General Academic,High school,Hunts Point - Mott Haven,10459
72X542,PELHAM PREPARATORY ACADEMY,common_core_algebra,58.903333333333336,3.0,33.0,7.0,43.0,12.0,11.9,6.6,36.36363636,21.0,9.8,6.7,63.63636364,,,,,13.0,39.39393939,17.0,51.51515152,2019.8333333333333,114.66666666666667,45.51111111111111,54.48888888888889,18.385,1.835,31.033333333333335,57.675000000000004,9.456666666666667,40.860443,-73.860729,10469.0,General Academic,High school,Northeast Bronx,10469
72X542,PELHAM PREPARATORY ACADEMY,common_core_english,73.64,3.0,33.0,7.0,43.0,12.0,11.9,6.6,36.36363636,21.0,9.8,6.7,63.63636364,,,,,13.0,39.39393939,17.0,51.51515152,2019.8333333333333,114.66666666666667,45.51111111111111,54.48888888888889,18.385,1.835,31.033333333333335,57.675000000000004,9.456666666666667,40.860443,-73.860729,10469.0,General Academic,High school,Northeast Bronx,10469
72X542,PELHAM PREPARATORY ACADEMY,living_environment,61.47833333333333,3.0,33.0,7.0,43.0,12.0,11.9,6.6,36.36363636,21.0,9.8,6.7,63.63636364,,,,,13.0,39.39393939,17.0,51.51515152,2019.8333333333333,114.66666666666667,45.51111111111111,54.48888888888889,18.385,1.835,31.033333333333335,57.675000000000004,9.456666666666667,40.860443,-73.860729,10469.0,General Academic,High school,Northeast Bronx,10469
72X543,HIGH SCHOOL FOR VIOLIN AND DANCE,common_core_algebra,56.623333333333335,3.0,15.0,2.0,20.0,8.0,8.5,2.6,53.33333333,7.0,7.599999999999999,2.9,46.66666667,,,,,5.0,33.33333333,,,2019.8333333333333,61.94444444444444,60.803333333333335,39.196666666666665,7.813333333333333,0.0,15.88888888888889,84.11111111111111,0.0,40.827455,-73.90392,10456.0,General Academic,High school,High Bridge - Morrisania,10456
72X543,HIGH SCHOOL FOR VIOLIN AND DANCE,common_core_english,60.09166666666667,3.0,15.0,2.0,20.0,8.0,8.5,2.6,53.33333333,7.0,7.599999999999999,2.9,46.66666667,,,,,5.0,33.33333333,,,2019.8333333333333,61.94444444444444,60.803333333333335,39.196666666666665,7.813333333333333,0.0,15.88888888888889,84.11111111111111,0.0,40.827455,-73.90392,10456.0,General Academic,High school,High Bridge - Morrisania,10456
72X543,HIGH SCHOOL FOR VIOLIN AND DANCE,living_environment,56.85666666666666,3.0,15.0,2.0,20.0,8.0,8.5,2.6,53.33333333,7.0,7.599999999999999,2.9,46.66666667,,,,,5.0,33.33333333,,,2019.8333333333333,61.94444444444444,60.803333333333335,39.196666666666665,7.813333333333333,0.0,15.88888888888889,84.11111111111111,0.0,40.827455,-73.90392,10456.0,General Academic,High school,High Bridge - Morrisania,10456
72X544,HIGH SCHOOL FOR CONTEMPORARY ARTS,common_core_algebra,54.76833333333334,3.0,24.0,8.0,35.0,12.0,15.5,6.8,50.0,12.0,12.9,6.5,50.0,,,9.0,37.5,5.0,20.83333333,8.0,33.33333333,2019.8333333333333,136.72222222222223,61.721666666666664,38.278333333333336,8.442777777777778,0.0,44.66222222222222,54.38777777777778,0.9505555555555555,40.875172,-73.861649,10467.0,General Academic,High school,Fordham - Bronx Park,10467
72X544,HIGH SCHOOL FOR CONTEMPORARY ARTS,common_core_english,61.26166666666666,3.0,24.0,8.0,35.0,12.0,15.5,6.8,50.0,12.0,12.9,6.5,50.0,,,9.0,37.5,5.0,20.83333333,8.0,33.33333333,2019.8333333333333,136.72222222222223,61.721666666666664,38.278333333333336,8.442777777777778,0.0,44.66222222222222,54.38777777777778,0.9505555555555555,40.875172,-73.861649,10467.0,General Academic,High school,Fordham - Bronx Park,10467
72X544,HIGH SCHOOL FOR CONTEMPORARY ARTS,living_environment,54.865,3.0,24.0,8.0,35.0,12.0,15.5,6.8,50.0,12.0,12.9,6.5,50.0,,,9.0,37.5,5.0,20.83333333,8.0,33.33333333,2019.8333333333333,136.72222222222223,61.721666666666664,38.278333333333336,8.442777777777778,0.0,44.66222222222222,54.38777777777778,0.9505555555555555,40.875172,-73.861649,10467.0,General Academic,High school,Fordham - Bronx Park,10467
72X545,BRONX AEROSPACE HIGH SCHOOL,common_core_algebra,55.53666666666667,2.0,18.0,7.0,27.0,7.0,15.3,9.2,38.88888889,11.0,18.3,7.8,61.11111111,,,6.0,33.33333333,,,8.0,44.44444444,2019.8235294117646,76.6470588235294,62.07058823529412,37.93176470588236,9.343529411764706,3.044705882352941,42.771764705882354,54.18352941176471,0.0,40.875172,-73.861649,10467.0,General Academic,High school,Fordham - Bronx Park,10467
72X545,BRONX AEROSPACE HIGH SCHOOL,common_core_english,62.13199999999999,2.0,18.0,7.0,27.0,7.0,15.3,9.2,38.88888889,11.0,18.3,7.8,61.11111111,,,6.0,33.33333333,,,8.0,44.44444444,2019.8235294117646,76.6470588235294,62.07058823529412,37.93176470588236,9.343529411764706,3.044705882352941,42.771764705882354,54.18352941176471,0.0,40.875172,-73.861649,10467.0,General Academic,High school,Fordham - Bronx Park,10467
72X545,BRONX AEROSPACE HIGH SCHOOL,living_environment,56.281666666666666,2.0,18.0,7.0,27.0,7.0,15.3,9.2,38.88888889,11.0,18.3,7.8,61.11111111,,,6.0,33.33333333,,,8.0,44.44444444,2019.8235294117646,76.6470588235294,62.07058823529412,37.93176470588236,9.343529411764706,3.044705882352941,42.771764705882354,54.18352941176471,0.0,40.875172,-73.861649,10467.0,General Academic,High school,Fordham - Bronx Park,10467
72X546,BRONX THEATRE HIGH SCHOOL,common_core_algebra,62.598333333333336,3.0,24.0,12.0,39.0,9.0,15.1,11.5,37.5,15.0,11.1,5.7,62.5,,,5.0,20.83333333,7.0,29.16666667,11.0,45.83333333,2019.7058823529412,83.6470588235294,50.95647058823529,49.04352941176471,9.207647058823529,0.0,29.848823529411764,70.15117647058823,0.0,40.877379,-73.912686,10463.0,General Academic,High school,Kingsbridge - Riverdale,10463
72X546,BRONX THEATRE HIGH SCHOOL,common_core_english,68.324,3.0,24.0,12.0,39.0,9.0,15.1,11.5,37.5,15.0,11.1,5.7,62.5,,,5.0,20.83333333,7.0,29.16666667,11.0,45.83333333,2019.7058823529412,83.6470588235294,50.95647058823529,49.04352941176471,9.207647058823529,0.0,29.848823529411764,70.15117647058823,0.0,40.877379,-73.912686,10463.0,General Academic,High school,Kingsbridge - Riverdale,10463
72X546,BRONX THEATRE HIGH SCHOOL,living_environment,56.685,3.0,24.0,12.0,39.0,9.0,15.1,11.5,37.5,15.0,11.1,5.7,62.5,,,5.0,20.83333333,7.0,29.16666667,11.0,45.83333333,2019.7058823529412,83.6470588235294,50.95647058823529,49.04352941176471,9.207647058823529,0.0,29.848823529411764,70.15117647058823,0.0,40.877379,-73.912686,10463.0,General Academic,High school,Kingsbridge - Riverdale,10463
72X548,CAREERS IN SPORTS HIGH SCHOOL,common_core_algebra,58.46333333333333,4.0,37.0,16.0,57.0,12.0,16.5,9.2,32.43243243,25.0,13.6,7.599999999999999,67.56756757,,,10.0,27.02702703,16.0,43.24324324,8.0,21.62162162,2019.8333333333333,126.11111111111111,59.02000000000001,40.98,8.139444444444443,0.0,20.983888888888888,79.01611111111112,0.0,40.821828,-73.922366,10451.0,General Academic,High school,High Bridge - Morrisania,10451
72X548,CAREERS IN SPORTS HIGH SCHOOL,common_core_english,59.35833333333333,4.0,37.0,16.0,57.0,12.0,16.5,9.2,32.43243243,25.0,13.6,7.599999999999999,67.56756757,,,10.0,27.02702703,16.0,43.24324324,8.0,21.62162162,2019.8333333333333,126.11111111111111,59.02000000000001,40.98,8.139444444444443,0.0,20.983888888888888,79.01611111111112,0.0,40.821828,-73.922366,10451.0,General Academic,High school,High Bridge - Morrisania,10451
72X548,CAREERS IN SPORTS HIGH SCHOOL,living_environment,55.31833333333333,4.0,37.0,16.0,57.0,12.0,16.5,9.2,32.43243243,25.0,13.6,7.599999999999999,67.56756757,,,10.0,27.02702703,16.0,43.24324324,8.0,21.62162162,2019.8333333333333,126.11111111111111,59.02000000000001,40.98,8.139444444444443,0.0,20.983888888888888,79.01611111111112,0.0,40.821828,-73.922366,10451.0,General Academic,High school,High Bridge - Morrisania,10451
72X550,HIGH SCHOOL OF WORLD CULTURES,common_core_algebra,65.18142857142857,4.0,29.0,8.0,41.0,11.0,10.2,8.2,37.93103448,18.0,8.5,5.8,62.06896552,,,,,13.0,44.82758621,9.0,31.03448276,2019.8947368421052,125.42105263157895,45.37684210526316,54.62894736842105,8.863157894736842,5.930526315789473,8.693157894736842,85.12842105263158,0.24789473684210525,40.832508,-73.878191,10472.0,General Academic,High school,Pelham - Throgs Neck,10472
72X550,HIGH SCHOOL OF WORLD CULTURES,common_core_english,56.05166666666667,4.0,29.0,8.0,41.0,11.0,10.2,8.2,37.93103448,18.0,8.5,5.8,62.06896552,,,,,13.0,44.82758621,9.0,31.03448276,2019.8947368421052,125.42105263157895,45.37684210526316,54.62894736842105,8.863157894736842,5.930526315789473,8.693157894736842,85.12842105263158,0.24789473684210525,40.832508,-73.878191,10472.0,General Academic,High school,Pelham - Throgs Neck,10472
72X550,HIGH SCHOOL OF WORLD CULTURES,living_environment,60.375,4.0,29.0,8.0,41.0,11.0,10.2,8.2,37.93103448,18.0,8.5,5.8,62.06896552,,,,,13.0,44.82758621,9.0,31.03448276,2019.8947368421052,125.42105263157895,45.37684210526316,54.62894736842105,8.863157894736842,5.930526315789473,8.693157894736842,85.12842105263158,0.24789473684210525,40.832508,-73.878191,10472.0,General Academic,High school,Pelham - Throgs Neck,10472
72X551,THE URBAN ASSEMBLY BRONX ACADEMY OF LETTERS,common_core_algebra,54.58833333333333,4.0,51.0,21.0,76.0,25.0,8.4,5.7,49.01960784,26.0,6.7,3.9,50.98039216,,,10.0,19.60784314,10.0,19.60784314,25.0,49.01960784,2019.8235294117646,133.2941176470588,64.99117647058823,35.008823529411764,6.556470588235294,0.0,27.063529411764705,72.26176470588236,0.6741176470588236,40.813681,-73.925995,10451.0,General Academic,High school,High Bridge - Morrisania,10451
72X551,THE URBAN ASSEMBLY BRONX ACADEMY OF LETTERS,common_core_english,59.64200000000001,4.0,51.0,21.0,76.0,25.0,8.4,5.7,49.01960784,26.0,6.7,3.9,50.98039216,,,10.0,19.60784314,10.0,19.60784314,25.0,49.01960784,2019.8235294117646,133.2941176470588,64.99117647058823,35.008823529411764,6.556470588235294,0.0,27.063529411764705,72.26176470588236,0.6741176470588236,40.813681,-73.925995,10451.0,General Academic,High school,High Bridge - Morrisania,10451
72X551,THE URBAN ASSEMBLY BRONX ACADEMY OF LETTERS,living_environment,55.56,4.0,51.0,21.0,76.0,25.0,8.4,5.7,49.01960784,26.0,6.7,3.9,50.98039216,,,10.0,19.60784314,10.0,19.60784314,25.0,49.01960784,2019.8235294117646,133.2941176470588,64.99117647058823,35.008823529411764,6.556470588235294,0.0,27.063529411764705,72.26176470588236,0.6741176470588236,40.813681,-73.925995,10451.0,General Academic,High school,High Bridge - Morrisania,10451
72X557,MOTT HAVEN COMMUNITY HIGH SCHOOL,common_core_algebra,56.57000000000001,3.0,25.0,8.0,36.0,11.0,15.1,5.5,44.0,14.0,11.7,3.4,56.0,,,10.0,40.0,,,8.0,32.0,2019.5625,56.0625,58.02375,41.97625,5.468125000000001,0.0,25.744375,74.255625,0.0,40.810671,-73.907528,10455.0,Transfer School,High school,Hunts Point - Mott Haven,10455
72X557,MOTT HAVEN COMMUNITY HIGH SCHOOL,common_core_english,60.20666666666667,3.0,25.0,8.0,36.0,11.0,15.1,5.5,44.0,14.0,11.7,3.4,56.0,,,10.0,40.0,,,8.0,32.0,2019.5625,56.0625,58.02375,41.97625,5.468125000000001,0.0,25.744375,74.255625,0.0,40.810671,-73.907528,10455.0,Transfer School,High school,Hunts Point - Mott Haven,10455
72X557,MOTT HAVEN COMMUNITY HIGH SCHOOL,living_environment,59.762,3.0,25.0,8.0,36.0,11.0,15.1,5.5,44.0,14.0,11.7,3.4,56.0,,,10.0,40.0,,,8.0,32.0,2019.5625,56.0625,58.02375,41.97625,5.468125000000001,0.0,25.744375,74.255625,0.0,40.810671,-73.907528,10455.0,Transfer School,High school,Hunts Point - Mott Haven,10455
72X558,WESTCHESTER SQUARE ACADEMY,common_core_algebra,59.05833333333334,4.0,31.0,10.0,45.0,11.0,7.199999999999999,2.8,35.48387097,20.0,5.9,3.1,64.51612903,,,6.0,19.35483871,9.0,29.032258059999997,12.0,38.70967742,2019.8333333333333,121.22222222222223,53.03833333333333,46.961666666666666,15.238888888888889,3.6333333333333337,25.433888888888887,65.01888888888888,5.913888888888889,40.839775,-73.839583,10461.0,General Academic,High school,Pelham - Throgs Neck,10461
72X558,WESTCHESTER SQUARE ACADEMY,common_core_english,67.74166666666666,4.0,31.0,10.0,45.0,11.0,7.199999999999999,2.8,35.48387097,20.0,5.9,3.1,64.51612903,,,6.0,19.35483871,9.0,29.032258059999997,12.0,38.70967742,2019.8333333333333,121.22222222222223,53.03833333333333,46.961666666666666,15.238888888888889,3.6333333333333337,25.433888888888887,65.01888888888888,5.913888888888889,40.839775,-73.839583,10461.0,General Academic,High school,Pelham - Throgs Neck,10461
72X558,WESTCHESTER SQUARE ACADEMY,living_environment,58.85666666666666,4.0,31.0,10.0,45.0,11.0,7.199999999999999,2.8,35.48387097,20.0,5.9,3.1,64.51612903,,,6.0,19.35483871,9.0,29.032258059999997,12.0,38.70967742,2019.8333333333333,121.22222222222223,53.03833333333333,46.961666666666666,15.238888888888889,3.6333333333333337,25.433888888888887,65.01888888888888,5.913888888888889,40.839775,-73.839583,10461.0,General Academic,High school,Pelham - Throgs Neck,10461
72X561,BRONX COMPASS HIGH SCHOOL,common_core_algebra,59.348333333333336,4.0,32.0,12.0,48.0,14.0,10.2,4.2,43.75,18.0,10.5,3.1,56.25,,,8.0,25.0,14.0,43.75,9.0,28.125,2019.8333333333333,133.55555555555554,53.16111111111111,46.840555555555554,10.127222222222223,2.723888888888889,30.016666666666666,67.25888888888889,0.0,40.821218,-73.85593,10473.0,General Academic,High school,Pelham - Throgs Neck,10473
72X561,BRONX COMPASS HIGH SCHOOL,common_core_english,63.19333333333333,4.0,32.0,12.0,48.0,14.0,10.2,4.2,43.75,18.0,10.5,3.1,56.25,,,8.0,25.0,14.0,43.75,9.0,28.125,2019.8333333333333,133.55555555555554,53.16111111111111,46.840555555555554,10.127222222222223,2.723888888888889,30.016666666666666,67.25888888888889,0.0,40.821218,-73.85593,10473.0,General Academic,High school,Pelham - Throgs Neck,10473
72X561,BRONX COMPASS HIGH SCHOOL,living_environment,58.821666666666665,4.0,32.0,12.0,48.0,14.0,10.2,4.2,43.75,18.0,10.5,3.1,56.25,,,8.0,25.0,14.0,43.75,9.0,28.125,2019.8333333333333,133.55555555555554,53.16111111111111,46.840555555555554,10.127222222222223,2.723888888888889,30.016666666666666,67.25888888888889,0.0,40.821218,-73.85593,10473.0,General Academic,High school,Pelham - Throgs Neck,10473
72X565,HIGH SCHOOL FOR ENERGY AND TECHNOLOGY,common_core_algebra,59.12833333333333,4.0,33.0,14.0,51.0,13.0,11.5,4.4,39.39393939,20.0,4.9,2.5,60.60606061,,,13.0,39.39393939,14.0,42.42424242,5.0,15.15151515,2019.7058823529412,100.52941176470588,47.30058823529412,52.70058823529411,13.281176470588235,0.9835294117647058,25.941764705882353,73.07411764705883,0.0,40.855392,-73.882487,10458.0,Career Technical,High school,Fordham - Bronx Park,10458
72X565,HIGH SCHOOL FOR ENERGY AND TECHNOLOGY,common_core_english,68.386,4.0,33.0,14.0,51.0,13.0,11.5,4.4,39.39393939,20.0,4.9,2.5,60.60606061,,,13.0,39.39393939,14.0,42.42424242,5.0,15.15151515,2019.7058823529412,100.52941176470588,47.30058823529412,52.70058823529411,13.281176470588235,0.9835294117647058,25.941764705882353,73.07411764705883,0.0,40.855392,-73.882487,10458.0,Career Technical,High school,Fordham - Bronx Park,10458
72X565,HIGH SCHOOL FOR ENERGY AND TECHNOLOGY,living_environment,62.665,4.0,33.0,14.0,51.0,13.0,11.5,4.4,39.39393939,20.0,4.9,2.5,60.60606061,,,13.0,39.39393939,14.0,42.42424242,5.0,15.15151515,2019.7058823529412,100.52941176470588,47.30058823529412,52.70058823529411,13.281176470588235,0.9835294117647058,25.941764705882353,73.07411764705883,0.0,40.855392,-73.882487,10458.0,Career Technical,High school,Fordham - Bronx Park,10458
72X600,ALFRED E. SMITH CAREER AND TECHNICAL EDUCATION HIG,common_core_algebra,57.535714285714285,4.0,37.0,10.0,51.0,21.0,16.9,13.1,56.75675676000001,16.0,14.1,11.3,43.24324324,5.0,13.51351351,7.0,18.91891892,14.0,37.83783784,11.0,29.729729729999995,2019.9,102.0,53.2885,46.713,12.4945,0.0,20.2415,79.7585,0.0,40.818645,-73.919949,10451.0,Career Technical,High school,High Bridge - Morrisania,10451
72X600,ALFRED E. SMITH CAREER AND TECHNICAL EDUCATION HIG,common_core_english,69.86666666666666,4.0,37.0,10.0,51.0,21.0,16.9,13.1,56.75675676000001,16.0,14.1,11.3,43.24324324,5.0,13.51351351,7.0,18.91891892,14.0,37.83783784,11.0,29.729729729999995,2019.9,102.0,53.2885,46.713,12.4945,0.0,20.2415,79.7585,0.0,40.818645,-73.919949,10451.0,Career Technical,High school,High Bridge - Morrisania,10451
72X600,ALFRED E. SMITH CAREER AND TECHNICAL EDUCATION HIG,living_environment,57.79714285714285,4.0,37.0,10.0,51.0,21.0,16.9,13.1,56.75675676000001,16.0,14.1,11.3,43.24324324,5.0,13.51351351,7.0,18.91891892,14.0,37.83783784,11.0,29.729729729999995,2019.9,102.0,53.2885,46.713,12.4945,0.0,20.2415,79.7585,0.0,40.818645,-73.919949,10451.0,Career Technical,High school,High Bridge - Morrisania,10451
72X670,HEALTH OPPORTUNITIES HIGH SCHOOL,common_core_algebra,61.48666666666667,3.0,22.0,8.0,33.0,8.0,10.6,7.800000000000001,36.36363636,14.0,12.9,8.3,63.63636364,,,5.0,22.72727273,5.0,22.72727273,8.0,36.36363636,2019.8333333333333,111.38888888888889,46.36944444444444,53.63111111111111,16.205555555555556,0.0,33.29222222222222,66.70777777777778,0.0,40.815712,-73.92996,10451.0,General Academic,High school,High Bridge - Morrisania,10451
72X670,HEALTH OPPORTUNITIES HIGH SCHOOL,common_core_english,65.95333333333333,3.0,22.0,8.0,33.0,8.0,10.6,7.800000000000001,36.36363636,14.0,12.9,8.3,63.63636364,,,5.0,22.72727273,5.0,22.72727273,8.0,36.36363636,2019.8333333333333,111.38888888888889,46.36944444444444,53.63111111111111,16.205555555555556,0.0,33.29222222222222,66.70777777777778,0.0,40.815712,-73.92996,10451.0,General Academic,High school,High Bridge - Morrisania,10451
72X670,HEALTH OPPORTUNITIES HIGH SCHOOL,living_environment,62.25833333333333,3.0,22.0,8.0,33.0,8.0,10.6,7.800000000000001,36.36363636,14.0,12.9,8.3,63.63636364,,,5.0,22.72727273,5.0,22.72727273,8.0,36.36363636,2019.8333333333333,111.38888888888889,46.36944444444444,53.63111111111111,16.205555555555556,0.0,33.29222222222222,66.70777777777778,0.0,40.815712,-73.92996,10451.0,General Academic,High school,High Bridge - Morrisania,10451
72X682,FANNIE LOU HAMER FREEDOM HIGH SCHOOL,common_core_english,59.44,3.0,41.0,11.0,55.0,14.0,9.9,7.599999999999999,34.14634146,27.0,9.9,5.8,65.85365854,,,5.0,12.19512195,17.0,41.46341463,18.0,43.90243902,2019.8333333333333,124.16666666666667,51.178333333333335,48.821666666666665,12.04,1.01,22.995,75.995,0.0,40.831212,-73.885804,10460.0,General Academic,High school,Crotona - Tremont,10460
72X684,WINGS ACADEMY,common_core_algebra,58.97333333333333,3.0,24.0,8.0,35.0,8.0,17.1,11.9,33.33333333,16.0,12.3,8.0,66.66666667,,,15.0,62.5,,,,,2019.8333333333333,110.44444444444444,58.85166666666666,41.14833333333333,6.613333333333333,0.0,46.80388888888889,53.19611111111111,0.0,40.841376,-73.875262,10460.0,General Academic,High school,Crotona - Tremont,10460
72X684,WINGS ACADEMY,common_core_english,62.00833333333333,3.0,24.0,8.0,35.0,8.0,17.1,11.9,33.33333333,16.0,12.3,8.0,66.66666667,,,15.0,62.5,,,,,2019.8333333333333,110.44444444444444,58.85166666666666,41.14833333333333,6.613333333333333,0.0,46.80388888888889,53.19611111111111,0.0,40.841376,-73.875262,10460.0,General Academic,High school,Crotona - Tremont,10460
72X684,WINGS ACADEMY,living_environment,56.68333333333334,3.0,24.0,8.0,35.0,8.0,17.1,11.9,33.33333333,16.0,12.3,8.0,66.66666667,,,15.0,62.5,,,,,2019.8333333333333,110.44444444444444,58.85166666666666,41.14833333333333,6.613333333333333,0.0,46.80388888888889,53.19611111111111,0.0,40.841376,-73.875262,10460.0,General Academic,High school,Crotona - Tremont,10460
72X696,HIGH SCHOOL OF AMERICAN STUDIES AT LEHMAN COLLEGE,common_core_algebra,86.154,3.0,27.0,3.0,33.0,12.0,17.9,10.3,44.44444444,15.0,16.5,7.7,55.55555556,,,5.0,18.51851852,,,15.0,55.55555556,2019.6666666666667,71.73333333333333,0.0,100.0,96.96733333333333,21.82133333333333,3.296,16.274,58.60933333333333,40.874725,-73.895543,10458.0,General Academic,High school,Fordham - Bronx Park,10458
72X696,HIGH SCHOOL OF AMERICAN STUDIES AT LEHMAN COLLEGE,common_core_english,94.95599999999999,3.0,27.0,3.0,33.0,12.0,17.9,10.3,44.44444444,15.0,16.5,7.7,55.55555556,,,5.0,18.51851852,,,15.0,55.55555556,2019.6666666666667,71.73333333333333,0.0,100.0,96.96733333333333,21.82133333333333,3.296,16.274,58.60933333333333,40.874725,-73.895543,10458.0,General Academic,High school,Fordham - Bronx Park,10458
72X696,HIGH SCHOOL OF AMERICAN STUDIES AT LEHMAN COLLEGE,living_environment,91.46799999999999,3.0,27.0,3.0,33.0,12.0,17.9,10.3,44.44444444,15.0,16.5,7.7,55.55555556,,,5.0,18.51851852,,,15.0,55.55555556,2019.6666666666667,71.73333333333333,0.0,100.0,96.96733333333333,21.82133333333333,3.296,16.274,58.60933333333333,40.874725,-73.895543,10458.0,General Academic,High school,Fordham - Bronx Park,10458
73K122,PATHWAYS IN TECHNOLOGY EARLY COLLEGE HIGH SCHOOL (,common_core_algebra,64.42,5.0,33.0,12.0,50.0,18.0,13.1,6.8,54.54545455,15.0,12.8,4.3,45.45454545,,,21.0,63.63636364,,,10.0,30.3030303,2019.95,132.9,44.6575,55.346500000000006,12.746500000000001,1.1895,89.937,8.8735,0.0,40.675905,-73.939282,11213.0,Career Technical,High school,Bedford Stuyvesant - Crown Heights,11213
73K122,PATHWAYS IN TECHNOLOGY EARLY COLLEGE HIGH SCHOOL (,common_core_english,64.23142857142857,5.0,33.0,12.0,50.0,18.0,13.1,6.8,54.54545455,15.0,12.8,4.3,45.45454545,,,21.0,63.63636364,,,10.0,30.3030303,2019.95,132.9,44.6575,55.346500000000006,12.746500000000001,1.1895,89.937,8.8735,0.0,40.675905,-73.939282,11213.0,Career Technical,High school,Bedford Stuyvesant - Crown Heights,11213
73K122,PATHWAYS IN TECHNOLOGY EARLY COLLEGE HIGH SCHOOL (,living_environment,62.305,5.0,33.0,12.0,50.0,18.0,13.1,6.8,54.54545455,15.0,12.8,4.3,45.45454545,,,21.0,63.63636364,,,10.0,30.3030303,2019.95,132.9,44.6575,55.346500000000006,12.746500000000001,1.1895,89.937,8.8735,0.0,40.675905,-73.939282,11213.0,Career Technical,High school,Bedford Stuyvesant - Crown Heights,11213
73K337,INTERNATIONAL HIGH SCHOOL AT LAFAYETTE,common_core_algebra,59.64333333333334,3.0,23.0,7.0,33.0,5.0,14.8,8.8,21.73913043,18.0,11.4,6.6,78.26086957,9.0,39.13043478,,,,,12.0,52.17391304,2019.6363636363637,113.36363636363636,62.301818181818184,37.698181818181816,8.143636363636363,26.127272727272725,0.42818181818181816,49.42909090909091,24.015454545454546,40.593028,-73.986313,11214.0,General Academic,High school,Bensonhurst - Bay Ridge,11214
73K337,INTERNATIONAL HIGH SCHOOL AT LAFAYETTE,common_core_english,53.465999999999994,3.0,23.0,7.0,33.0,5.0,14.8,8.8,21.73913043,18.0,11.4,6.6,78.26086957,9.0,39.13043478,,,,,12.0,52.17391304,2019.6363636363637,113.36363636363636,62.301818181818184,37.698181818181816,8.143636363636363,26.127272727272725,0.42818181818181816,49.42909090909091,24.015454545454546,40.593028,-73.986313,11214.0,General Academic,High school,Bensonhurst - Bay Ridge,11214
73K348,HIGH SCHOOL OF SPORTS MANAGEMENT,common_core_algebra,58.01499999999999,3.0,27.0,6.0,36.0,14.0,8.0,3.8,51.85185185,13.0,8.7,4.4,48.14814815,5.0,18.51851852,10.0,37.03703704,,,8.0,29.62962963,2019.8235294117646,94.11764705882354,54.96176470588235,45.04117647058824,9.513529411764706,5.436470588235294,41.43000000000001,36.001176470588234,17.131764705882354,40.593028,-73.986313,11214.0,General Academic,High school,Bensonhurst - Bay Ridge,11214
73K348,HIGH SCHOOL OF SPORTS MANAGEMENT,common_core_english,55.56333333333333,3.0,27.0,6.0,36.0,14.0,8.0,3.8,51.85185185,13.0,8.7,4.4,48.14814815,5.0,18.51851852,10.0,37.03703704,,,8.0,29.62962963,2019.8235294117646,94.11764705882354,54.96176470588235,45.04117647058824,9.513529411764706,5.436470588235294,41.43000000000001,36.001176470588234,17.131764705882354,40.593028,-73.986313,11214.0,General Academic,High school,Bensonhurst - Bay Ridge,11214
73K348,HIGH SCHOOL OF SPORTS MANAGEMENT,living_environment,60.99400000000001,3.0,27.0,6.0,36.0,14.0,8.0,3.8,51.85185185,13.0,8.7,4.4,48.14814815,5.0,18.51851852,10.0,37.03703704,,,8.0,29.62962963,2019.8235294117646,94.11764705882354,54.96176470588235,45.04117647058824,9.513529411764706,5.436470588235294,41.43000000000001,36.001176470588234,17.131764705882354,40.593028,-73.986313,11214.0,General Academic,High school,Bensonhurst - Bay Ridge,11214
73K350,URBAN ASSEMBLY SCHOOL OF MUSIC AND ART,common_core_algebra,57.00333333333333,3.0,10.0,4.0,17.0,,,,,,,,,,,,,,,5.0,50.0,2019.7777777777778,63.77777777777778,57.641666666666666,42.361666666666665,9.226666666666667,0.0,79.88888888888889,20.11111111111111,0.0,40.69733,-73.984528,11201.0,General Academic,High school,Downtown - Heights - Park Slope,11201
73K350,URBAN ASSEMBLY SCHOOL OF MUSIC AND ART,common_core_english,64.31833333333333,3.0,10.0,4.0,17.0,,,,,,,,,,,,,,,5.0,50.0,2019.7777777777778,63.77777777777778,57.641666666666666,42.361666666666665,9.226666666666667,0.0,79.88888888888889,20.11111111111111,0.0,40.69733,-73.984528,11201.0,General Academic,High school,Downtown - Heights - Park Slope,11201
73K350,URBAN ASSEMBLY SCHOOL OF MUSIC AND ART,living_environment,58.285,3.0,10.0,4.0,17.0,,,,,,,,,,,,,,,5.0,50.0,2019.7777777777778,63.77777777777778,57.641666666666666,42.361666666666665,9.226666666666667,0.0,79.88888888888889,20.11111111111111,0.0,40.69733,-73.984528,11201.0,General Academic,High school,Downtown - Heights - Park Slope,11201
73K403,ACADEMY FOR EXCELLENCE IN LEADERSHIP,common_core_algebra,55.76666666666667,3.0,24.0,12.0,39.0,8.0,6.4,6.9,33.33333333,16.0,6.2,4.0,66.66666667,,,,,6.0,25.0,9.0,37.5,2019.7058823529412,98.23529411764706,66.93117647058823,33.08,3.94235294117647,0.0,14.09235294117647,85.39176470588235,0.5158823529411765,40.696457,-73.911751,11237.0,General Academic,High school,Williamsburg - Bushwick,11237
73K403,ACADEMY FOR EXCELLENCE IN LEADERSHIP,common_core_english,54.85600000000001,3.0,24.0,12.0,39.0,8.0,6.4,6.9,33.33333333,16.0,6.2,4.0,66.66666667,,,,,6.0,25.0,9.0,37.5,2019.7058823529412,98.23529411764706,66.93117647058823,33.08,3.94235294117647,0.0,14.09235294117647,85.39176470588235,0.5158823529411765,40.696457,-73.911751,11237.0,General Academic,High school,Williamsburg - Bushwick,11237
73K403,ACADEMY FOR EXCELLENCE IN LEADERSHIP,living_environment,56.94166666666666,3.0,24.0,12.0,39.0,8.0,6.4,6.9,33.33333333,16.0,6.2,4.0,66.66666667,,,,,6.0,25.0,9.0,37.5,2019.7058823529412,98.23529411764706,66.93117647058823,33.08,3.94235294117647,0.0,14.09235294117647,85.39176470588235,0.5158823529411765,40.696457,-73.911751,11237.0,General Academic,High school,Williamsburg - Bushwick,11237
73K404,ACADEMY FOR YOUNG WRITERS,common_core_algebra,60.10999999999999,2.0,51.0,11.0,64.0,14.0,12.7,4.3,27.45098039,37.0,7.300000000000001,5.0,72.54901961,6.0,11.76470588,17.0,33.33333333,11.0,21.56862745,13.0,25.49019608,2019.8333333333333,112.0,51.99722222222223,48.00611111111111,13.272777777777778,0.535,71.49277777777777,27.806666666666665,0.16611111111111113,40.657266,-73.874064,11239.0,General Academic,High school,Canarsie - Flatlands,11239
73K404,ACADEMY FOR YOUNG WRITERS,common_core_english,67.355,2.0,51.0,11.0,64.0,14.0,12.7,4.3,27.45098039,37.0,7.300000000000001,5.0,72.54901961,6.0,11.76470588,17.0,33.33333333,11.0,21.56862745,13.0,25.49019608,2019.8333333333333,112.0,51.99722222222223,48.00611111111111,13.272777777777778,0.535,71.49277777777777,27.806666666666665,0.16611111111111113,40.657266,-73.874064,11239.0,General Academic,High school,Canarsie - Flatlands,11239
73K404,ACADEMY FOR YOUNG WRITERS,living_environment,59.39333333333334,2.0,51.0,11.0,64.0,14.0,12.7,4.3,27.45098039,37.0,7.300000000000001,5.0,72.54901961,6.0,11.76470588,17.0,33.33333333,11.0,21.56862745,13.0,25.49019608,2019.8333333333333,112.0,51.99722222222223,48.00611111111111,13.272777777777778,0.535,71.49277777777777,27.806666666666665,0.16611111111111113,40.657266,-73.874064,11239.0,General Academic,High school,Canarsie - Flatlands,11239
73K405,MIDWOOD HIGH SCHOOL,common_core_algebra,70.42857142857143,12.0,227.0,52.0,291.0,94.0,12.3,9.9,41.40969163,133.0,9.8,7.0,58.59030837,20.0,8.810572687,38.0,16.74008811,23.0,10.13215859,142.0,62.55506608,2019.95,668.2,24.653,75.34700000000001,46.7325,38.372,32.126999999999995,13.944999999999999,15.556000000000001,40.632829,-73.952356,11210.0,General Academic,High school,East Flatbush - Flatbush,11210
73K405,MIDWOOD HIGH SCHOOL,common_core_english,79.37166666666667,12.0,227.0,52.0,291.0,94.0,12.3,9.9,41.40969163,133.0,9.8,7.0,58.59030837,20.0,8.810572687,38.0,16.74008811,23.0,10.13215859,142.0,62.55506608,2019.95,668.2,24.653,75.34700000000001,46.7325,38.372,32.126999999999995,13.944999999999999,15.556000000000001,40.632829,-73.952356,11210.0,General Academic,High school,East Flatbush - Flatbush,11210
73K405,MIDWOOD HIGH SCHOOL,living_environment,73.53857142857143,12.0,227.0,52.0,291.0,94.0,12.3,9.9,41.40969163,133.0,9.8,7.0,58.59030837,20.0,8.810572687,38.0,16.74008811,23.0,10.13215859,142.0,62.55506608,2019.95,668.2,24.653,75.34700000000001,46.7325,38.372,32.126999999999995,13.944999999999999,15.556000000000001,40.632829,-73.952356,11210.0,General Academic,High school,East Flatbush - Flatbush,11210
73K408,ACADEMY OF HOSPITALITY AND TOURISM,common_core_algebra,61.91833333333333,4.0,24.0,8.0,36.0,7.0,4.0,2.4,29.166666669999998,17.0,5.6,2.3,70.83333333,,,12.0,50.0,,,,,2020.0,69.42105263157895,46.455263157894734,53.544736842105266,16.849473684210526,1.926842105263158,84.26263157894736,13.809999999999999,0.0,40.649602,-73.957173,11226.0,General Academic,High school,East Flatbush - Flatbush,11226
73K408,ACADEMY OF HOSPITALITY AND TOURISM,common_core_english,68.62833333333333,4.0,24.0,8.0,36.0,7.0,4.0,2.4,29.166666669999998,17.0,5.6,2.3,70.83333333,,,12.0,50.0,,,,,2020.0,69.42105263157895,46.455263157894734,53.544736842105266,16.849473684210526,1.926842105263158,84.26263157894736,13.809999999999999,0.0,40.649602,-73.957173,11226.0,General Academic,High school,East Flatbush - Flatbush,11226
73K408,ACADEMY OF HOSPITALITY AND TOURISM,living_environment,59.55428571428571,4.0,24.0,8.0,36.0,7.0,4.0,2.4,29.166666669999998,17.0,5.6,2.3,70.83333333,,,12.0,50.0,,,,,2020.0,69.42105263157895,46.455263157894734,53.544736842105266,16.849473684210526,1.926842105263158,84.26263157894736,13.809999999999999,0.0,40.649602,-73.957173,11226.0,General Academic,High school,East Flatbush - Flatbush,11226
73K409,EAST NEW YORK FAMILY ACADEMY,common_core_algebra,63.653333333333336,3.0,53.0,16.0,72.0,15.0,11.7,7.900000000000001,28.30188679,38.0,11.8,7.599999999999999,71.69811321,7.0,13.20754717,36.0,67.9245283,,,6.0,11.32075472,2019.888888888889,105.66666666666667,43.31111111111111,56.69277777777778,16.109444444444446,1.5233333333333332,72.60833333333333,25.86888888888889,0.0,40.673766,-73.895976,11207.0,General Academic,High school,East New York,11207
73K409,EAST NEW YORK FAMILY ACADEMY,common_core_english,69.86333333333333,3.0,53.0,16.0,72.0,15.0,11.7,7.900000000000001,28.30188679,38.0,11.8,7.599999999999999,71.69811321,7.0,13.20754717,36.0,67.9245283,,,6.0,11.32075472,2019.888888888889,105.66666666666667,43.31111111111111,56.69277777777778,16.109444444444446,1.5233333333333332,72.60833333333333,25.86888888888889,0.0,40.673766,-73.895976,11207.0,General Academic,High school,East New York,11207
73K409,EAST NEW YORK FAMILY ACADEMY,living_environment,61.18,3.0,53.0,16.0,72.0,15.0,11.7,7.900000000000001,28.30188679,38.0,11.8,7.599999999999999,71.69811321,7.0,13.20754717,36.0,67.9245283,,,6.0,11.32075472,2019.888888888889,105.66666666666667,43.31111111111111,56.69277777777778,16.109444444444446,1.5233333333333332,72.60833333333333,25.86888888888889,0.0,40.673766,-73.895976,11207.0,General Academic,High school,East New York,11207
73K412,BROOKLYN COMMUNITY ARTS & MEDIA HIGH SCHOOL (BCAM),common_core_algebra,60.11666666666667,3.0,48.0,10.0,61.0,20.0,9.3,5.5,41.66666667,28.0,12.3,6.1,58.333333329999995,6.0,12.5,21.0,43.75,5.0,10.41666667,15.0,31.25,2019.8333333333333,176.72222222222223,56.18944444444444,43.81055555555556,7.714444444444445,0.0,71.33,28.19,0.4794444444444444,40.692015,-73.95818,11205.0,General Academic,High school,Downtown - Heights - Park Slope,11205
73K412,BROOKLYN COMMUNITY ARTS & MEDIA HIGH SCHOOL (BCAM),common_core_english,61.096666666666664,3.0,48.0,10.0,61.0,20.0,9.3,5.5,41.66666667,28.0,12.3,6.1,58.333333329999995,6.0,12.5,21.0,43.75,5.0,10.41666667,15.0,31.25,2019.8333333333333,176.72222222222223,56.18944444444444,43.81055555555556,7.714444444444445,0.0,71.33,28.19,0.4794444444444444,40.692015,-73.95818,11205.0,General Academic,High school,Downtown - Heights - Park Slope,11205
73K412,BROOKLYN COMMUNITY ARTS & MEDIA HIGH SCHOOL (BCAM),living_environment,58.14833333333333,3.0,48.0,10.0,61.0,20.0,9.3,5.5,41.66666667,28.0,12.3,6.1,58.333333329999995,6.0,12.5,21.0,43.75,5.0,10.41666667,15.0,31.25,2019.8333333333333,176.72222222222223,56.18944444444444,43.81055555555556,7.714444444444445,0.0,71.33,28.19,0.4794444444444444,40.692015,-73.95818,11205.0,General Academic,High school,Downtown - Heights - Park Slope,11205
73K425,JAMES MADISON HIGH SCHOOL,common_core_algebra,67.57714285714285,11.0,198.0,59.0,268.0,82.0,12.8,8.8,41.41414141,116.0,13.7,10.1,58.58585859,11.0,5.555555556,28.0,14.14141414,14.0,7.070707070999999,142.0,71.71717172,2019.95,792.95,31.729000000000003,68.271,31.9555,18.9195,12.391,15.271,53.419500000000006,40.610499,-73.947661,11229.0,General Academic,High school,Coney Island - Sheepshead Bay ,11229
73K425,JAMES MADISON HIGH SCHOOL,common_core_english,73.30833333333334,11.0,198.0,59.0,268.0,82.0,12.8,8.8,41.41414141,116.0,13.7,10.1,58.58585859,11.0,5.555555556,28.0,14.14141414,14.0,7.070707070999999,142.0,71.71717172,2019.95,792.95,31.729000000000003,68.271,31.9555,18.9195,12.391,15.271,53.419500000000006,40.610499,-73.947661,11229.0,General Academic,High school,Coney Island - Sheepshead Bay ,11229
73K425,JAMES MADISON HIGH SCHOOL,living_environment,68.07000000000001,11.0,198.0,59.0,268.0,82.0,12.8,8.8,41.41414141,116.0,13.7,10.1,58.58585859,11.0,5.555555556,28.0,14.14141414,14.0,7.070707070999999,142.0,71.71717172,2019.95,792.95,31.729000000000003,68.271,31.9555,18.9195,12.391,15.271,53.419500000000006,40.610499,-73.947661,11229.0,General Academic,High school,Coney Island - Sheepshead Bay ,11229
73K439,BROOKLYN INTERNATIONAL HIGH SCHOOL,common_core_english,62.06,2.0,25.0,5.0,32.0,12.0,13.9,11.0,48.0,13.0,9.6,8.4,52.0,,,,,,,17.0,68.0,2019.8333333333333,95.66666666666667,41.95166666666667,58.04833333333334,19.848333333333333,1.3883333333333334,17.641666666666666,79.205,1.765,40.827455,-73.90392,10456.0,General Academic,High school,High Bridge - Morrisania,10456
73K445,NEW UTRECHT HIGH SCHOOL,common_core_algebra,70.88142857142857,12.0,204.0,50.0,266.0,73.0,12.3,10.0,35.78431373,131.0,12.2,9.9,64.21568627,37.0,18.1372549,14.0,6.862745098,24.0,11.76470588,124.0,60.78431373,2020.0,743.6666666666666,29.472380952380952,70.53,33.74809523809523,42.72380952380953,1.4514285714285715,31.03952380952381,24.786190476190477,40.613041,-74.002308,11214.0,General Academic,High school,Bensonhurst - Bay Ridge,11214
73K445,NEW UTRECHT HIGH SCHOOL,common_core_english,71.01428571428572,12.0,204.0,50.0,266.0,73.0,12.3,10.0,35.78431373,131.0,12.2,9.9,64.21568627,37.0,18.1372549,14.0,6.862745098,24.0,11.76470588,124.0,60.78431373,2020.0,743.6666666666666,29.472380952380952,70.53,33.74809523809523,42.72380952380953,1.4514285714285715,31.03952380952381,24.786190476190477,40.613041,-74.002308,11214.0,General Academic,High school,Bensonhurst - Bay Ridge,11214
73K445,NEW UTRECHT HIGH SCHOOL,living_environment,68.78285714285714,12.0,204.0,50.0,266.0,73.0,12.3,10.0,35.78431373,131.0,12.2,9.9,64.21568627,37.0,18.1372549,14.0,6.862745098,24.0,11.76470588,124.0,60.78431373,2020.0,743.6666666666666,29.472380952380952,70.53,33.74809523809523,42.72380952380953,1.4514285714285715,31.03952380952381,24.786190476190477,40.613041,-74.002308,11214.0,General Academic,High school,Bensonhurst - Bay Ridge,11214
73K448,BROOKLYN COLLABORATIVE STUDIES,common_core_algebra,75.6,2.0,59.0,18.0,79.0,19.0,12.6,8.4,32.20338983,40.0,10.8,7.6,67.79661017,,,15.0,25.42372881,6.0,10.16949153,32.0,54.23728814,2020.375,117.875,24.77,75.235,38.61625,1.16625,37.21125,41.463750000000005,20.16,40.679462,-74.002022,11231.0,General Academic,High school,Downtown - Heights - Park Slope,11231
73K448,BROOKLYN COLLABORATIVE STUDIES,common_core_english,71.29714285714286,2.0,59.0,18.0,79.0,19.0,12.6,8.4,32.20338983,40.0,10.8,7.6,67.79661017,,,15.0,25.42372881,6.0,10.16949153,32.0,54.23728814,2020.375,117.875,24.77,75.235,38.61625,1.16625,37.21125,41.463750000000005,20.16,40.679462,-74.002022,11231.0,General Academic,High school,Downtown - Heights - Park Slope,11231
73K488,BROOKLYN PREPARATORY HIGH SCHOOL,common_core_algebra,63.468333333333334,4.0,39.0,8.0,51.0,18.0,11.1,5.4,46.15384615,21.0,9.9,6.7,53.84615385,,,6.0,15.38461538,7.0,17.94871795,20.0,51.28205128,2019.8235294117646,124.11764705882354,34.15764705882353,65.84529411764706,25.671764705882353,0.0,42.29823529411765,57.70176470588235,0.0,40.715561,-73.954815,11211.0,General Academic,High school,Greenpoint,11211
73K488,BROOKLYN PREPARATORY HIGH SCHOOL,common_core_english,70.415,4.0,39.0,8.0,51.0,18.0,11.1,5.4,46.15384615,21.0,9.9,6.7,53.84615385,,,6.0,15.38461538,7.0,17.94871795,20.0,51.28205128,2019.8235294117646,124.11764705882354,34.15764705882353,65.84529411764706,25.671764705882353,0.0,42.29823529411765,57.70176470588235,0.0,40.715561,-73.954815,11211.0,General Academic,High school,Greenpoint,11211
73K488,BROOKLYN PREPARATORY HIGH SCHOOL,living_environment,71.94200000000001,4.0,39.0,8.0,51.0,18.0,11.1,5.4,46.15384615,21.0,9.9,6.7,53.84615385,,,6.0,15.38461538,7.0,17.94871795,20.0,51.28205128,2019.8235294117646,124.11764705882354,34.15764705882353,65.84529411764706,25.671764705882353,0.0,42.29823529411765,57.70176470588235,0.0,40.715561,-73.954815,11211.0,General Academic,High school,Greenpoint,11211
73K493,BROOKLYN COLLEGIATE: A COLLEGE BOARD SCHOOL,common_core_algebra,60.94857142857143,4.0,36.0,14.0,54.0,20.0,6.4,3.6,55.55555556,16.0,7.8,3.9,44.44444444,,,15.0,41.66666667,,,12.0,33.33333333,2019.95,95.75,53.2485,46.7525,10.9215,0.0,87.8475,12.1525,0.0,40.674456,-73.912685,11233.0,General Academic,High school,Bedford Stuyvesant - Crown Heights,11233
73K493,BROOKLYN COLLEGIATE: A COLLEGE BOARD SCHOOL,common_core_english,66.76714285714286,4.0,36.0,14.0,54.0,20.0,6.4,3.6,55.55555556,16.0,7.8,3.9,44.44444444,,,15.0,41.66666667,,,12.0,33.33333333,2019.95,95.75,53.2485,46.7525,10.9215,0.0,87.8475,12.1525,0.0,40.674456,-73.912685,11233.0,General Academic,High school,Bedford Stuyvesant - Crown Heights,11233
73K493,BROOKLYN COLLEGIATE: A COLLEGE BOARD SCHOOL,living_environment,55.75833333333333,4.0,36.0,14.0,54.0,20.0,6.4,3.6,55.55555556,16.0,7.8,3.9,44.44444444,,,15.0,41.66666667,,,12.0,33.33333333,2019.95,95.75,53.2485,46.7525,10.9215,0.0,87.8475,12.1525,0.0,40.674456,-73.912685,11233.0,General Academic,High school,Bedford Stuyvesant - Crown Heights,11233
73K504,HIGH SCHOOL FOR CIVIL RIGHTS,common_core_algebra,57.25833333333333,3.0,16.0,5.0,24.0,7.0,15.8,7.2,43.75,9.0,15.0,8.0,56.25,,,10.0,62.5,,,,,2019.6470588235295,86.17647058823529,62.63999999999999,37.36,5.833529411764706,0.0,77.18235294117646,22.81764705882353,0.0,40.666868,-73.895122,11207.0,General Academic,High school,East New York,11207
73K504,HIGH SCHOOL FOR CIVIL RIGHTS,common_core_english,56.22,3.0,16.0,5.0,24.0,7.0,15.8,7.2,43.75,9.0,15.0,8.0,56.25,,,10.0,62.5,,,,,2019.6470588235295,86.17647058823529,62.63999999999999,37.36,5.833529411764706,0.0,77.18235294117646,22.81764705882353,0.0,40.666868,-73.895122,11207.0,General Academic,High school,East New York,11207
73K504,HIGH SCHOOL FOR CIVIL RIGHTS,living_environment,55.160000000000004,3.0,16.0,5.0,24.0,7.0,15.8,7.2,43.75,9.0,15.0,8.0,56.25,,,10.0,62.5,,,,,2019.6470588235295,86.17647058823529,62.63999999999999,37.36,5.833529411764706,0.0,77.18235294117646,22.81764705882353,0.0,40.666868,-73.895122,11207.0,General Academic,High school,East New York,11207
73K505,FRANKLIN DELANO ROOSEVELT HIGH SCHOOL,common_core_algebra,67.92285714285714,12.0,218.0,68.0,298.0,98.0,12.900000000000002,10.3,44.95412844,120.0,9.3,7.1,55.04587156,37.0,16.97247706,28.0,12.8440367,36.0,16.51376147,106.0,48.62385321,2020.0,689.5238095238095,34.9847619047619,65.01523809523809,29.225238095238097,41.39523809523809,5.063809523809524,34.739999999999995,18.8,40.621299,-73.982583,11204.0,General Academic,High school,Borough Park,11204
73K505,FRANKLIN DELANO ROOSEVELT HIGH SCHOOL,common_core_english,66.23285714285714,12.0,218.0,68.0,298.0,98.0,12.900000000000002,10.3,44.95412844,120.0,9.3,7.1,55.04587156,37.0,16.97247706,28.0,12.8440367,36.0,16.51376147,106.0,48.62385321,2020.0,689.5238095238095,34.9847619047619,65.01523809523809,29.225238095238097,41.39523809523809,5.063809523809524,34.739999999999995,18.8,40.621299,-73.982583,11204.0,General Academic,High school,Borough Park,11204
73K505,FRANKLIN DELANO ROOSEVELT HIGH SCHOOL,living_environment,68.72857142857143,12.0,218.0,68.0,298.0,98.0,12.900000000000002,10.3,44.95412844,120.0,9.3,7.1,55.04587156,37.0,16.97247706,28.0,12.8440367,36.0,16.51376147,106.0,48.62385321,2020.0,689.5238095238095,34.9847619047619,65.01523809523809,29.225238095238097,41.39523809523809,5.063809523809524,34.739999999999995,18.8,40.621299,-73.982583,11204.0,General Academic,High school,Borough Park,11204
73K507,PERFORMING ARTS AND TECHNOLOGY HIGH SCHOOL,common_core_algebra,59.865,3.0,28.0,5.0,36.0,14.0,8.8,5.7,50.0,14.0,9.5,6.9,50.0,,,12.0,42.85714286,7.0,25.0,7.0,25.0,2019.8333333333333,133.27777777777777,54.486111111111114,45.51611111111111,9.827777777777778,0.1761111111111111,62.17777777777778,37.64555555555555,0.0,40.666868,-73.895122,11207.0,General Academic,High school,East New York,11207
73K507,PERFORMING ARTS AND TECHNOLOGY HIGH SCHOOL,common_core_english,59.1,3.0,28.0,5.0,36.0,14.0,8.8,5.7,50.0,14.0,9.5,6.9,50.0,,,12.0,42.85714286,7.0,25.0,7.0,25.0,2019.8333333333333,133.27777777777777,54.486111111111114,45.51611111111111,9.827777777777778,0.1761111111111111,62.17777777777778,37.64555555555555,0.0,40.666868,-73.895122,11207.0,General Academic,High school,East New York,11207
73K507,PERFORMING ARTS AND TECHNOLOGY HIGH SCHOOL,living_environment,57.169999999999995,3.0,28.0,5.0,36.0,14.0,8.8,5.7,50.0,14.0,9.5,6.9,50.0,,,12.0,42.85714286,7.0,25.0,7.0,25.0,2019.8333333333333,133.27777777777777,54.486111111111114,45.51611111111111,9.827777777777778,0.1761111111111111,62.17777777777778,37.64555555555555,0.0,40.666868,-73.895122,11207.0,General Academic,High school,East New York,11207
73K510,WORLD ACADEMY FOR TOTAL COMMUNITY HEALTH HIGH SCHO,common_core_algebra,56.652,2.0,13.0,4.0,19.0,5.0,15.1,6.9,38.46153846,8.0,9.7,6.5,61.53846154,,,9.0,69.23076923,,,,,2019.8125,50.625,54.741875,45.258125,11.7275,0.78125,76.6875,22.53125,0.0,40.666868,-73.895122,11207.0,General Academic,High school,East New York,11207
73K510,WORLD ACADEMY FOR TOTAL COMMUNITY HEALTH HIGH SCHO,common_core_english,65.9,2.0,13.0,4.0,19.0,5.0,15.1,6.9,38.46153846,8.0,9.7,6.5,61.53846154,,,9.0,69.23076923,,,,,2019.8125,50.625,54.741875,45.258125,11.7275,0.78125,76.6875,22.53125,0.0,40.666868,-73.895122,11207.0,General Academic,High school,East New York,11207
73K510,WORLD ACADEMY FOR TOTAL COMMUNITY HEALTH HIGH SCHO,living_environment,59.31166666666667,2.0,13.0,4.0,19.0,5.0,15.1,6.9,38.46153846,8.0,9.7,6.5,61.53846154,,,9.0,69.23076923,,,,,2019.8125,50.625,54.741875,45.258125,11.7275,0.78125,76.6875,22.53125,0.0,40.666868,-73.895122,11207.0,General Academic,High school,East New York,11207
73K514,FREDERICK DOUGLASS ACADEMY VII HIGH SCHOOL,common_core_algebra,58.205000000000005,2.0,18.0,6.0,26.0,9.0,8.8,5.1,50.0,9.0,7.0,3.8,50.0,,,8.0,44.44444444,,,6.0,33.33333333,2019.9411764705883,50.529411764705884,50.85294117647059,49.15294117647059,15.533529411764706,0.0,92.45470588235294,7.545294117647059,0.0,40.665568,-73.912102,11212.0,General Academic,High school,Bedford Stuyvesant - Crown Heights,11212
73K514,FREDERICK DOUGLASS ACADEMY VII HIGH SCHOOL,common_core_english,70.63666666666667,2.0,18.0,6.0,26.0,9.0,8.8,5.1,50.0,9.0,7.0,3.8,50.0,,,8.0,44.44444444,,,6.0,33.33333333,2019.9411764705883,50.529411764705884,50.85294117647059,49.15294117647059,15.533529411764706,0.0,92.45470588235294,7.545294117647059,0.0,40.665568,-73.912102,11212.0,General Academic,High school,Bedford Stuyvesant - Crown Heights,11212
73K514,FREDERICK DOUGLASS ACADEMY VII HIGH SCHOOL,living_environment,57.852,2.0,18.0,6.0,26.0,9.0,8.8,5.1,50.0,9.0,7.0,3.8,50.0,,,8.0,44.44444444,,,6.0,33.33333333,2019.9411764705883,50.529411764705884,50.85294117647059,49.15294117647059,15.533529411764706,0.0,92.45470588235294,7.545294117647059,0.0,40.665568,-73.912102,11212.0,General Academic,High school,Bedford Stuyvesant - Crown Heights,11212
73K525,EDWARD R. MURROW HIGH SCHOOL,common_core_algebra,67.49333333333334,14.0,223.0,63.0,300.0,90.0,13.9,10.5,40.35874439,133.0,13.5,9.5,59.64125561,18.0,8.071748879,35.0,15.695067259999998,26.0,11.65919283,130.0,58.29596413,2019.8333333333333,652.7222222222222,31.45888888888889,68.5411111111111,31.735,28.296666666666667,21.38888888888889,23.388333333333335,26.924444444444443,40.619671,-73.959141,11230.0,General Academic,High school,Borough Park,11230
73K525,EDWARD R. MURROW HIGH SCHOOL,common_core_english,75.0,14.0,223.0,63.0,300.0,90.0,13.9,10.5,40.35874439,133.0,13.5,9.5,59.64125561,18.0,8.071748879,35.0,15.695067259999998,26.0,11.65919283,130.0,58.29596413,2019.8333333333333,652.7222222222222,31.45888888888889,68.5411111111111,31.735,28.296666666666667,21.38888888888889,23.388333333333335,26.924444444444443,40.619671,-73.959141,11230.0,General Academic,High school,Borough Park,11230
73K525,EDWARD R. MURROW HIGH SCHOOL,living_environment,67.54,14.0,223.0,63.0,300.0,90.0,13.9,10.5,40.35874439,133.0,13.5,9.5,59.64125561,18.0,8.071748879,35.0,15.695067259999998,26.0,11.65919283,130.0,58.29596413,2019.8333333333333,652.7222222222222,31.45888888888889,68.5411111111111,31.735,28.296666666666667,21.38888888888889,23.388333333333335,26.924444444444443,40.619671,-73.959141,11230.0,General Academic,High school,Borough Park,11230
73K528,THE HIGH SCHOOL FOR GLOBAL CITIZENSHIP,common_core_algebra,66.99,1.0,16.0,5.0,22.0,8.0,8.5,6.7,50.0,8.0,6.3,4.0,50.0,,,10.0,62.5,,,5.0,31.25,2019.8235294117646,70.11764705882354,44.51117647058823,55.48882352941176,14.465882352941176,1.5635294117647058,85.80705882352942,12.222941176470588,0.40588235294117647,40.669805,-73.960689,11225.0,General Academic,High school,East Flatbush - Flatbush,11225
73K528,THE HIGH SCHOOL FOR GLOBAL CITIZENSHIP,common_core_english,63.046666666666674,1.0,16.0,5.0,22.0,8.0,8.5,6.7,50.0,8.0,6.3,4.0,50.0,,,10.0,62.5,,,5.0,31.25,2019.8235294117646,70.11764705882354,44.51117647058823,55.48882352941176,14.465882352941176,1.5635294117647058,85.80705882352942,12.222941176470588,0.40588235294117647,40.669805,-73.960689,11225.0,General Academic,High school,East Flatbush - Flatbush,11225
73K528,THE HIGH SCHOOL FOR GLOBAL CITIZENSHIP,living_environment,59.88833333333334,1.0,16.0,5.0,22.0,8.0,8.5,6.7,50.0,8.0,6.3,4.0,50.0,,,10.0,62.5,,,5.0,31.25,2019.8235294117646,70.11764705882354,44.51117647058823,55.48882352941176,14.465882352941176,1.5635294117647058,85.80705882352942,12.222941176470588,0.40588235294117647,40.669805,-73.960689,11225.0,General Academic,High school,East Flatbush - Flatbush,11225
73K531,SCHOOL FOR HUMAN RIGHTS  THE,common_core_algebra,59.870000000000005,2.0,15.0,10.0,27.0,5.0,5.2,1.8999999999999997,33.33333333,10.0,13.7,4.1,66.66666667,,,11.0,73.33333333,,,,,2019.8333333333333,78.38888888888889,48.74944444444444,51.25055555555556,14.008888888888889,0.0,96.95444444444445,3.0455555555555556,0.0,40.658671,-73.943839,11203.0,General Academic,High school,East Flatbush - Flatbush,11203
73K531,SCHOOL FOR HUMAN RIGHTS  THE,common_core_english,69.315,2.0,15.0,10.0,27.0,5.0,5.2,1.8999999999999997,33.33333333,10.0,13.7,4.1,66.66666667,,,11.0,73.33333333,,,,,2019.8333333333333,78.38888888888889,48.74944444444444,51.25055555555556,14.008888888888889,0.0,96.95444444444445,3.0455555555555556,0.0,40.658671,-73.943839,11203.0,General Academic,High school,East Flatbush - Flatbush,11203
73K531,SCHOOL FOR HUMAN RIGHTS  THE,living_environment,59.98,2.0,15.0,10.0,27.0,5.0,5.2,1.8999999999999997,33.33333333,10.0,13.7,4.1,66.66666667,,,11.0,73.33333333,,,,,2019.8333333333333,78.38888888888889,48.74944444444444,51.25055555555556,14.008888888888889,0.0,96.95444444444445,3.0455555555555556,0.0,40.658671,-73.943839,11203.0,General Academic,High school,East Flatbush - Flatbush,11203
73K535,LEON M. GOLDSTEIN HIGH SCHOOL FOR THE SCIENCES,common_core_algebra,76.962,3.0,60.0,23.0,86.0,30.0,15.4,9.2,50.0,30.0,12.4,7.6,50.0,6.0,10.0,8.0,13.33333333,6.0,10.0,40.0,66.66666667,2019.6666666666667,156.26666666666668,10.081999999999999,89.92066666666666,67.09266666666666,26.823333333333334,8.239333333333333,9.759333333333334,55.17666666666666,40.578356,-73.934449,11235.0,General Academic,High school,Coney Island - Sheepshead Bay ,11235
73K535,LEON M. GOLDSTEIN HIGH SCHOOL FOR THE SCIENCES,common_core_english,88.50800000000001,3.0,60.0,23.0,86.0,30.0,15.4,9.2,50.0,30.0,12.4,7.6,50.0,6.0,10.0,8.0,13.33333333,6.0,10.0,40.0,66.66666667,2019.6666666666667,156.26666666666668,10.081999999999999,89.92066666666666,67.09266666666666,26.823333333333334,8.239333333333333,9.759333333333334,55.17666666666666,40.578356,-73.934449,11235.0,General Academic,High school,Coney Island - Sheepshead Bay ,11235
73K535,LEON M. GOLDSTEIN HIGH SCHOOL FOR THE SCIENCES,living_environment,79.73400000000001,3.0,60.0,23.0,86.0,30.0,15.4,9.2,50.0,30.0,12.4,7.6,50.0,6.0,10.0,8.0,13.33333333,6.0,10.0,40.0,66.66666667,2019.6666666666667,156.26666666666668,10.081999999999999,89.92066666666666,67.09266666666666,26.823333333333334,8.239333333333333,9.759333333333334,55.17666666666666,40.578356,-73.934449,11235.0,General Academic,High school,Coney Island - Sheepshead Bay ,11235
73K537,HIGH SCHOOL FOR YOUTH AND COMMUNITY DEVELOPMENT AT,common_core_algebra,60.385,4.0,23.0,14.0,41.0,14.0,10.5,6.3,60.86956522,9.0,10.4,4.6,39.13043478,,,,,,,14.0,60.86956522,2019.8333333333333,144.27777777777777,54.358333333333334,45.641666666666666,8.166111111111112,3.395,79.25277777777778,16.279444444444444,1.0744444444444445,40.649602,-73.957173,11226.0,General Academic,High school,East Flatbush - Flatbush,11226
73K537,HIGH SCHOOL FOR YOUTH AND COMMUNITY DEVELOPMENT AT,common_core_english,62.346666666666664,4.0,23.0,14.0,41.0,14.0,10.5,6.3,60.86956522,9.0,10.4,4.6,39.13043478,,,,,,,14.0,60.86956522,2019.8333333333333,144.27777777777777,54.358333333333334,45.641666666666666,8.166111111111112,3.395,79.25277777777778,16.279444444444444,1.0744444444444445,40.649602,-73.957173,11226.0,General Academic,High school,East Flatbush - Flatbush,11226
73K537,HIGH SCHOOL FOR YOUTH AND COMMUNITY DEVELOPMENT AT,living_environment,58.08833333333334,4.0,23.0,14.0,41.0,14.0,10.5,6.3,60.86956522,9.0,10.4,4.6,39.13043478,,,,,,,14.0,60.86956522,2019.8333333333333,144.27777777777777,54.358333333333334,45.641666666666666,8.166111111111112,3.395,79.25277777777778,16.279444444444444,1.0744444444444445,40.649602,-73.957173,11226.0,General Academic,High school,East Flatbush - Flatbush,11226
73K539,HIGH SCHOOL FOR SERVICE & LEARNING AT ERASMUS,common_core_algebra,58.58833333333333,3.0,17.0,5.0,25.0,9.0,12.7,7.300000000000001,52.94117647,8.0,7.800000000000001,7.5,47.05882353,,,6.0,35.29411765,,,7.0,41.17647059,2019.8333333333333,78.38888888888889,57.0611111111111,42.93888888888889,7.623888888888889,0.0,78.05388888888889,21.271666666666665,0.6744444444444445,40.649602,-73.957173,11226.0,General Academic,High school,East Flatbush - Flatbush,11226
73K539,HIGH SCHOOL FOR SERVICE & LEARNING AT ERASMUS,common_core_english,61.96666666666667,3.0,17.0,5.0,25.0,9.0,12.7,7.300000000000001,52.94117647,8.0,7.800000000000001,7.5,47.05882353,,,6.0,35.29411765,,,7.0,41.17647059,2019.8333333333333,78.38888888888889,57.0611111111111,42.93888888888889,7.623888888888889,0.0,78.05388888888889,21.271666666666665,0.6744444444444445,40.649602,-73.957173,11226.0,General Academic,High school,East Flatbush - Flatbush,11226
73K539,HIGH SCHOOL FOR SERVICE & LEARNING AT ERASMUS,living_environment,56.925000000000004,3.0,17.0,5.0,25.0,9.0,12.7,7.300000000000001,52.94117647,8.0,7.800000000000001,7.5,47.05882353,,,6.0,35.29411765,,,7.0,41.17647059,2019.8333333333333,78.38888888888889,57.0611111111111,42.93888888888889,7.623888888888889,0.0,78.05388888888889,21.271666666666665,0.6744444444444445,40.649602,-73.957173,11226.0,General Academic,High school,East Flatbush - Flatbush,11226
73K540,JOHN DEWEY HIGH SCHOOL,common_core_algebra,65.02857142857142,12.0,153.0,36.0,201.0,92.0,11.5,7.200000000000001,60.130718949999995,61.0,11.2,8.1,39.86928105,13.0,8.496732026,16.0,10.45751634,13.0,8.496732026,108.0,70.58823529,2020.0,526.7142857142857,39.8252380952381,60.17476190476191,24.304285714285715,27.713809523809523,25.462380952380954,30.72095238095238,16.103333333333335,40.58807,-73.981925,11223.0,General Academic,High school,Coney Island - Sheepshead Bay ,11223
73K540,JOHN DEWEY HIGH SCHOOL,common_core_english,69.14571428571428,12.0,153.0,36.0,201.0,92.0,11.5,7.200000000000001,60.130718949999995,61.0,11.2,8.1,39.86928105,13.0,8.496732026,16.0,10.45751634,13.0,8.496732026,108.0,70.58823529,2020.0,526.7142857142857,39.8252380952381,60.17476190476191,24.304285714285715,27.713809523809523,25.462380952380954,30.72095238095238,16.103333333333335,40.58807,-73.981925,11223.0,General Academic,High school,Coney Island - Sheepshead Bay ,11223
73K540,JOHN DEWEY HIGH SCHOOL,living_environment,64.50571428571429,12.0,153.0,36.0,201.0,92.0,11.5,7.200000000000001,60.130718949999995,61.0,11.2,8.1,39.86928105,13.0,8.496732026,16.0,10.45751634,13.0,8.496732026,108.0,70.58823529,2020.0,526.7142857142857,39.8252380952381,60.17476190476191,24.304285714285715,27.713809523809523,25.462380952380954,30.72095238095238,16.103333333333335,40.58807,-73.981925,11223.0,General Academic,High school,Coney Island - Sheepshead Bay ,11223
73K543,SCIENCE  TECHNOLOGY AND RESEARCH EARLY COLLEGE HIG,common_core_algebra,69.03,5.0,41.0,14.0,60.0,17.0,9.7,7.5,41.46341463,24.0,11.6,7.800000000000001,58.53658537,,,18.0,43.90243902,,,16.0,39.02439024,2019.888888888889,88.61111111111111,26.749444444444446,73.25555555555555,31.435000000000002,3.9594444444444443,81.71944444444445,14.320555555555554,0.0,40.649602,-73.957173,11226.0,General Academic,High school,East Flatbush - Flatbush,11226
73K543,SCIENCE  TECHNOLOGY AND RESEARCH EARLY COLLEGE HIG,common_core_english,74.05714285714285,5.0,41.0,14.0,60.0,17.0,9.7,7.5,41.46341463,24.0,11.6,7.800000000000001,58.53658537,,,18.0,43.90243902,,,16.0,39.02439024,2019.888888888889,88.61111111111111,26.749444444444446,73.25555555555555,31.435000000000002,3.9594444444444443,81.71944444444445,14.320555555555554,0.0,40.649602,-73.957173,11226.0,General Academic,High school,East Flatbush - Flatbush,11226
73K543,SCIENCE  TECHNOLOGY AND RESEARCH EARLY COLLEGE HIG,living_environment,69.8,5.0,41.0,14.0,60.0,17.0,9.7,7.5,41.46341463,24.0,11.6,7.800000000000001,58.53658537,,,18.0,43.90243902,,,16.0,39.02439024,2019.888888888889,88.61111111111111,26.749444444444446,73.25555555555555,31.435000000000002,3.9594444444444443,81.71944444444445,14.320555555555554,0.0,40.649602,-73.957173,11226.0,General Academic,High school,East Flatbush - Flatbush,11226
73K545,EBC HIGH SCHOOL FOR PUBLIC SERVICE - BUSHWICK,common_core_algebra,56.45333333333334,4.0,34.0,13.0,51.0,20.0,7.800000000000001,7.599999999999999,58.823529410000006,14.0,7.599999999999999,7.400000000000001,41.17647059,,,5.0,14.70588235,16.0,47.05882353,10.0,29.41176471,2019.8333333333333,136.94444444444446,59.25388888888889,40.74611111111111,7.535,0.0,5.97,94.03,0.0,40.694723,-73.929315,11221.0,General Academic,High school,Williamsburg - Bushwick,11221
73K545,EBC HIGH SCHOOL FOR PUBLIC SERVICE - BUSHWICK,common_core_english,61.02833333333333,4.0,34.0,13.0,51.0,20.0,7.800000000000001,7.599999999999999,58.823529410000006,14.0,7.599999999999999,7.400000000000001,41.17647059,,,5.0,14.70588235,16.0,47.05882353,10.0,29.41176471,2019.8333333333333,136.94444444444446,59.25388888888889,40.74611111111111,7.535,0.0,5.97,94.03,0.0,40.694723,-73.929315,11221.0,General Academic,High school,Williamsburg - Bushwick,11221
73K545,EBC HIGH SCHOOL FOR PUBLIC SERVICE - BUSHWICK,living_environment,58.14833333333333,4.0,34.0,13.0,51.0,20.0,7.800000000000001,7.599999999999999,58.823529410000006,14.0,7.599999999999999,7.400000000000001,41.17647059,,,5.0,14.70588235,16.0,47.05882353,10.0,29.41176471,2019.8333333333333,136.94444444444446,59.25388888888889,40.74611111111111,7.535,0.0,5.97,94.03,0.0,40.694723,-73.929315,11221.0,General Academic,High school,Williamsburg - Bushwick,11221
73K546,HIGH SCHOOL FOR PUBLIC SERVICE: HEROES OF TOMORROW,common_core_algebra,60.93166666666667,4.0,30.0,12.0,46.0,13.0,17.1,7.8,43.33333333,17.0,9.9,6.3,56.66666667,,,9.0,30.0,,,14.0,46.66666667,2019.5,86.1875,41.764375,58.235625,22.43625,0.8262499999999999,85.62,13.55375,0.0,40.658671,-73.943839,11203.0,General Academic,High school,East Flatbush - Flatbush,11203
73K546,HIGH SCHOOL FOR PUBLIC SERVICE: HEROES OF TOMORROW,common_core_english,80.7925,4.0,30.0,12.0,46.0,13.0,17.1,7.8,43.33333333,17.0,9.9,6.3,56.66666667,,,9.0,30.0,,,14.0,46.66666667,2019.5,86.1875,41.764375,58.235625,22.43625,0.8262499999999999,85.62,13.55375,0.0,40.658671,-73.943839,11203.0,General Academic,High school,East Flatbush - Flatbush,11203
73K546,HIGH SCHOOL FOR PUBLIC SERVICE: HEROES OF TOMORROW,living_environment,62.22666666666667,4.0,30.0,12.0,46.0,13.0,17.1,7.8,43.33333333,17.0,9.9,6.3,56.66666667,,,9.0,30.0,,,14.0,46.66666667,2019.5,86.1875,41.764375,58.235625,22.43625,0.8262499999999999,85.62,13.55375,0.0,40.658671,-73.943839,11203.0,General Academic,High school,East Flatbush - Flatbush,11203
73K547,BROOKLYN ACADEMY OF SCIENCE AND THE ENVIRONMENT,common_core_algebra,61.88666666666666,2.0,19.0,8.0,29.0,6.0,14.1,10.0,31.578947370000005,13.0,9.4,6.8,68.42105263,,,5.0,26.31578947,,,8.0,42.10526316,2019.7058823529412,96.05882352941177,43.69705882352941,56.30294117647059,17.538823529411765,1.4729411764705882,85.47294117647058,12.435882352941176,0.6170588235294118,40.669805,-73.960689,11225.0,General Academic,High school,East Flatbush - Flatbush,11225
73K547,BROOKLYN ACADEMY OF SCIENCE AND THE ENVIRONMENT,common_core_english,71.58,2.0,19.0,8.0,29.0,6.0,14.1,10.0,31.578947370000005,13.0,9.4,6.8,68.42105263,,,5.0,26.31578947,,,8.0,42.10526316,2019.7058823529412,96.05882352941177,43.69705882352941,56.30294117647059,17.538823529411765,1.4729411764705882,85.47294117647058,12.435882352941176,0.6170588235294118,40.669805,-73.960689,11225.0,General Academic,High school,East Flatbush - Flatbush,11225
73K547,BROOKLYN ACADEMY OF SCIENCE AND THE ENVIRONMENT,living_environment,62.925000000000004,2.0,19.0,8.0,29.0,6.0,14.1,10.0,31.578947370000005,13.0,9.4,6.8,68.42105263,,,5.0,26.31578947,,,8.0,42.10526316,2019.7058823529412,96.05882352941177,43.69705882352941,56.30294117647059,17.538823529411765,1.4729411764705882,85.47294117647058,12.435882352941176,0.6170588235294118,40.669805,-73.960689,11225.0,General Academic,High school,East Flatbush - Flatbush,11225
73K548,BROOKLYN SCHOOL FOR MUSIC & THEATRE,common_core_algebra,58.379999999999995,3.0,19.0,6.0,28.0,9.0,8.2,6.5,47.36842105,10.0,13.4,4.1,52.63157895,,,8.0,42.10526316,,,10.0,52.63157895,2019.8333333333333,90.0,57.06277777777778,42.937222222222225,10.049444444444443,0.0,87.47166666666666,12.528333333333332,0.0,40.669805,-73.960689,11225.0,General Academic,High school,East Flatbush - Flatbush,11225
73K548,BROOKLYN SCHOOL FOR MUSIC & THEATRE,common_core_english,66.38333333333334,3.0,19.0,6.0,28.0,9.0,8.2,6.5,47.36842105,10.0,13.4,4.1,52.63157895,,,8.0,42.10526316,,,10.0,52.63157895,2019.8333333333333,90.0,57.06277777777778,42.937222222222225,10.049444444444443,0.0,87.47166666666666,12.528333333333332,0.0,40.669805,-73.960689,11225.0,General Academic,High school,East Flatbush - Flatbush,11225
73K548,BROOKLYN SCHOOL FOR MUSIC & THEATRE,living_environment,56.87166666666667,3.0,19.0,6.0,28.0,9.0,8.2,6.5,47.36842105,10.0,13.4,4.1,52.63157895,,,8.0,42.10526316,,,10.0,52.63157895,2019.8333333333333,90.0,57.06277777777778,42.937222222222225,10.049444444444443,0.0,87.47166666666666,12.528333333333332,0.0,40.669805,-73.960689,11225.0,General Academic,High school,East Flatbush - Flatbush,11225
73K549,THE BROOKLYN SCHOOL FOR SOCIAL JUSTICE,common_core_algebra,55.94333333333333,3.0,29.0,5.0,37.0,13.0,10.2,6.8,44.82758621,16.0,8.3,6.6,55.17241379,,,7.0,24.13793103,5.0,17.24137931,14.0,48.27586207,2019.8333333333333,137.77777777777777,66.86222222222221,33.13777777777778,7.180000000000001,0.0,15.528888888888888,83.89333333333333,0.5777777777777778,40.696457,-73.911751,11237.0,General Academic,High school,Williamsburg - Bushwick,11237
73K549,THE BROOKLYN SCHOOL FOR SOCIAL JUSTICE,common_core_english,57.89833333333333,3.0,29.0,5.0,37.0,13.0,10.2,6.8,44.82758621,16.0,8.3,6.6,55.17241379,,,7.0,24.13793103,5.0,17.24137931,14.0,48.27586207,2019.8333333333333,137.77777777777777,66.86222222222221,33.13777777777778,7.180000000000001,0.0,15.528888888888888,83.89333333333333,0.5777777777777778,40.696457,-73.911751,11237.0,General Academic,High school,Williamsburg - Bushwick,11237
73K549,THE BROOKLYN SCHOOL FOR SOCIAL JUSTICE,living_environment,53.905,3.0,29.0,5.0,37.0,13.0,10.2,6.8,44.82758621,16.0,8.3,6.6,55.17241379,,,7.0,24.13793103,5.0,17.24137931,14.0,48.27586207,2019.8333333333333,137.77777777777777,66.86222222222221,33.13777777777778,7.180000000000001,0.0,15.528888888888888,83.89333333333333,0.5777777777777778,40.696457,-73.911751,11237.0,General Academic,High school,Williamsburg - Bushwick,11237
73K552,THE ACADEMY OF URBAN PLANNING AND ENGINEERING,common_core_algebra,58.75333333333333,3.0,35.0,11.0,49.0,12.0,10.3,7.1,34.28571429,23.0,7.400000000000001,4.6,65.71428571,,,9.0,25.71428571,9.0,25.71428571,16.0,45.71428571,2019.8333333333333,103.0,54.76555555555555,45.236666666666665,10.749444444444444,0.0,16.965555555555554,82.38222222222223,0.6522222222222223,40.696457,-73.911751,11237.0,General Academic,High school,Williamsburg - Bushwick,11237
73K552,THE ACADEMY OF URBAN PLANNING AND ENGINEERING,common_core_english,60.60833333333333,3.0,35.0,11.0,49.0,12.0,10.3,7.1,34.28571429,23.0,7.400000000000001,4.6,65.71428571,,,9.0,25.71428571,9.0,25.71428571,16.0,45.71428571,2019.8333333333333,103.0,54.76555555555555,45.236666666666665,10.749444444444444,0.0,16.965555555555554,82.38222222222223,0.6522222222222223,40.696457,-73.911751,11237.0,General Academic,High school,Williamsburg - Bushwick,11237
73K552,THE ACADEMY OF URBAN PLANNING AND ENGINEERING,living_environment,60.11333333333334,3.0,35.0,11.0,49.0,12.0,10.3,7.1,34.28571429,23.0,7.400000000000001,4.6,65.71428571,,,9.0,25.71428571,9.0,25.71428571,16.0,45.71428571,2019.8333333333333,103.0,54.76555555555555,45.236666666666665,10.749444444444444,0.0,16.965555555555554,82.38222222222223,0.6522222222222223,40.696457,-73.911751,11237.0,General Academic,High school,Williamsburg - Bushwick,11237
73K553,BROOKLYN ACADEMY HIGH SCHOOL,common_core_algebra,58.300000000000004,2.0,11.0,4.0,17.0,,,,,,,,,,,9.0,81.81818182,,,,,2019.1,34.0,60.211,39.789,7.786999999999999,0.0,93.753,6.247,0.0,40.666251,-73.923881,11212.0,Transfer School,High school,Bedford Stuyvesant - Crown Heights,11212
73K553,BROOKLYN ACADEMY HIGH SCHOOL,common_core_english,59.898,2.0,11.0,4.0,17.0,,,,,,,,,,,9.0,81.81818182,,,,,2019.1,34.0,60.211,39.789,7.786999999999999,0.0,93.753,6.247,0.0,40.666251,-73.923881,11212.0,Transfer School,High school,Bedford Stuyvesant - Crown Heights,11212
73K553,BROOKLYN ACADEMY HIGH SCHOOL,living_environment,59.41,2.0,11.0,4.0,17.0,,,,,,,,,,,9.0,81.81818182,,,,,2019.1,34.0,60.211,39.789,7.786999999999999,0.0,93.753,6.247,0.0,40.666251,-73.923881,11212.0,Transfer School,High school,Bedford Stuyvesant - Crown Heights,11212
73K555,BROOKLYN COLLEGE ACADEMY,common_core_algebra,62.42142857142857,4.0,34.0,7.0,45.0,15.0,10.6,7.1,44.11764706,19.0,11.6,9.2,55.88235294,,,8.0,23.52941176,8.0,23.52941176,15.0,44.11764706,2019.95,149.2,46.740500000000004,53.2595,11.265,0.5015000000000001,23.0745,76.4235,0.0,40.839307,-73.911366,10457.0,General Academic,High school,Crotona - Tremont,10457
73K555,BROOKLYN COLLEGE ACADEMY,common_core_english,62.028571428571425,4.0,34.0,7.0,45.0,15.0,10.6,7.1,44.11764706,19.0,11.6,9.2,55.88235294,,,8.0,23.52941176,8.0,23.52941176,15.0,44.11764706,2019.95,149.2,46.740500000000004,53.2595,11.265,0.5015000000000001,23.0745,76.4235,0.0,40.839307,-73.911366,10457.0,General Academic,High school,Crotona - Tremont,10457
73K555,BROOKLYN COLLEGE ACADEMY,living_environment,62.06,4.0,34.0,7.0,45.0,15.0,10.6,7.1,44.11764706,19.0,11.6,9.2,55.88235294,,,8.0,23.52941176,8.0,23.52941176,15.0,44.11764706,2019.95,149.2,46.740500000000004,53.2595,11.265,0.5015000000000001,23.0745,76.4235,0.0,40.839307,-73.911366,10457.0,General Academic,High school,Crotona - Tremont,10457
73K556,BUSHWICK LEADERS HIGH SCHOOL FOR ACADEMIC EXCELLEN,common_core_algebra,55.126666666666665,2.0,34.0,11.0,47.0,21.0,7.699999999999999,4.0,61.76470588,13.0,5.1,3.5,38.23529412,,,6.0,17.64705882,8.0,23.52941176,17.0,50.0,2019.8333333333333,139.72222222222223,70.20722222222223,29.792777777777776,6.572222222222222,0.616111111111111,14.067222222222222,85.31666666666666,0.0,40.695436,-73.927349,11221.0,General Academic,High school,Williamsburg - Bushwick,11221
73K556,BUSHWICK LEADERS HIGH SCHOOL FOR ACADEMIC EXCELLEN,common_core_english,54.25333333333333,2.0,34.0,11.0,47.0,21.0,7.699999999999999,4.0,61.76470588,13.0,5.1,3.5,38.23529412,,,6.0,17.64705882,8.0,23.52941176,17.0,50.0,2019.8333333333333,139.72222222222223,70.20722222222223,29.792777777777776,6.572222222222222,0.616111111111111,14.067222222222222,85.31666666666666,0.0,40.695436,-73.927349,11221.0,General Academic,High school,Williamsburg - Bushwick,11221
73K556,BUSHWICK LEADERS HIGH SCHOOL FOR ACADEMIC EXCELLEN,living_environment,51.79333333333333,2.0,34.0,11.0,47.0,21.0,7.699999999999999,4.0,61.76470588,13.0,5.1,3.5,38.23529412,,,6.0,17.64705882,8.0,23.52941176,17.0,50.0,2019.8333333333333,139.72222222222223,70.20722222222223,29.792777777777776,6.572222222222222,0.616111111111111,14.067222222222222,85.31666666666666,0.0,40.695436,-73.927349,11221.0,General Academic,High school,Williamsburg - Bushwick,11221
73K563,IT TAKES A VILLAGE ACADEMY,common_core_algebra,60.50666666666666,3.0,25.0,11.0,39.0,12.0,11.2,8.4,48.0,13.0,16.8,7.300000000000001,52.0,,,18.0,72.0,,,,,2019.8333333333333,155.22222222222223,48.361666666666665,51.638888888888886,14.812222222222223,0.18333333333333332,90.82499999999999,7.905555555555555,1.086666666666667,40.647728,-73.922212,11203.0,General Academic,High school,East Flatbush - Flatbush,11203
73K563,IT TAKES A VILLAGE ACADEMY,common_core_english,67.50333333333333,3.0,25.0,11.0,39.0,12.0,11.2,8.4,48.0,13.0,16.8,7.300000000000001,52.0,,,18.0,72.0,,,,,2019.8333333333333,155.22222222222223,48.361666666666665,51.638888888888886,14.812222222222223,0.18333333333333332,90.82499999999999,7.905555555555555,1.086666666666667,40.647728,-73.922212,11203.0,General Academic,High school,East Flatbush - Flatbush,11203
73K563,IT TAKES A VILLAGE ACADEMY,living_environment,59.105,3.0,25.0,11.0,39.0,12.0,11.2,8.4,48.0,13.0,16.8,7.300000000000001,52.0,,,18.0,72.0,,,,,2019.8333333333333,155.22222222222223,48.361666666666665,51.638888888888886,14.812222222222223,0.18333333333333332,90.82499999999999,7.905555555555555,1.086666666666667,40.647728,-73.922212,11203.0,General Academic,High school,East Flatbush - Flatbush,11203
73K564,BUSHWICK COMMUNITY HIGH SCHOOL,common_core_algebra,55.806,3.0,10.0,5.0,18.0,,,,,,,,,,,,,,,5.0,50.0,2019.2857142857142,41.857142857142854,59.87428571428571,40.12571428571429,7.359999999999999,0.0,13.307142857142859,86.69285714285715,0.0,40.695875,-73.915217,11221.0,Transfer School,High school,Williamsburg - Bushwick,11221
73K564,BUSHWICK COMMUNITY HIGH SCHOOL,common_core_english,61.13833333333333,3.0,10.0,5.0,18.0,,,,,,,,,,,,,,,5.0,50.0,2019.2857142857142,41.857142857142854,59.87428571428571,40.12571428571429,7.359999999999999,0.0,13.307142857142859,86.69285714285715,0.0,40.695875,-73.915217,11221.0,Transfer School,High school,Williamsburg - Bushwick,11221
73K564,BUSHWICK COMMUNITY HIGH SCHOOL,living_environment,59.86666666666667,3.0,10.0,5.0,18.0,,,,,,,,,,,,,,,5.0,50.0,2019.2857142857142,41.857142857142854,59.87428571428571,40.12571428571429,7.359999999999999,0.0,13.307142857142859,86.69285714285715,0.0,40.695875,-73.915217,11221.0,Transfer School,High school,Williamsburg - Bushwick,11221
73K566,BROOKLYN COMMUNITY HIGH SCHOOL FOR EXCELLENCE AND,common_core_algebra,59.218333333333334,2.0,17.0,10.0,29.0,6.0,12.9,6.8,35.29411765,11.0,11.6,8.4,64.70588235,,,5.0,29.41176471,,,8.0,47.05882353,2019.8333333333333,64.5,53.26777777777777,46.73222222222223,9.76,0.0,92.48388888888888,6.9816666666666665,0.5344444444444444,40.634451,-73.916927,11236.0,General Academic,High school,Canarsie - Flatlands,11236
73K566,BROOKLYN COMMUNITY HIGH SCHOOL FOR EXCELLENCE AND,common_core_english,62.51499999999999,2.0,17.0,10.0,29.0,6.0,12.9,6.8,35.29411765,11.0,11.6,8.4,64.70588235,,,5.0,29.41176471,,,8.0,47.05882353,2019.8333333333333,64.5,53.26777777777777,46.73222222222223,9.76,0.0,92.48388888888888,6.9816666666666665,0.5344444444444444,40.634451,-73.916927,11236.0,General Academic,High school,Canarsie - Flatlands,11236
73K566,BROOKLYN COMMUNITY HIGH SCHOOL FOR EXCELLENCE AND,living_environment,61.06,2.0,17.0,10.0,29.0,6.0,12.9,6.8,35.29411765,11.0,11.6,8.4,64.70588235,,,5.0,29.41176471,,,8.0,47.05882353,2019.8333333333333,64.5,53.26777777777777,46.73222222222223,9.76,0.0,92.48388888888888,6.9816666666666665,0.5344444444444444,40.634451,-73.916927,11236.0,General Academic,High school,Canarsie - Flatlands,11236
73K567,BROOKLYN THEATRE ARTS HIGH SCHOOL,common_core_algebra,55.470000000000006,3.0,17.0,8.0,28.0,7.0,17.8,8.4,41.17647059,10.0,16.1,5.2,58.823529410000006,,,9.0,52.941176469999995,,,7.0,41.17647059,2020.0,88.38095238095238,59.096666666666664,40.903333333333336,6.605714285714286,0.0,90.09238095238095,9.907619047619047,0.0,40.634451,-73.916927,11236.0,General Academic,High school,Canarsie - Flatlands,11236
73K567,BROOKLYN THEATRE ARTS HIGH SCHOOL,common_core_english,62.45285714285715,3.0,17.0,8.0,28.0,7.0,17.8,8.4,41.17647059,10.0,16.1,5.2,58.823529410000006,,,9.0,52.941176469999995,,,7.0,41.17647059,2020.0,88.38095238095238,59.096666666666664,40.903333333333336,6.605714285714286,0.0,90.09238095238095,9.907619047619047,0.0,40.634451,-73.916927,11236.0,General Academic,High school,Canarsie - Flatlands,11236
73K567,BROOKLYN THEATRE ARTS HIGH SCHOOL,living_environment,59.05285714285714,3.0,17.0,8.0,28.0,7.0,17.8,8.4,41.17647059,10.0,16.1,5.2,58.823529410000006,,,9.0,52.941176469999995,,,7.0,41.17647059,2020.0,88.38095238095238,59.096666666666664,40.903333333333336,6.605714285714286,0.0,90.09238095238095,9.907619047619047,0.0,40.634451,-73.916927,11236.0,General Academic,High school,Canarsie - Flatlands,11236
73K569,KURT HAHN EXPEDITIONARY LEARNING SCHOOL,common_core_english,62.501666666666665,2.0,18.0,7.0,27.0,7.0,6.400000000000001,2.4,38.88888889,11.0,8.5,4.2,61.11111111,,,10.0,55.555555559999995,,,6.0,33.33333333,2019.8333333333333,81.33333333333333,43.43833333333333,56.56166666666667,15.083333333333334,0.0,95.85333333333334,4.1466666666666665,0.0,40.647728,-73.922212,11203.0,General Academic,High school,East Flatbush - Flatbush,11203
73K576,VICTORY COLLEGIATE HIGH SCHOOL,common_core_algebra,58.61833333333333,2.0,16.0,7.0,25.0,5.0,14.8,6.8,31.25,11.0,15.3,6.1,68.75,,,10.0,62.5,,,,,2019.6470588235295,82.88235294117646,55.534705882352945,44.465294117647055,9.88764705882353,0.0,91.30529411764707,5.815294117647059,2.88,40.634451,-73.916927,11236.0,General Academic,High school,Canarsie - Flatlands,11236
73K576,VICTORY COLLEGIATE HIGH SCHOOL,common_core_english,66.59666666666668,2.0,16.0,7.0,25.0,5.0,14.8,6.8,31.25,11.0,15.3,6.1,68.75,,,10.0,62.5,,,,,2019.6470588235295,82.88235294117646,55.534705882352945,44.465294117647055,9.88764705882353,0.0,91.30529411764707,5.815294117647059,2.88,40.634451,-73.916927,11236.0,General Academic,High school,Canarsie - Flatlands,11236
73K576,VICTORY COLLEGIATE HIGH SCHOOL,living_environment,57.544000000000004,2.0,16.0,7.0,25.0,5.0,14.8,6.8,31.25,11.0,15.3,6.1,68.75,,,10.0,62.5,,,,,2019.6470588235295,82.88235294117646,55.534705882352945,44.465294117647055,9.88764705882353,0.0,91.30529411764707,5.815294117647059,2.88,40.634451,-73.916927,11236.0,General Academic,High school,Canarsie - Flatlands,11236
73K583,MULTICULTURAL HIGH SCHOOL,common_core_algebra,53.01800000000001,2.0,23.0,6.0,31.0,10.0,7.6,4.7,43.47826087,13.0,4.3,2.8999999999999995,56.52173913,6.0,26.08695652,,,13.0,56.52173913,,,2020.4615384615386,105.38461538461539,84.14769230769231,15.852307692307692,0.8938461538461537,0.0,0.5015384615384615,99.49846153846154,0.0,40.69300199999999,-73.869305,11208.0,General Academic,High school,East New York,11208
73K583,MULTICULTURAL HIGH SCHOOL,common_core_english,28.05,2.0,23.0,6.0,31.0,10.0,7.6,4.7,43.47826087,13.0,4.3,2.8999999999999995,56.52173913,6.0,26.08695652,,,13.0,56.52173913,,,2020.4615384615386,105.38461538461539,84.14769230769231,15.852307692307692,0.8938461538461537,0.0,0.5015384615384615,99.49846153846154,0.0,40.69300199999999,-73.869305,11208.0,General Academic,High school,East New York,11208
73K583,MULTICULTURAL HIGH SCHOOL,living_environment,48.425,2.0,23.0,6.0,31.0,10.0,7.6,4.7,43.47826087,13.0,4.3,2.8999999999999995,56.52173913,6.0,26.08695652,,,13.0,56.52173913,,,2020.4615384615386,105.38461538461539,84.14769230769231,15.852307692307692,0.8938461538461537,0.0,0.5015384615384615,99.49846153846154,0.0,40.69300199999999,-73.869305,11208.0,General Academic,High school,East New York,11208
73K586,LYONS COMMUNITY SCHOOL,common_core_algebra,50.35,2.0,45.0,7.0,54.0,19.0,10.4,7.8,42.22222222,26.0,8.1,4.8,57.77777778,,,14.0,31.11111111,9.0,20.0,18.0,40.0,2020.5,64.75,50.33625,49.66375,18.3325,0.0,19.86375,80.13625,0.0,40.709765,-73.944463,11206.0,General Academic,High school,Williamsburg - Bushwick,11206
73K586,LYONS COMMUNITY SCHOOL,common_core_english,65.21499999999999,2.0,45.0,7.0,54.0,19.0,10.4,7.8,42.22222222,26.0,8.1,4.8,57.77777778,,,14.0,31.11111111,9.0,20.0,18.0,40.0,2020.5,64.75,50.33625,49.66375,18.3325,0.0,19.86375,80.13625,0.0,40.709765,-73.944463,11206.0,General Academic,High school,Williamsburg - Bushwick,11206
73K590,MEDGAR EVERS COLLEGE PREPARATORY SCHOOL,common_core_algebra,71.77166666666666,7.0,65.0,13.0,85.0,33.0,15.6,9.9,50.76923077,32.0,11.5,7.4,49.23076923,8.0,12.30769231,39.0,60.0,5.0,7.692307691999999,12.0,18.46153846,2019.8235294117646,245.35294117647058,16.984117647058824,83.01705882352941,43.82411764705882,0.4358823529411765,93.42999999999999,6.133529411764705,0.0,40.66679,-73.951823,11225.0,General Academic,High school,East Flatbush - Flatbush,11225
73K590,MEDGAR EVERS COLLEGE PREPARATORY SCHOOL,common_core_english,80.47000000000001,7.0,65.0,13.0,85.0,33.0,15.6,9.9,50.76923077,32.0,11.5,7.4,49.23076923,8.0,12.30769231,39.0,60.0,5.0,7.692307691999999,12.0,18.46153846,2019.8235294117646,245.35294117647058,16.984117647058824,83.01705882352941,43.82411764705882,0.4358823529411765,93.42999999999999,6.133529411764705,0.0,40.66679,-73.951823,11225.0,General Academic,High school,East Flatbush - Flatbush,11225
73K590,MEDGAR EVERS COLLEGE PREPARATORY SCHOOL,living_environment,73.882,7.0,65.0,13.0,85.0,33.0,15.6,9.9,50.76923077,32.0,11.5,7.4,49.23076923,8.0,12.30769231,39.0,60.0,5.0,7.692307691999999,12.0,18.46153846,2019.8235294117646,245.35294117647058,16.984117647058824,83.01705882352941,43.82411764705882,0.4358823529411765,93.42999999999999,6.133529411764705,0.0,40.66679,-73.951823,11225.0,General Academic,High school,East Flatbush - Flatbush,11225
73K592,KHALIL GIBRAN INTERNATIONAL ACADEMY,common_core_algebra,55.69166666666666,2.0,17.0,5.0,24.0,,,,,,,,,,,5.0,29.41176471,,,11.0,64.70588235,2019.8333333333333,61.166666666666664,66.84444444444445,33.15555555555555,9.800555555555555,21.128333333333334,33.004444444444445,10.581666666666667,35.28611111111111,40.686147,-73.979829,11217.0,General Academic,High school,Downtown - Heights - Park Slope,11217
73K592,KHALIL GIBRAN INTERNATIONAL ACADEMY,common_core_english,57.818333333333335,2.0,17.0,5.0,24.0,,,,,,,,,,,5.0,29.41176471,,,11.0,64.70588235,2019.8333333333333,61.166666666666664,66.84444444444445,33.15555555555555,9.800555555555555,21.128333333333334,33.004444444444445,10.581666666666667,35.28611111111111,40.686147,-73.979829,11217.0,General Academic,High school,Downtown - Heights - Park Slope,11217
73K592,KHALIL GIBRAN INTERNATIONAL ACADEMY,living_environment,53.57666666666666,2.0,17.0,5.0,24.0,,,,,,,,,,,5.0,29.41176471,,,11.0,64.70588235,2019.8333333333333,61.166666666666664,66.84444444444445,33.15555555555555,9.800555555555555,21.128333333333334,33.004444444444445,10.581666666666667,35.28611111111111,40.686147,-73.979829,11217.0,General Academic,High school,Downtown - Heights - Park Slope,11217
73K595,BEDFORD ACADEMY HIGH SCHOOL,common_core_algebra,77.69666666666667,1.0,23.0,7.0,31.0,7.0,17.8,9.5,30.43478261,16.0,13.5,5.9,69.56521739,5.0,21.73913043,14.0,60.86956522,,,,,2019.8333333333333,55.27777777777778,4.893888888888889,95.10611111111112,60.294444444444444,1.4127777777777777,88.125,9.387222222222222,1.0750000000000002,40.685486,-73.953692,11216.0,General Academic,High school,Bedford Stuyvesant - Crown Heights,11216
73K595,BEDFORD ACADEMY HIGH SCHOOL,common_core_english,85.84666666666668,1.0,23.0,7.0,31.0,7.0,17.8,9.5,30.43478261,16.0,13.5,5.9,69.56521739,5.0,21.73913043,14.0,60.86956522,,,,,2019.8333333333333,55.27777777777778,4.893888888888889,95.10611111111112,60.294444444444444,1.4127777777777777,88.125,9.387222222222222,1.0750000000000002,40.685486,-73.953692,11216.0,General Academic,High school,Bedford Stuyvesant - Crown Heights,11216
73K595,BEDFORD ACADEMY HIGH SCHOOL,living_environment,78.155,1.0,23.0,7.0,31.0,7.0,17.8,9.5,30.43478261,16.0,13.5,5.9,69.56521739,5.0,21.73913043,14.0,60.86956522,,,,,2019.8333333333333,55.27777777777778,4.893888888888889,95.10611111111112,60.294444444444444,1.4127777777777777,88.125,9.387222222222222,1.0750000000000002,40.685486,-73.953692,11216.0,General Academic,High school,Bedford Stuyvesant - Crown Heights,11216
73K600,CLARA BARTON HIGH SCHOOL,common_core_algebra,59.74714285714286,8.0,90.0,41.0,139.0,39.0,12.7,8.4,43.33333333,51.0,11.3,7.3,56.66666667,,,43.0,47.77777778,6.0,6.666666666999999,34.0,37.77777778,2019.95,262.2,46.3805,53.6245,16.8655,0.1755,93.429,5.899,0.496,40.669805,-73.960689,11225.0,Career Technical,High school,East Flatbush - Flatbush,11225
73K600,CLARA BARTON HIGH SCHOOL,common_core_english,69.67714285714285,8.0,90.0,41.0,139.0,39.0,12.7,8.4,43.33333333,51.0,11.3,7.3,56.66666667,,,43.0,47.77777778,6.0,6.666666666999999,34.0,37.77777778,2019.95,262.2,46.3805,53.6245,16.8655,0.1755,93.429,5.899,0.496,40.669805,-73.960689,11225.0,Career Technical,High school,East Flatbush - Flatbush,11225
73K600,CLARA BARTON HIGH SCHOOL,living_environment,60.53666666666667,8.0,90.0,41.0,139.0,39.0,12.7,8.4,43.33333333,51.0,11.3,7.3,56.66666667,,,43.0,47.77777778,6.0,6.666666666999999,34.0,37.77777778,2019.95,262.2,46.3805,53.6245,16.8655,0.1755,93.429,5.899,0.496,40.669805,-73.960689,11225.0,Career Technical,High school,East Flatbush - Flatbush,11225
73K611,ORIGINS HIGH SCHOOL,common_core_algebra,63.41166666666667,3.0,38.0,9.0,50.0,19.0,7.699999999999999,4.8,50.0,19.0,5.5,3.7000000000000006,50.0,5.0,13.15789474,8.0,21.05263158,,,21.0,55.26315789,2019.8333333333333,91.38888888888889,45.46,54.541111111111114,15.122777777777777,14.370000000000001,36.17944444444444,12.670555555555556,36.778333333333336,40.593157,-73.936635,11235.0,General Academic,High school,Coney Island - Sheepshead Bay ,11235
73K611,ORIGINS HIGH SCHOOL,common_core_english,64.35333333333334,3.0,38.0,9.0,50.0,19.0,7.699999999999999,4.8,50.0,19.0,5.5,3.7000000000000006,50.0,5.0,13.15789474,8.0,21.05263158,,,21.0,55.26315789,2019.8333333333333,91.38888888888889,45.46,54.541111111111114,15.122777777777777,14.370000000000001,36.17944444444444,12.670555555555556,36.778333333333336,40.593157,-73.936635,11235.0,General Academic,High school,Coney Island - Sheepshead Bay ,11235
73K611,ORIGINS HIGH SCHOOL,living_environment,60.678333333333335,3.0,38.0,9.0,50.0,19.0,7.699999999999999,4.8,50.0,19.0,5.5,3.7000000000000006,50.0,5.0,13.15789474,8.0,21.05263158,,,21.0,55.26315789,2019.8333333333333,91.38888888888889,45.46,54.541111111111114,15.122777777777777,14.370000000000001,36.17944444444444,12.670555555555556,36.778333333333336,40.593157,-73.936635,11235.0,General Academic,High school,Coney Island - Sheepshead Bay ,11235
73K614,YOUNG WOMEN'S LEADERSHIP SCHOOL OF BROOKLYN,common_core_algebra,62.405,3.0,27.0,4.0,34.0,5.0,9.8,8.8,18.51851852,22.0,5.3,3.5999999999999996,81.48148148,,,7.0,25.92592593,,,14.0,51.85185185,2019.8333333333333,63.27777777777778,40.35277777777778,59.655,22.194444444444443,1.3277777777777777,48.73888888888889,46.89611111111111,3.037777777777778,40.705005,-73.93879,11206.0,General Academic,High school,Williamsburg - Bushwick,11206
73K614,YOUNG WOMEN'S LEADERSHIP SCHOOL OF BROOKLYN,common_core_english,73.97,3.0,27.0,4.0,34.0,5.0,9.8,8.8,18.51851852,22.0,5.3,3.5999999999999996,81.48148148,,,7.0,25.92592593,,,14.0,51.85185185,2019.8333333333333,63.27777777777778,40.35277777777778,59.655,22.194444444444443,1.3277777777777777,48.73888888888889,46.89611111111111,3.037777777777778,40.705005,-73.93879,11206.0,General Academic,High school,Williamsburg - Bushwick,11206
73K614,YOUNG WOMEN'S LEADERSHIP SCHOOL OF BROOKLYN,living_environment,64.515,3.0,27.0,4.0,34.0,5.0,9.8,8.8,18.51851852,22.0,5.3,3.5999999999999996,81.48148148,,,7.0,25.92592593,,,14.0,51.85185185,2019.8333333333333,63.27777777777778,40.35277777777778,59.655,22.194444444444443,1.3277777777777777,48.73888888888889,46.89611111111111,3.037777777777778,40.705005,-73.93879,11206.0,General Academic,High school,Williamsburg - Bushwick,11206
73K615,TRANSIT TECH CAREER AND TECHNICAL EDUCATION HIGH S,common_core_algebra,57.535714285714285,6.0,78.0,26.0,110.0,46.0,16.2,8.6,58.974358970000004,32.0,9.6,4.7,41.02564103,8.0,10.25641026,39.0,50.0,16.0,20.51282051,12.0,15.38461538,2019.9,102.0,53.2885,46.713,12.4945,0.0,20.2415,79.7585,0.0,40.818645,-73.919949,10451.0,Career Technical,High school,High Bridge - Morrisania,10451
73K615,TRANSIT TECH CAREER AND TECHNICAL EDUCATION HIGH S,common_core_english,69.86666666666666,6.0,78.0,26.0,110.0,46.0,16.2,8.6,58.974358970000004,32.0,9.6,4.7,41.02564103,8.0,10.25641026,39.0,50.0,16.0,20.51282051,12.0,15.38461538,2019.9,102.0,53.2885,46.713,12.4945,0.0,20.2415,79.7585,0.0,40.818645,-73.919949,10451.0,Career Technical,High school,High Bridge - Morrisania,10451
73K615,TRANSIT TECH CAREER AND TECHNICAL EDUCATION HIGH S,living_environment,57.79714285714285,6.0,78.0,26.0,110.0,46.0,16.2,8.6,58.974358970000004,32.0,9.6,4.7,41.02564103,8.0,10.25641026,39.0,50.0,16.0,20.51282051,12.0,15.38461538,2019.9,102.0,53.2885,46.713,12.4945,0.0,20.2415,79.7585,0.0,40.818645,-73.919949,10451.0,Career Technical,High school,High Bridge - Morrisania,10451
73K616,BROOKLYN HIGH SCHOOL FOR LEADERSHIP AND COMMUNITY,common_core_algebra,55.152,3.0,13.0,4.0,20.0,7.0,12.1,5.9,53.84615385,6.0,11.2,8.1,46.15384615,,,,,,,7.0,53.84615385,2019.6875,24.0,62.479375000000005,37.520625,5.725625,0.0,88.110625,11.889375,0.0,40.692015,-73.95818,11205.0,Transfer School,High school,Downtown - Heights - Park Slope,11205
73K616,BROOKLYN HIGH SCHOOL FOR LEADERSHIP AND COMMUNITY,common_core_english,59.23166666666666,3.0,13.0,4.0,20.0,7.0,12.1,5.9,53.84615385,6.0,11.2,8.1,46.15384615,,,,,,,7.0,53.84615385,2019.6875,24.0,62.479375000000005,37.520625,5.725625,0.0,88.110625,11.889375,0.0,40.692015,-73.95818,11205.0,Transfer School,High school,Downtown - Heights - Park Slope,11205
73K616,BROOKLYN HIGH SCHOOL FOR LEADERSHIP AND COMMUNITY,living_environment,58.879999999999995,3.0,13.0,4.0,20.0,7.0,12.1,5.9,53.84615385,6.0,11.2,8.1,46.15384615,,,,,,,7.0,53.84615385,2019.6875,24.0,62.479375000000005,37.520625,5.725625,0.0,88.110625,11.889375,0.0,40.692015,-73.95818,11205.0,Transfer School,High school,Downtown - Heights - Park Slope,11205
73K617,HIGH SCHOOL FOR INNOVATION IN ADVERTISING AND MEDI,common_core_algebra,58.596666666666664,4.0,28.0,6.0,38.0,9.0,6.8,4.8,32.14285714,19.0,8.1,2.8,67.85714286,6.0,21.42857143,11.0,39.28571429,,,,,2019.8333333333333,85.16666666666667,59.69111111111111,40.31444444444444,9.102222222222222,0.0,89.9511111111111,7.241666666666666,2.8072222222222223,40.640543,-73.898601,11236.0,Career Technical,High school,Canarsie - Flatlands,11236
73K617,HIGH SCHOOL FOR INNOVATION IN ADVERTISING AND MEDI,common_core_english,61.041666666666664,4.0,28.0,6.0,38.0,9.0,6.8,4.8,32.14285714,19.0,8.1,2.8,67.85714286,6.0,21.42857143,11.0,39.28571429,,,,,2019.8333333333333,85.16666666666667,59.69111111111111,40.31444444444444,9.102222222222222,0.0,89.9511111111111,7.241666666666666,2.8072222222222223,40.640543,-73.898601,11236.0,Career Technical,High school,Canarsie - Flatlands,11236
73K617,HIGH SCHOOL FOR INNOVATION IN ADVERTISING AND MEDI,living_environment,53.73,4.0,28.0,6.0,38.0,9.0,6.8,4.8,32.14285714,19.0,8.1,2.8,67.85714286,6.0,21.42857143,11.0,39.28571429,,,,,2019.8333333333333,85.16666666666667,59.69111111111111,40.31444444444444,9.102222222222222,0.0,89.9511111111111,7.241666666666666,2.8072222222222223,40.640543,-73.898601,11236.0,Career Technical,High school,Canarsie - Flatlands,11236
73K618,ACADEMY OF INNOVATIVE TECHNOLOGY,common_core_algebra,63.53333333333333,3.0,35.0,9.0,47.0,20.0,7.800000000000001,7.599999999999999,57.14285714,15.0,8.4,4.6,42.85714286,,,13.0,37.14285714,,,10.0,28.57142857,2019.8333333333333,113.72222222222223,39.653333333333336,60.346666666666664,18.078888888888887,5.451666666666666,38.38055555555556,55.94,0.22833333333333336,40.693002,-73.869305,11208.0,Career Technical,High school,East New York,11208
73K618,ACADEMY OF INNOVATIVE TECHNOLOGY,common_core_english,71.81833333333333,3.0,35.0,9.0,47.0,20.0,7.800000000000001,7.599999999999999,57.14285714,15.0,8.4,4.6,42.85714286,,,13.0,37.14285714,,,10.0,28.57142857,2019.8333333333333,113.72222222222223,39.653333333333336,60.346666666666664,18.078888888888887,5.451666666666666,38.38055555555556,55.94,0.22833333333333336,40.693002,-73.869305,11208.0,Career Technical,High school,East New York,11208
73K618,ACADEMY OF INNOVATIVE TECHNOLOGY,living_environment,62.826666666666675,3.0,35.0,9.0,47.0,20.0,7.800000000000001,7.599999999999999,57.14285714,15.0,8.4,4.6,42.85714286,,,13.0,37.14285714,,,10.0,28.57142857,2019.8333333333333,113.72222222222223,39.653333333333336,60.346666666666664,18.078888888888887,5.451666666666666,38.38055555555556,55.94,0.22833333333333336,40.693002,-73.869305,11208.0,Career Technical,High school,East New York,11208
73K629,CULTURAL ACADEMY FOR THE ARTS AND SCIENCES,common_core_algebra,59.49333333333334,3.0,22.0,8.0,33.0,8.0,17.3,6.8,36.36363636,14.0,8.0,3.1,63.63636363999999,,,10.0,45.45454545,,,8.0,36.36363636,2019.7058823529412,94.94117647058823,52.24941176470588,47.75058823529412,10.493529411764705,0.0,93.60941176470588,6.125294117647059,0.2652941176470588,40.647728,-73.922212,11203.0,General Academic,High school,East Flatbush - Flatbush,11203
73K629,CULTURAL ACADEMY FOR THE ARTS AND SCIENCES,common_core_english,65.178,3.0,22.0,8.0,33.0,8.0,17.3,6.8,36.36363636,14.0,8.0,3.1,63.63636363999999,,,10.0,45.45454545,,,8.0,36.36363636,2019.7058823529412,94.94117647058823,52.24941176470588,47.75058823529412,10.493529411764705,0.0,93.60941176470588,6.125294117647059,0.2652941176470588,40.647728,-73.922212,11203.0,General Academic,High school,East Flatbush - Flatbush,11203
73K629,CULTURAL ACADEMY FOR THE ARTS AND SCIENCES,living_environment,60.36333333333334,3.0,22.0,8.0,33.0,8.0,17.3,6.8,36.36363636,14.0,8.0,3.1,63.63636363999999,,,10.0,45.45454545,,,8.0,36.36363636,2019.7058823529412,94.94117647058823,52.24941176470588,47.75058823529412,10.493529411764705,0.0,93.60941176470588,6.125294117647059,0.2652941176470588,40.647728,-73.922212,11203.0,General Academic,High school,East Flatbush - Flatbush,11203
73K630,PROFESSIONAL PATHWAYS HIGH SCHOOL,common_core_algebra,60.14166666666667,3.0,17.0,4.0,24.0,10.0,11.1,6.3,58.823529410000006,7.0,12.8,6.7,41.17647059,,,,,,,13.0,76.47058824,2019.8333333333333,46.388888888888886,50.27777777777778,49.72222222222222,9.844444444444443,0.3877777777777778,33.007222222222225,47.01166666666667,19.593888888888888,40.593157,-73.936635,11235.0,Transfer School,High school,Coney Island - Sheepshead Bay ,11235
73K630,PROFESSIONAL PATHWAYS HIGH SCHOOL,common_core_english,66.45166666666667,3.0,17.0,4.0,24.0,10.0,11.1,6.3,58.823529410000006,7.0,12.8,6.7,41.17647059,,,,,,,13.0,76.47058824,2019.8333333333333,46.388888888888886,50.27777777777778,49.72222222222222,9.844444444444443,0.3877777777777778,33.007222222222225,47.01166666666667,19.593888888888888,40.593157,-73.936635,11235.0,Transfer School,High school,Coney Island - Sheepshead Bay ,11235
73K630,PROFESSIONAL PATHWAYS HIGH SCHOOL,living_environment,62.18833333333333,3.0,17.0,4.0,24.0,10.0,11.1,6.3,58.823529410000006,7.0,12.8,6.7,41.17647059,,,,,,,13.0,76.47058824,2019.8333333333333,46.388888888888886,50.27777777777778,49.72222222222222,9.844444444444443,0.3877777777777778,33.007222222222225,47.01166666666667,19.593888888888888,40.593157,-73.936635,11235.0,Transfer School,High school,Coney Island - Sheepshead Bay ,11235
73K633,HIGH SCHOOL FOR MEDICAL PROFESSIONS,common_core_algebra,61.6,3.0,30.0,5.0,38.0,11.0,12.2,7.5,36.66666667,19.0,12.8,7.3,63.33333333,,,14.0,46.66666667,,,14.0,46.66666667,2019.8235294117646,108.82352941176471,44.04352941176471,55.95647058823529,15.684117647058823,0.0,85.05,13.717647058823529,1.2329411764705882,40.640543,-73.898601,11236.0,General Academic,High school,Canarsie - Flatlands,11236
73K633,HIGH SCHOOL FOR MEDICAL PROFESSIONS,common_core_english,66.21333333333332,3.0,30.0,5.0,38.0,11.0,12.2,7.5,36.66666667,19.0,12.8,7.3,63.33333333,,,14.0,46.66666667,,,14.0,46.66666667,2019.8235294117646,108.82352941176471,44.04352941176471,55.95647058823529,15.684117647058823,0.0,85.05,13.717647058823529,1.2329411764705882,40.640543,-73.898601,11236.0,General Academic,High school,Canarsie - Flatlands,11236
73K633,HIGH SCHOOL FOR MEDICAL PROFESSIONS,living_environment,63.598,3.0,30.0,5.0,38.0,11.0,12.2,7.5,36.66666667,19.0,12.8,7.3,63.33333333,,,14.0,46.66666667,,,14.0,46.66666667,2019.8235294117646,108.82352941176471,44.04352941176471,55.95647058823529,15.684117647058823,0.0,85.05,13.717647058823529,1.2329411764705882,40.640543,-73.898601,11236.0,General Academic,High school,Canarsie - Flatlands,11236
73K635,OLYMPUS ACADEMY,common_core_algebra,63.1,2.0,16.0,5.0,23.0,,,,,,,,,,,6.0,37.5,,,7.0,43.75,2019.5625,43.9375,48.825,51.175,12.14375,0.0,98.828125,1.171875,0.0,40.645965,-73.898607,11236.0,Transfer School,High school,Canarsie - Flatlands,11236
73K635,OLYMPUS ACADEMY,common_core_english,64.06666666666666,2.0,16.0,5.0,23.0,,,,,,,,,,,6.0,37.5,,,7.0,43.75,2019.5625,43.9375,48.825,51.175,12.14375,0.0,98.828125,1.171875,0.0,40.645965,-73.898607,11236.0,Transfer School,High school,Canarsie - Flatlands,11236
73K635,OLYMPUS ACADEMY,living_environment,61.15599999999999,2.0,16.0,5.0,23.0,,,,,,,,,,,6.0,37.5,,,7.0,43.75,2019.5625,43.9375,48.825,51.175,12.14375,0.0,98.828125,1.171875,0.0,40.645965,-73.898607,11236.0,Transfer School,High school,Canarsie - Flatlands,11236
73K637,ACADEMY FOR CONSERVATION AND THE ENVIRONMENT,common_core_algebra,61.376666666666665,3.0,30.0,10.0,43.0,14.0,9.3,4.7,46.66666667,16.0,6.9,4.0,53.33333333,,,12.0,40.0,,,11.0,36.66666667,2019.8333333333333,98.11111111111111,44.56388888888889,55.440555555555555,14.803888888888887,5.525555555555556,82.56777777777778,8.008333333333333,3.8966666666666665,40.634451,-73.916927,11236.0,General Academic,High school,Canarsie - Flatlands,11236
73K637,ACADEMY FOR CONSERVATION AND THE ENVIRONMENT,common_core_english,69.15666666666667,3.0,30.0,10.0,43.0,14.0,9.3,4.7,46.66666667,16.0,6.9,4.0,53.33333333,,,12.0,40.0,,,11.0,36.66666667,2019.8333333333333,98.11111111111111,44.56388888888889,55.440555555555555,14.803888888888887,5.525555555555556,82.56777777777778,8.008333333333333,3.8966666666666665,40.634451,-73.916927,11236.0,General Academic,High school,Canarsie - Flatlands,11236
73K637,ACADEMY FOR CONSERVATION AND THE ENVIRONMENT,living_environment,60.33166666666667,3.0,30.0,10.0,43.0,14.0,9.3,4.7,46.66666667,16.0,6.9,4.0,53.33333333,,,12.0,40.0,,,11.0,36.66666667,2019.8333333333333,98.11111111111111,44.56388888888889,55.440555555555555,14.803888888888887,5.525555555555556,82.56777777777778,8.008333333333333,3.8966666666666665,40.634451,-73.916927,11236.0,General Academic,High school,Canarsie - Flatlands,11236
73K639,BROOKLYN LAB SCHOOL,common_core_algebra,58.00333333333333,4.0,27.0,9.0,40.0,8.0,14.600000000000001,4.9,29.629629629999997,19.0,13.2,6.0,70.37037037,,,10.0,37.03703704,7.0,25.92592593,8.0,29.629629629999997,2019.8333333333333,166.44444444444446,63.54277777777778,36.45722222222222,7.506111111111112,11.722222222222221,23.99888888888889,62.30277777777778,1.9744444444444444,40.693002,-73.869305,11208.0,General Academic,High school,East New York,11208
73K639,BROOKLYN LAB SCHOOL,common_core_english,55.324999999999996,4.0,27.0,9.0,40.0,8.0,14.600000000000001,4.9,29.629629629999997,19.0,13.2,6.0,70.37037037,,,10.0,37.03703704,7.0,25.92592593,8.0,29.629629629999997,2019.8333333333333,166.44444444444446,63.54277777777778,36.45722222222222,7.506111111111112,11.722222222222221,23.99888888888889,62.30277777777778,1.9744444444444444,40.693002,-73.869305,11208.0,General Academic,High school,East New York,11208
73K639,BROOKLYN LAB SCHOOL,living_environment,56.425000000000004,4.0,27.0,9.0,40.0,8.0,14.600000000000001,4.9,29.629629629999997,19.0,13.2,6.0,70.37037037,,,10.0,37.03703704,7.0,25.92592593,8.0,29.629629629999997,2019.8333333333333,166.44444444444446,63.54277777777778,36.45722222222222,7.506111111111112,11.722222222222221,23.99888888888889,62.30277777777778,1.9744444444444444,40.693002,-73.869305,11208.0,General Academic,High school,East New York,11208
73K642,URBAN ACTION ACADEMY,common_core_algebra,55.12833333333333,3.0,10.0,5.0,18.0,,,,,,,,,,,5.0,50.0,,,5.0,50.0,2019.5,81.3125,61.504375,38.4975,8.231875,0.0,88.10375,7.834375,4.0625,40.640543,-73.898601,11236.0,General Academic,High school,Canarsie - Flatlands,11236
73K642,URBAN ACTION ACADEMY,common_core_english,62.958333333333336,3.0,10.0,5.0,18.0,,,,,,,,,,,5.0,50.0,,,5.0,50.0,2019.5,81.3125,61.504375,38.4975,8.231875,0.0,88.10375,7.834375,4.0625,40.640543,-73.898601,11236.0,General Academic,High school,Canarsie - Flatlands,11236
73K642,URBAN ACTION ACADEMY,living_environment,55.58,3.0,10.0,5.0,18.0,,,,,,,,,,,5.0,50.0,,,5.0,50.0,2019.5,81.3125,61.504375,38.4975,8.231875,0.0,88.10375,7.834375,4.0625,40.640543,-73.898601,11236.0,General Academic,High school,Canarsie - Flatlands,11236
73K643,BROOKLYN DEMOCRACY ACADEMY,common_core_algebra,52.61000000000001,2.0,14.0,5.0,21.0,7.0,5.7,4.6,50.0,7.0,6.1,1.6,50.0,,,8.0,57.14285714,,,5.0,35.71428571,2019.875,46.6875,68.3825,31.6175,3.69875,0.0,88.190625,11.809375,0.0,40.655644,-73.906662,11212.0,Transfer School,High school,Bedford Stuyvesant - Crown Heights,11212
73K643,BROOKLYN DEMOCRACY ACADEMY,common_core_english,59.085,2.0,14.0,5.0,21.0,7.0,5.7,4.6,50.0,7.0,6.1,1.6,50.0,,,8.0,57.14285714,,,5.0,35.71428571,2019.875,46.6875,68.3825,31.6175,3.69875,0.0,88.190625,11.809375,0.0,40.655644,-73.906662,11212.0,Transfer School,High school,Bedford Stuyvesant - Crown Heights,11212
73K643,BROOKLYN DEMOCRACY ACADEMY,living_environment,54.93,2.0,14.0,5.0,21.0,7.0,5.7,4.6,50.0,7.0,6.1,1.6,50.0,,,8.0,57.14285714,,,5.0,35.71428571,2019.875,46.6875,68.3825,31.6175,3.69875,0.0,88.190625,11.809375,0.0,40.655644,-73.906662,11212.0,Transfer School,High school,Bedford Stuyvesant - Crown Heights,11212
73K644,EAGLE ACADEMY FOR YOUNG MEN II,common_core_algebra,56.89857142857143,6.0,45.0,20.0,71.0,27.0,7.6,6.6,60.0,18.0,8.1,7.4,40.0,,,28.0,62.222222220000006,5.0,11.11111111,8.0,17.77777778,2019.95,88.95,51.046499999999995,48.953500000000005,12.8625,0.0,64.6195,35.3805,0.0,40.845366,-73.897479,10457.0,General Academic,High school,Crotona - Tremont,10457
73K644,EAGLE ACADEMY FOR YOUNG MEN II,common_core_english,70.14,6.0,45.0,20.0,71.0,27.0,7.6,6.6,60.0,18.0,8.1,7.4,40.0,,,28.0,62.222222220000006,5.0,11.11111111,8.0,17.77777778,2019.95,88.95,51.046499999999995,48.953500000000005,12.8625,0.0,64.6195,35.3805,0.0,40.845366,-73.897479,10457.0,General Academic,High school,Crotona - Tremont,10457
73K644,EAGLE ACADEMY FOR YOUNG MEN II,living_environment,61.45428571428572,6.0,45.0,20.0,71.0,27.0,7.6,6.6,60.0,18.0,8.1,7.4,40.0,,,28.0,62.222222220000006,5.0,11.11111111,8.0,17.77777778,2019.95,88.95,51.046499999999995,48.953500000000005,12.8625,0.0,64.6195,35.3805,0.0,40.845366,-73.897479,10457.0,General Academic,High school,Crotona - Tremont,10457
73K646,ASPIRATIONS DIPLOMA PLUS HIGH SCHOOL,common_core_algebra,55.803999999999995,3.0,14.0,5.0,22.0,6.0,8.0,7.1,42.85714286,8.0,20.6,7.2,57.14285714,,,7.0,50.0,,,,,2019.4666666666667,79.73333333333333,61.083999999999996,38.916000000000004,8.047333333333334,0.0,91.48266666666667,8.517333333333333,0.0,40.669561,-73.955188,11225.0,Transfer School,High school,East Flatbush - Flatbush,11225
73K646,ASPIRATIONS DIPLOMA PLUS HIGH SCHOOL,common_core_english,65.272,3.0,14.0,5.0,22.0,6.0,8.0,7.1,42.85714286,8.0,20.6,7.2,57.14285714,,,7.0,50.0,,,,,2019.4666666666667,79.73333333333333,61.083999999999996,38.916000000000004,8.047333333333334,0.0,91.48266666666667,8.517333333333333,0.0,40.669561,-73.955188,11225.0,Transfer School,High school,East Flatbush - Flatbush,11225
73K646,ASPIRATIONS DIPLOMA PLUS HIGH SCHOOL,living_environment,56.298,3.0,14.0,5.0,22.0,6.0,8.0,7.1,42.85714286,8.0,20.6,7.2,57.14285714,,,7.0,50.0,,,,,2019.4666666666667,79.73333333333333,61.083999999999996,38.916000000000004,8.047333333333334,0.0,91.48266666666667,8.517333333333333,0.0,40.669561,-73.955188,11225.0,Transfer School,High school,East Flatbush - Flatbush,11225
73K659,CYPRESS HILLS COLLEGIATE PREPARATORY SCHOOL,common_core_algebra,59.465714285714284,3.0,29.0,9.0,41.0,11.0,7.7,4.9,37.93103448,18.0,7.8,4.8,62.06896551999999,,,6.0,20.68965517,7.0,24.13793103,11.0,37.93103448,2019.95,138.4,56.658,43.3435,8.372,11.101,15.5625,73.12,0.21600000000000003,40.693002,-73.869305,11208.0,General Academic,High school,East New York,11208
73K659,CYPRESS HILLS COLLEGIATE PREPARATORY SCHOOL,common_core_english,60.025,3.0,29.0,9.0,41.0,11.0,7.7,4.9,37.93103448,18.0,7.8,4.8,62.06896551999999,,,6.0,20.68965517,7.0,24.13793103,11.0,37.93103448,2019.95,138.4,56.658,43.3435,8.372,11.101,15.5625,73.12,0.21600000000000003,40.693002,-73.869305,11208.0,General Academic,High school,East New York,11208
73K659,CYPRESS HILLS COLLEGIATE PREPARATORY SCHOOL,living_environment,57.76,3.0,29.0,9.0,41.0,11.0,7.7,4.9,37.93103448,18.0,7.8,4.8,62.06896551999999,,,6.0,20.68965517,7.0,24.13793103,11.0,37.93103448,2019.95,138.4,56.658,43.3435,8.372,11.101,15.5625,73.12,0.21600000000000003,40.693002,-73.869305,11208.0,General Academic,High school,East New York,11208
73K660,W. H. MAXWELL CAREER AND TECHNICAL EDUCATION HIGH,common_core_algebra,59.83166666666667,4.0,46.0,18.0,68.0,13.0,8.5,5.2,28.26086957,33.0,14.4,9.9,71.73913043,8.0,17.39130435,23.0,50.0,6.0,13.04347826,7.0,15.2173913,2019.95,113.3,58.346000000000004,41.654,6.614,0.0,66.452,33.016000000000005,0.5315000000000001,40.673766,-73.895976,11207.0,Career Technical,High school,East New York,11207
73K660,W. H. MAXWELL CAREER AND TECHNICAL EDUCATION HIGH,common_core_english,59.51142857142857,4.0,46.0,18.0,68.0,13.0,8.5,5.2,28.26086957,33.0,14.4,9.9,71.73913043,8.0,17.39130435,23.0,50.0,6.0,13.04347826,7.0,15.2173913,2019.95,113.3,58.346000000000004,41.654,6.614,0.0,66.452,33.016000000000005,0.5315000000000001,40.673766,-73.895976,11207.0,Career Technical,High school,East New York,11207
73K660,W. H. MAXWELL CAREER AND TECHNICAL EDUCATION HIGH,living_environment,53.44,4.0,46.0,18.0,68.0,13.0,8.5,5.2,28.26086957,33.0,14.4,9.9,71.73913043,8.0,17.39130435,23.0,50.0,6.0,13.04347826,7.0,15.2173913,2019.95,113.3,58.346000000000004,41.654,6.614,0.0,66.452,33.016000000000005,0.5315000000000001,40.673766,-73.895976,11207.0,Career Technical,High school,East New York,11207
73K667,SUNSET PARK HIGH SCHOOL,common_core_algebra,60.62166666666667,6.0,112.0,17.0,135.0,46.0,7.8,5.9,41.07142857,66.0,8.2,6.0,58.928571430000005,16.0,14.28571429,8.0,7.142857143,30.0,26.78571429,50.0,44.64285714,2019.8947368421052,299.2631578947368,49.84315789473684,50.1578947368421,16.432105263157894,9.572631578947368,4.6031578947368414,80.87210526315789,4.950526315789474,40.655583,-74.004342,11232.0,General Academic,High school,Sunset Park,11232
73K667,SUNSET PARK HIGH SCHOOL,common_core_english,67.96,6.0,112.0,17.0,135.0,46.0,7.8,5.9,41.07142857,66.0,8.2,6.0,58.928571430000005,16.0,14.28571429,8.0,7.142857143,30.0,26.78571429,50.0,44.64285714,2019.8947368421052,299.2631578947368,49.84315789473684,50.1578947368421,16.432105263157894,9.572631578947368,4.6031578947368414,80.87210526315789,4.950526315789474,40.655583,-74.004342,11232.0,General Academic,High school,Sunset Park,11232
73K667,SUNSET PARK HIGH SCHOOL,living_environment,59.94,6.0,112.0,17.0,135.0,46.0,7.8,5.9,41.07142857,66.0,8.2,6.0,58.928571430000005,16.0,14.28571429,8.0,7.142857143,30.0,26.78571429,50.0,44.64285714,2019.8947368421052,299.2631578947368,49.84315789473684,50.1578947368421,16.432105263157894,9.572631578947368,4.6031578947368414,80.87210526315789,4.950526315789474,40.655583,-74.004342,11232.0,General Academic,High school,Sunset Park,11232
73K670,BENJAMIN BANNEKER ACADEMY,common_core_algebra,68.01428571428572,5.0,48.0,17.0,70.0,16.0,10.3,7.9,33.33333333,32.0,13.0,7.4,66.66666667,,,27.0,56.25,,,16.0,33.33333333,2019.95,178.35,26.702499999999997,73.298,29.698500000000003,2.142,83.01,14.728,0.12050000000000001,40.695389,-73.968759,11205.0,General Academic,High school,Downtown - Heights - Park Slope,11205
73K670,BENJAMIN BANNEKER ACADEMY,common_core_english,76.23857142857142,5.0,48.0,17.0,70.0,16.0,10.3,7.9,33.33333333,32.0,13.0,7.4,66.66666667,,,27.0,56.25,,,16.0,33.33333333,2019.95,178.35,26.702499999999997,73.298,29.698500000000003,2.142,83.01,14.728,0.12050000000000001,40.695389,-73.968759,11205.0,General Academic,High school,Downtown - Heights - Park Slope,11205
73K670,BENJAMIN BANNEKER ACADEMY,living_environment,67.45166666666667,5.0,48.0,17.0,70.0,16.0,10.3,7.9,33.33333333,32.0,13.0,7.4,66.66666667,,,27.0,56.25,,,16.0,33.33333333,2019.95,178.35,26.702499999999997,73.298,29.698500000000003,2.142,83.01,14.728,0.12050000000000001,40.695389,-73.968759,11205.0,General Academic,High school,Downtown - Heights - Park Slope,11205
73K683,SCHOOL FOR CLASSICS HIGH SCHOOL,common_core_algebra,55.11000000000001,2.0,22.0,6.0,30.0,6.0,12.9,5.5,27.27272727,16.0,9.2,5.4,72.72727273,,,6.0,27.27272727,,,7.0,31.81818182,2019.8333333333333,90.88888888888889,63.17388888888888,36.82611111111111,9.793888888888889,12.80888888888889,45.81555555555556,41.00888888888889,0.36777777777777776,40.67002,-73.874537,11208.0,General Academic,High school,East New York,11208
73K683,SCHOOL FOR CLASSICS HIGH SCHOOL,common_core_english,60.35333333333333,2.0,22.0,6.0,30.0,6.0,12.9,5.5,27.27272727,16.0,9.2,5.4,72.72727273,,,6.0,27.27272727,,,7.0,31.81818182,2019.8333333333333,90.88888888888889,63.17388888888888,36.82611111111111,9.793888888888889,12.80888888888889,45.81555555555556,41.00888888888889,0.36777777777777776,40.67002,-73.874537,11208.0,General Academic,High school,East New York,11208
73K683,SCHOOL FOR CLASSICS HIGH SCHOOL,living_environment,53.185,2.0,22.0,6.0,30.0,6.0,12.9,5.5,27.27272727,16.0,9.2,5.4,72.72727273,,,6.0,27.27272727,,,7.0,31.81818182,2019.8333333333333,90.88888888888889,63.17388888888888,36.82611111111111,9.793888888888889,12.80888888888889,45.81555555555556,41.00888888888889,0.36777777777777776,40.67002,-73.874537,11208.0,General Academic,High school,East New York,11208
73K697,TEACHERS PREPARATORY HIGH SCHOOL,common_core_algebra,54.525,2.0,18.0,8.0,28.0,5.0,15.199999999999998,12.0,27.77777778,13.0,17.4,11.7,72.22222222,,,15.0,83.33333333,,,,,2019.8333333333333,68.55555555555556,65.46111111111111,34.53833333333333,6.142777777777777,0.0,82.38722222222222,17.612777777777776,0.0,40.665568,-73.912102,11212.0,General Academic,High school,Bedford Stuyvesant - Crown Heights,11212
73K697,TEACHERS PREPARATORY HIGH SCHOOL,common_core_english,55.800000000000004,2.0,18.0,8.0,28.0,5.0,15.199999999999998,12.0,27.77777778,13.0,17.4,11.7,72.22222222,,,15.0,83.33333333,,,,,2019.8333333333333,68.55555555555556,65.46111111111111,34.53833333333333,6.142777777777777,0.0,82.38722222222222,17.612777777777776,0.0,40.665568,-73.912102,11212.0,General Academic,High school,Bedford Stuyvesant - Crown Heights,11212
73K697,TEACHERS PREPARATORY HIGH SCHOOL,living_environment,56.833333333333336,2.0,18.0,8.0,28.0,5.0,15.199999999999998,12.0,27.77777778,13.0,17.4,11.7,72.22222222,,,15.0,83.33333333,,,,,2019.8333333333333,68.55555555555556,65.46111111111111,34.53833333333333,6.142777777777777,0.0,82.38722222222222,17.612777777777776,0.0,40.665568,-73.912102,11212.0,General Academic,High school,Bedford Stuyvesant - Crown Heights,11212
73K745,BROOKLYN INSTITUTE FOR LIBERAL ARTS,common_core_algebra,68.39,4.0,37.0,10.0,51.0,16.0,3.3,3.3,43.24324324,21.0,3.8,2.6,56.75675676,,,12.0,32.43243243,,,18.0,48.64864865,2019.8235294117646,136.58823529411765,31.87117647058823,68.12941176470588,25.27058823529412,0.0,89.72941176470589,10.270588235294117,0.0,40.658671,-73.943839,11203.0,General Academic,High school,East Flatbush - Flatbush,11203
73K745,BROOKLYN INSTITUTE FOR LIBERAL ARTS,common_core_english,75.45,4.0,37.0,10.0,51.0,16.0,3.3,3.3,43.24324324,21.0,3.8,2.6,56.75675676,,,12.0,32.43243243,,,18.0,48.64864865,2019.8235294117646,136.58823529411765,31.87117647058823,68.12941176470588,25.27058823529412,0.0,89.72941176470589,10.270588235294117,0.0,40.658671,-73.943839,11203.0,General Academic,High school,East Flatbush - Flatbush,11203
73K745,BROOKLYN INSTITUTE FOR LIBERAL ARTS,living_environment,64.85833333333333,4.0,37.0,10.0,51.0,16.0,3.3,3.3,43.24324324,21.0,3.8,2.6,56.75675676,,,12.0,32.43243243,,,18.0,48.64864865,2019.8235294117646,136.58823529411765,31.87117647058823,68.12941176470588,25.27058823529412,0.0,89.72941176470589,10.270588235294117,0.0,40.658671,-73.943839,11203.0,General Academic,High school,East Flatbush - Flatbush,11203
73K751,ACADEMY FOR HEALTH CAREERS,common_core_algebra,60.69,3.0,18.0,3.0,24.0,8.0,7.5,6.1,44.44444444,10.0,13.7,5.6,55.55555556,,,12.0,66.66666667,,,,,2019.8235294117646,69.0,47.28352941176471,52.716470588235296,13.967058823529412,0.0,85.66882352941175,13.99235294117647,0.3394117647058823,40.675905,-73.939282,11213.0,Career Technical,High school,Bedford Stuyvesant - Crown Heights,11213
73K751,ACADEMY FOR HEALTH CAREERS,common_core_english,67.756,3.0,18.0,3.0,24.0,8.0,7.5,6.1,44.44444444,10.0,13.7,5.6,55.55555556,,,12.0,66.66666667,,,,,2019.8235294117646,69.0,47.28352941176471,52.716470588235296,13.967058823529412,0.0,85.66882352941175,13.99235294117647,0.3394117647058823,40.675905,-73.939282,11213.0,Career Technical,High school,Bedford Stuyvesant - Crown Heights,11213
73K751,ACADEMY FOR HEALTH CAREERS,living_environment,62.798333333333325,3.0,18.0,3.0,24.0,8.0,7.5,6.1,44.44444444,10.0,13.7,5.6,55.55555556,,,12.0,66.66666667,,,,,2019.8235294117646,69.0,47.28352941176471,52.716470588235296,13.967058823529412,0.0,85.66882352941175,13.99235294117647,0.3394117647058823,40.675905,-73.939282,11213.0,Career Technical,High school,Bedford Stuyvesant - Crown Heights,11213
73K764,THE URBAN ASSEMBLY SCHOOL FOR COLLABORATIVE HEALTH,common_core_algebra,62.097142857142856,2.0,26.0,5.0,33.0,8.0,10.1,5.3,30.76923077,18.0,4.8,3.4,69.23076923,,,7.0,26.92307692,,,15.0,57.69230768999999,2019.95,95.2,43.065,56.9375,17.7695,10.064499999999999,30.618000000000002,59.0225,0.294,40.693002,-73.869305,11208.0,Career Technical,High school,East New York,11208
73K764,THE URBAN ASSEMBLY SCHOOL FOR COLLABORATIVE HEALTH,common_core_english,70.96714285714286,2.0,26.0,5.0,33.0,8.0,10.1,5.3,30.76923077,18.0,4.8,3.4,69.23076923,,,7.0,26.92307692,,,15.0,57.69230768999999,2019.95,95.2,43.065,56.9375,17.7695,10.064499999999999,30.618000000000002,59.0225,0.294,40.693002,-73.869305,11208.0,Career Technical,High school,East New York,11208
73K764,THE URBAN ASSEMBLY SCHOOL FOR COLLABORATIVE HEALTH,living_environment,62.61166666666667,2.0,26.0,5.0,33.0,8.0,10.1,5.3,30.76923077,18.0,4.8,3.4,69.23076923,,,7.0,26.92307692,,,15.0,57.69230768999999,2019.95,95.2,43.065,56.9375,17.7695,10.064499999999999,30.618000000000002,59.0225,0.294,40.693002,-73.869305,11208.0,Career Technical,High school,East New York,11208
73K765,NELSON MANDELA HIGH SCHOOL,common_core_algebra,59.96400000000001,1.0,17.0,4.0,22.0,6.0,14.3,5.8,35.29411765,11.0,12.0,4.2,64.70588235,,,10.0,58.82352941,,,,,2019.6666666666667,61.8,55.76866666666667,44.23133333333333,11.141333333333334,0.0,95.61533333333334,4.384666666666666,0.0,40.678478,-73.93160400000001,11213.0,General Academic,High school,Bedford Stuyvesant - Crown Heights,11213
73K765,NELSON MANDELA HIGH SCHOOL,common_core_english,64.962,1.0,17.0,4.0,22.0,6.0,14.3,5.8,35.29411765,11.0,12.0,4.2,64.70588235,,,10.0,58.82352941,,,,,2019.6666666666667,61.8,55.76866666666667,44.23133333333333,11.141333333333334,0.0,95.61533333333334,4.384666666666666,0.0,40.678478,-73.93160400000001,11213.0,General Academic,High school,Bedford Stuyvesant - Crown Heights,11213
73K765,NELSON MANDELA HIGH SCHOOL,living_environment,53.83200000000001,1.0,17.0,4.0,22.0,6.0,14.3,5.8,35.29411765,11.0,12.0,4.2,64.70588235,,,10.0,58.82352941,,,,,2019.6666666666667,61.8,55.76866666666667,44.23133333333333,11.141333333333334,0.0,95.61533333333334,4.384666666666666,0.0,40.678478,-73.93160400000001,11213.0,General Academic,High school,Bedford Stuyvesant - Crown Heights,11213
76K344,RACHEL CARSON HIGH SCHOOL FOR COASTAL STUDIES,common_core_algebra,64.03666666666668,5.0,38.0,17.0,60.0,14.0,11.1,7.5,36.84210526,24.0,7.300000000000001,4.8,63.157894739999996,,,,,,,27.0,71.05263158,2019.8333333333333,130.88888888888889,37.23555555555556,62.76444444444444,25.33,12.58611111111111,12.199444444444445,22.397222222222222,52.81944444444444,40.582518,-73.972009,11224.0,General Academic,High school,Coney Island - Sheepshead Bay ,11224
76K344,RACHEL CARSON HIGH SCHOOL FOR COASTAL STUDIES,common_core_english,71.16333333333334,5.0,38.0,17.0,60.0,14.0,11.1,7.5,36.84210526,24.0,7.300000000000001,4.8,63.157894739999996,,,,,,,27.0,71.05263158,2019.8333333333333,130.88888888888889,37.23555555555556,62.76444444444444,25.33,12.58611111111111,12.199444444444445,22.397222222222222,52.81944444444444,40.582518,-73.972009,11224.0,General Academic,High school,Coney Island - Sheepshead Bay ,11224
76K344,RACHEL CARSON HIGH SCHOOL FOR COASTAL STUDIES,living_environment,66.43333333333334,5.0,38.0,17.0,60.0,14.0,11.1,7.5,36.84210526,24.0,7.300000000000001,4.8,63.157894739999996,,,,,,,27.0,71.05263158,2019.8333333333333,130.88888888888889,37.23555555555556,62.76444444444444,25.33,12.58611111111111,12.199444444444445,22.397222222222222,52.81944444444444,40.582518,-73.972009,11224.0,General Academic,High school,Coney Island - Sheepshead Bay ,11224
76K410,ABRAHAM LINCOLN HIGH SCHOOL,common_core_algebra,62.58833333333333,9.0,121.0,41.0,171.0,46.0,11.3,8.5,38.01652893,75.0,11.5,9.1,61.98347107,13.0,10.74380165,21.0,17.3553719,18.0,14.876033060000001,64.0,52.89256198,2019.8333333333333,504.6111111111111,43.260555555555555,56.742222222222225,19.24388888888889,12.709444444444445,41.36222222222222,27.966666666666665,17.964444444444446,40.582627,-73.968733,11235.0,General Academic,High school,Coney Island - Sheepshead Bay ,11235
76K410,ABRAHAM LINCOLN HIGH SCHOOL,common_core_english,70.41,9.0,121.0,41.0,171.0,46.0,11.3,8.5,38.01652893,75.0,11.5,9.1,61.98347107,13.0,10.74380165,21.0,17.3553719,18.0,14.876033060000001,64.0,52.89256198,2019.8333333333333,504.6111111111111,43.260555555555555,56.742222222222225,19.24388888888889,12.709444444444445,41.36222222222222,27.966666666666665,17.964444444444446,40.582627,-73.968733,11235.0,General Academic,High school,Coney Island - Sheepshead Bay ,11235
76K410,ABRAHAM LINCOLN HIGH SCHOOL,living_environment,62.050000000000004,9.0,121.0,41.0,171.0,46.0,11.3,8.5,38.01652893,75.0,11.5,9.1,61.98347107,13.0,10.74380165,21.0,17.3553719,18.0,14.876033060000001,64.0,52.89256198,2019.8333333333333,504.6111111111111,43.260555555555555,56.742222222222225,19.24388888888889,12.709444444444445,41.36222222222222,27.966666666666665,17.964444444444446,40.582627,-73.968733,11235.0,General Academic,High school,Coney Island - Sheepshead Bay ,11235
76K423,BROOKLYN FRONTIERS HIGH SCHOOL,common_core_algebra,60.565999999999995,3.0,18.0,3.0,24.0,9.0,13.9,8.5,50.0,9.0,5.6,3.8,50.0,,,,,,,12.0,66.66666667,2019.5333333333333,28.533333333333335,49.745999999999995,50.26533333333334,7.939333333333334,0.0,81.92399999999999,18.076,0.0,40.690007,-73.989369,11201.0,Transfer School,High school,Downtown - Heights - Park Slope,11201
76K423,BROOKLYN FRONTIERS HIGH SCHOOL,common_core_english,64.415,3.0,18.0,3.0,24.0,9.0,13.9,8.5,50.0,9.0,5.6,3.8,50.0,,,,,,,12.0,66.66666667,2019.5333333333333,28.533333333333335,49.745999999999995,50.26533333333334,7.939333333333334,0.0,81.92399999999999,18.076,0.0,40.690007,-73.989369,11201.0,Transfer School,High school,Downtown - Heights - Park Slope,11201
76K423,BROOKLYN FRONTIERS HIGH SCHOOL,living_environment,61.97,3.0,18.0,3.0,24.0,9.0,13.9,8.5,50.0,9.0,5.6,3.8,50.0,,,,,,,12.0,66.66666667,2019.5333333333333,28.533333333333335,49.745999999999995,50.26533333333334,7.939333333333334,0.0,81.92399999999999,18.076,0.0,40.690007,-73.989369,11201.0,Transfer School,High school,Downtown - Heights - Park Slope,11201
76K429,DIGITAL ARTS AND CINEMA TECHNOLOGY HIGH SCHOOL,common_core_algebra,69.168,2.0,27.0,7.0,36.0,10.0,8.1,5.7,37.03703704,17.0,7.5,6.0,62.96296295999999,,,,,,,18.0,66.66666667,2019.8235294117646,59.64705882352941,29.592352941176472,70.40764705882353,25.95058823529412,0.0,66.44117647058823,31.701176470588234,1.8564705882352943,40.685006,-73.993293,11201.0,General Academic,High school,Downtown - Heights - Park Slope,11201
76K429,DIGITAL ARTS AND CINEMA TECHNOLOGY HIGH SCHOOL,common_core_english,73.715,2.0,27.0,7.0,36.0,10.0,8.1,5.7,37.03703704,17.0,7.5,6.0,62.96296295999999,,,,,,,18.0,66.66666667,2019.8235294117646,59.64705882352941,29.592352941176472,70.40764705882353,25.95058823529412,0.0,66.44117647058823,31.701176470588234,1.8564705882352943,40.685006,-73.993293,11201.0,General Academic,High school,Downtown - Heights - Park Slope,11201
76K429,DIGITAL ARTS AND CINEMA TECHNOLOGY HIGH SCHOOL,living_environment,66.00333333333333,2.0,27.0,7.0,36.0,10.0,8.1,5.7,37.03703704,17.0,7.5,6.0,62.96296295999999,,,,,,,18.0,66.66666667,2019.8235294117646,59.64705882352941,29.592352941176472,70.40764705882353,25.95058823529412,0.0,66.44117647058823,31.701176470588234,1.8564705882352943,40.685006,-73.993293,11201.0,General Academic,High school,Downtown - Heights - Park Slope,11201
76K430,BROOKLYN TECHNICAL HIGH SCHOOL,common_core_algebra,87.295,14.0,288.0,47.0,349.0,152.0,13.7,9.0,52.77777778,136.0,12.9,7.599999999999999,47.22222222,51.0,17.70833333,27.0,9.375,27.0,9.375,166.0,57.638888890000004,2019.888888888889,664.9444444444445,0.2822222222222222,99.71777777777778,95.875,65.31722222222223,5.226111111111111,5.506111111111111,23.948888888888888,40.688896,-73.976435,11217.0,General Academic,High school,Downtown - Heights - Park Slope,11217
76K430,BROOKLYN TECHNICAL HIGH SCHOOL,common_core_english,92.21000000000001,14.0,288.0,47.0,349.0,152.0,13.7,9.0,52.77777778,136.0,12.9,7.599999999999999,47.22222222,51.0,17.70833333,27.0,9.375,27.0,9.375,166.0,57.638888890000004,2019.888888888889,664.9444444444445,0.2822222222222222,99.71777777777778,95.875,65.31722222222223,5.226111111111111,5.506111111111111,23.948888888888888,40.688896,-73.976435,11217.0,General Academic,High school,Downtown - Heights - Park Slope,11217
76K430,BROOKLYN TECHNICAL HIGH SCHOOL,living_environment,89.928,14.0,288.0,47.0,349.0,152.0,13.7,9.0,52.77777778,136.0,12.9,7.599999999999999,47.22222222,51.0,17.70833333,27.0,9.375,27.0,9.375,166.0,57.638888890000004,2019.888888888889,664.9444444444445,0.2822222222222222,99.71777777777778,95.875,65.31722222222223,5.226111111111111,5.506111111111111,23.948888888888888,40.688896,-73.976435,11217.0,General Academic,High school,Downtown - Heights - Park Slope,11217
76K449,BROOKLYN LATIN SCHOOL  THE,common_core_algebra,86.438,4.0,46.0,10.0,60.0,20.0,6.9,5.6,43.47826087,26.0,7.1,4.3,56.52173913,11.0,23.91304348,,,7.0,15.2173913,27.0,58.69565217,2020.0,90.33333333333333,0.25866666666666666,99.74133333333333,92.46666666666667,61.577999999999996,12.152666666666667,11.351333333333333,14.918666666666667,40.709765,-73.944463,11206.0,General Academic,High school,Williamsburg - Bushwick,11206
76K449,BROOKLYN LATIN SCHOOL  THE,common_core_english,91.462,4.0,46.0,10.0,60.0,20.0,6.9,5.6,43.47826087,26.0,7.1,4.3,56.52173913,11.0,23.91304348,,,7.0,15.2173913,27.0,58.69565217,2020.0,90.33333333333333,0.25866666666666666,99.74133333333333,92.46666666666667,61.577999999999996,12.152666666666667,11.351333333333333,14.918666666666667,40.709765,-73.944463,11206.0,General Academic,High school,Williamsburg - Bushwick,11206
76K449,BROOKLYN LATIN SCHOOL  THE,living_environment,85.926,4.0,46.0,10.0,60.0,20.0,6.9,5.6,43.47826087,26.0,7.1,4.3,56.52173913,11.0,23.91304348,,,7.0,15.2173913,27.0,58.69565217,2020.0,90.33333333333333,0.25866666666666666,99.74133333333333,92.46666666666667,61.577999999999996,12.152666666666667,11.351333333333333,14.918666666666667,40.709765,-73.944463,11206.0,General Academic,High school,Williamsburg - Bushwick,11206
76K454,THE WILLIAMSBURG HIGH SCHOOL OF ART AND TECHNOLOGY,common_core_algebra,62.14666666666667,3.0,30.0,11.0,44.0,13.0,9.7,7.5,43.33333333,17.0,5.9,3.6,56.66666667,,,11.0,36.66666667,5.0,16.66666667,12.0,40.0,2019.7058823529412,124.29411764705883,48.28058823529412,51.72117647058823,12.284705882352942,0.19588235294117648,27.642352941176473,70.43411764705883,1.7276470588235295,40.709765,-73.944463,11206.0,General Academic,High school,Williamsburg - Bushwick,11206
76K454,THE WILLIAMSBURG HIGH SCHOOL OF ART AND TECHNOLOGY,common_core_english,62.498000000000005,3.0,30.0,11.0,44.0,13.0,9.7,7.5,43.33333333,17.0,5.9,3.6,56.66666667,,,11.0,36.66666667,5.0,16.66666667,12.0,40.0,2019.7058823529412,124.29411764705883,48.28058823529412,51.72117647058823,12.284705882352942,0.19588235294117648,27.642352941176473,70.43411764705883,1.7276470588235295,40.709765,-73.944463,11206.0,General Academic,High school,Williamsburg - Bushwick,11206
76K454,THE WILLIAMSBURG HIGH SCHOOL OF ART AND TECHNOLOGY,living_environment,62.913333333333334,3.0,30.0,11.0,44.0,13.0,9.7,7.5,43.33333333,17.0,5.9,3.6,56.66666667,,,11.0,36.66666667,5.0,16.66666667,12.0,40.0,2019.7058823529412,124.29411764705883,48.28058823529412,51.72117647058823,12.284705882352942,0.19588235294117648,27.642352941176473,70.43411764705883,1.7276470588235295,40.709765,-73.944463,11206.0,General Academic,High school,Williamsburg - Bushwick,11206
76K455,BOYS AND GIRLS HIGH SCHOOL,common_core_algebra,55.915,4.0,42.0,19.0,65.0,13.0,18.4,7.900000000000001,30.952380950000002,29.0,9.8,6.8,69.04761905,,,30.0,71.42857143,6.0,14.28571429,5.0,11.9047619,2019.8333333333333,126.44444444444444,57.51833333333333,42.48166666666666,8.932777777777778,0.0,87.98055555555555,11.858333333333333,0.1611111111111111,40.678478,-73.931604,11213.0,General Academic,High school,Bedford Stuyvesant - Crown Heights,11213
76K455,BOYS AND GIRLS HIGH SCHOOL,common_core_english,66.625,4.0,42.0,19.0,65.0,13.0,18.4,7.900000000000001,30.952380950000002,29.0,9.8,6.8,69.04761905,,,30.0,71.42857143,6.0,14.28571429,5.0,11.9047619,2019.8333333333333,126.44444444444444,57.51833333333333,42.48166666666666,8.932777777777778,0.0,87.98055555555555,11.858333333333333,0.1611111111111111,40.678478,-73.931604,11213.0,General Academic,High school,Bedford Stuyvesant - Crown Heights,11213
76K455,BOYS AND GIRLS HIGH SCHOOL,living_environment,56.11000000000001,4.0,42.0,19.0,65.0,13.0,18.4,7.900000000000001,30.952380950000002,29.0,9.8,6.8,69.04761905,,,30.0,71.42857143,6.0,14.28571429,5.0,11.9047619,2019.8333333333333,126.44444444444444,57.51833333333333,42.48166666666666,8.932777777777778,0.0,87.98055555555555,11.858333333333333,0.1611111111111111,40.678478,-73.931604,11213.0,General Academic,High school,Bedford Stuyvesant - Crown Heights,11213
76K462,JOHN JAY SCHOOL FOR LAW,common_core_algebra,58.76500000000001,3.0,37.0,7.0,47.0,14.0,5.7,2.1,37.83783784,23.0,5.7,3.4,62.16216216000001,5.0,13.51351351,12.0,32.43243243,5.0,13.51351351,13.0,35.13513514,2019.7058823529412,109.23529411764706,46.73294117647059,53.27294117647059,14.937058823529412,0.9076470588235294,68.7464705882353,30.166470588235295,0.17941176470588235,40.669255,-73.97858,11215.0,General Academic,High school,Downtown - Heights - Park Slope,11215
76K462,JOHN JAY SCHOOL FOR LAW,common_core_english,74.022,3.0,37.0,7.0,47.0,14.0,5.7,2.1,37.83783784,23.0,5.7,3.4,62.16216216000001,5.0,13.51351351,12.0,32.43243243,5.0,13.51351351,13.0,35.13513514,2019.7058823529412,109.23529411764706,46.73294117647059,53.27294117647059,14.937058823529412,0.9076470588235294,68.7464705882353,30.166470588235295,0.17941176470588235,40.669255,-73.97858,11215.0,General Academic,High school,Downtown - Heights - Park Slope,11215
76K462,JOHN JAY SCHOOL FOR LAW,living_environment,61.96333333333333,3.0,37.0,7.0,47.0,14.0,5.7,2.1,37.83783784,23.0,5.7,3.4,62.16216216000001,5.0,13.51351351,12.0,32.43243243,5.0,13.51351351,13.0,35.13513514,2019.7058823529412,109.23529411764706,46.73294117647059,53.27294117647059,14.937058823529412,0.9076470588235294,68.7464705882353,30.166470588235295,0.17941176470588235,40.669255,-73.97858,11215.0,General Academic,High school,Downtown - Heights - Park Slope,11215
76K463,CYBERARTS STUDIO ACADEMY,common_core_algebra,59.11666666666667,2.0,24.0,6.0,32.0,12.0,8.6,2.8,50.0,12.0,13.7,6.3,50.0,,,13.0,54.16666667,,,8.0,33.33333333,2019.8333333333333,70.22222222222223,59.852777777777774,40.14722222222222,11.161111111111111,5.007222222222222,41.470555555555556,49.83611111111111,3.686111111111112,40.669255,-73.97858,11215.0,General Academic,High school,Downtown - Heights - Park Slope,11215
76K463,CYBERARTS STUDIO ACADEMY,common_core_english,58.49166666666667,2.0,24.0,6.0,32.0,12.0,8.6,2.8,50.0,12.0,13.7,6.3,50.0,,,13.0,54.16666667,,,8.0,33.33333333,2019.8333333333333,70.22222222222223,59.852777777777774,40.14722222222222,11.161111111111111,5.007222222222222,41.470555555555556,49.83611111111111,3.686111111111112,40.669255,-73.97858,11215.0,General Academic,High school,Downtown - Heights - Park Slope,11215
76K463,CYBERARTS STUDIO ACADEMY,living_environment,56.17666666666667,2.0,24.0,6.0,32.0,12.0,8.6,2.8,50.0,12.0,13.7,6.3,50.0,,,13.0,54.16666667,,,8.0,33.33333333,2019.8333333333333,70.22222222222223,59.852777777777774,40.14722222222222,11.161111111111111,5.007222222222222,41.470555555555556,49.83611111111111,3.686111111111112,40.669255,-73.97858,11215.0,General Academic,High school,Downtown - Heights - Park Slope,11215
76K464,PARK SLOPE COLLEGIATE,common_core_algebra,62.95666666666667,3.0,54.0,13.0,70.0,18.0,9.3,7.2,33.33333333,36.0,10.1,6.7,66.66666667,,,13.0,24.07407407,11.0,20.37037037,22.0,40.74074074,2019.7058823529412,133.64705882352942,40.43941176470588,59.56058823529412,23.803529411764707,2.2758823529411765,37.35058823529412,46.16058823529412,14.212352941176471,40.669255,-73.97858,11215.0,General Academic,High school,Downtown - Heights - Park Slope,11215
76K464,PARK SLOPE COLLEGIATE,common_core_english,73.122,3.0,54.0,13.0,70.0,18.0,9.3,7.2,33.33333333,36.0,10.1,6.7,66.66666667,,,13.0,24.07407407,11.0,20.37037037,22.0,40.74074074,2019.7058823529412,133.64705882352942,40.43941176470588,59.56058823529412,23.803529411764707,2.2758823529411765,37.35058823529412,46.16058823529412,14.212352941176471,40.669255,-73.97858,11215.0,General Academic,High school,Downtown - Heights - Park Slope,11215
76K464,PARK SLOPE COLLEGIATE,living_environment,64.38166666666666,3.0,54.0,13.0,70.0,18.0,9.3,7.2,33.33333333,36.0,10.1,6.7,66.66666667,,,13.0,24.07407407,11.0,20.37037037,22.0,40.74074074,2019.7058823529412,133.64705882352942,40.43941176470588,59.56058823529412,23.803529411764707,2.2758823529411765,37.35058823529412,46.16058823529412,14.212352941176471,40.669255,-73.97858,11215.0,General Academic,High school,Downtown - Heights - Park Slope,11215
76K468,KINGSBOROUGH EARLY COLLEGE SCHOOL,common_core_algebra,70.69500000000001,4.0,46.0,13.0,63.0,23.0,9.7,6.1,50.0,23.0,7.800000000000001,5.8,50.0,,,,,5.0,10.86956522,35.0,76.08695652,2019.9444444444443,112.77777777777777,15.725000000000001,84.275,42.074444444444445,1.5477777777777777,27.066111111111113,35.19555555555556,36.19166666666667,40.593028,-73.986313,11214.0,General Academic,High school,Bensonhurst - Bay Ridge,11214
76K468,KINGSBOROUGH EARLY COLLEGE SCHOOL,common_core_english,81.58857142857143,4.0,46.0,13.0,63.0,23.0,9.7,6.1,50.0,23.0,7.800000000000001,5.8,50.0,,,,,5.0,10.86956522,35.0,76.08695652,2019.9444444444443,112.77777777777777,15.725000000000001,84.275,42.074444444444445,1.5477777777777777,27.066111111111113,35.19555555555556,36.19166666666667,40.593028,-73.986313,11214.0,General Academic,High school,Bensonhurst - Bay Ridge,11214
76K468,KINGSBOROUGH EARLY COLLEGE SCHOOL,living_environment,74.02000000000001,4.0,46.0,13.0,63.0,23.0,9.7,6.1,50.0,23.0,7.800000000000001,5.8,50.0,,,,,5.0,10.86956522,35.0,76.08695652,2019.9444444444443,112.77777777777777,15.725000000000001,84.275,42.074444444444445,1.5477777777777777,27.066111111111113,35.19555555555556,36.19166666666667,40.593028,-73.986313,11214.0,General Academic,High school,Bensonhurst - Bay Ridge,11214
76K474,PROGRESS HIGH SCHOOL FOR PROFESSIONAL CAREERS,common_core_algebra,55.556666666666665,4.0,31.0,15.0,50.0,15.0,17.0,11.9,48.38709677,16.0,9.0,6.8,51.61290323,,,9.0,29.032258059999997,7.0,22.58064516,12.0,38.70967742,2019.8333333333333,215.77777777777777,63.4388888888889,36.56555555555556,7.748888888888889,0.0,25.172222222222224,74.60055555555556,0.22722222222222221,40.711134,-73.938921,11211.0,General Academic,High school,Greenpoint,11211
76K474,PROGRESS HIGH SCHOOL FOR PROFESSIONAL CAREERS,common_core_english,56.080000000000005,4.0,31.0,15.0,50.0,15.0,17.0,11.9,48.38709677,16.0,9.0,6.8,51.61290323,,,9.0,29.032258059999997,7.0,22.58064516,12.0,38.70967742,2019.8333333333333,215.77777777777777,63.4388888888889,36.56555555555556,7.748888888888889,0.0,25.172222222222224,74.60055555555556,0.22722222222222221,40.711134,-73.938921,11211.0,General Academic,High school,Greenpoint,11211
76K474,PROGRESS HIGH SCHOOL FOR PROFESSIONAL CAREERS,living_environment,55.07666666666666,4.0,31.0,15.0,50.0,15.0,17.0,11.9,48.38709677,16.0,9.0,6.8,51.61290323,,,9.0,29.032258059999997,7.0,22.58064516,12.0,38.70967742,2019.8333333333333,215.77777777777777,63.4388888888889,36.56555555555556,7.748888888888889,0.0,25.172222222222224,74.60055555555556,0.22722222222222221,40.711134,-73.938921,11211.0,General Academic,High school,Greenpoint,11211
76K477,EAST WILLIAMSBURG SCHOLARS ACADEMY,common_core_algebra,57.925000000000004,4.0,37.0,6.0,47.0,21.0,10.8,4.2,56.75675676,16.0,14.399999999999999,9.3,43.24324324,6.0,16.21621622,12.0,32.43243243,6.0,16.21621622,12.0,32.43243243,2019.8333333333333,115.38888888888889,57.43666666666666,42.56333333333333,12.786666666666667,0.0,25.517222222222223,74.16055555555556,0.3227777777777778,40.711134,-73.938921,11211.0,General Academic,High school,Greenpoint,11211
76K477,EAST WILLIAMSBURG SCHOLARS ACADEMY,common_core_english,62.095,4.0,37.0,6.0,47.0,21.0,10.8,4.2,56.75675676,16.0,14.399999999999999,9.3,43.24324324,6.0,16.21621622,12.0,32.43243243,6.0,16.21621622,12.0,32.43243243,2019.8333333333333,115.38888888888889,57.43666666666666,42.56333333333333,12.786666666666667,0.0,25.517222222222223,74.16055555555556,0.3227777777777778,40.711134,-73.938921,11211.0,General Academic,High school,Greenpoint,11211
76K477,EAST WILLIAMSBURG SCHOLARS ACADEMY,living_environment,55.47666666666667,4.0,37.0,6.0,47.0,21.0,10.8,4.2,56.75675676,16.0,14.399999999999999,9.3,43.24324324,6.0,16.21621622,12.0,32.43243243,6.0,16.21621622,12.0,32.43243243,2019.8333333333333,115.38888888888889,57.43666666666666,42.56333333333333,12.786666666666667,0.0,25.517222222222223,74.16055555555556,0.3227777777777778,40.711134,-73.938921,11211.0,General Academic,High school,Greenpoint,11211
76K483,THE URBAN ASSEMBLY SCHOOL FOR LAW AND JUSTICE,common_core_algebra,62.06666666666666,3.0,29.0,5.0,37.0,9.0,6.7,3.5,31.03448276,20.0,8.8,4.5,68.96551724,,,6.0,20.68965517,,,16.0,55.17241379,2019.8235294117646,106.82352941176471,32.80294117647059,67.1970588235294,26.41235294117647,0.0,69.95588235294117,29.835882352941177,0.20823529411764707,40.694629,-73.988323,11201.0,General Academic,High school,Downtown - Heights - Park Slope,11201
76K483,THE URBAN ASSEMBLY SCHOOL FOR LAW AND JUSTICE,common_core_english,78.34,3.0,29.0,5.0,37.0,9.0,6.7,3.5,31.03448276,20.0,8.8,4.5,68.96551724,,,6.0,20.68965517,,,16.0,55.17241379,2019.8235294117646,106.82352941176471,32.80294117647059,67.1970588235294,26.41235294117647,0.0,69.95588235294117,29.835882352941177,0.20823529411764707,40.694629,-73.988323,11201.0,General Academic,High school,Downtown - Heights - Park Slope,11201
76K483,THE URBAN ASSEMBLY SCHOOL FOR LAW AND JUSTICE,living_environment,67.998,3.0,29.0,5.0,37.0,9.0,6.7,3.5,31.03448276,20.0,8.8,4.5,68.96551724,,,6.0,20.68965517,,,16.0,55.17241379,2019.8235294117646,106.82352941176471,32.80294117647059,67.1970588235294,26.41235294117647,0.0,69.95588235294117,29.835882352941177,0.20823529411764707,40.694629,-73.988323,11201.0,General Academic,High school,Downtown - Heights - Park Slope,11201
76K485,HIGH SCHOOL OF TELECOMMUNICATION ARTS AND TECHNOLO,common_core_algebra,64.23333333333333,7.0,97.0,24.0,128.0,37.0,8.1,7.900000000000001,38.1443299,60.0,7.699999999999999,6.5,61.8556701,12.0,12.37113402,8.0,8.24742268,20.0,20.6185567,55.0,56.70103093,2019.8333333333333,274.6666666666667,36.797222222222224,63.20388888888889,26.16722222222222,17.530555555555555,5.143888888888889,59.31944444444444,18.007777777777775,40.636721,-74.023419,11220.0,General Academic,High school,Sunset Park,11220
76K485,HIGH SCHOOL OF TELECOMMUNICATION ARTS AND TECHNOLO,common_core_english,73.22666666666667,7.0,97.0,24.0,128.0,37.0,8.1,7.900000000000001,38.1443299,60.0,7.699999999999999,6.5,61.8556701,12.0,12.37113402,8.0,8.24742268,20.0,20.6185567,55.0,56.70103093,2019.8333333333333,274.6666666666667,36.797222222222224,63.20388888888889,26.16722222222222,17.530555555555555,5.143888888888889,59.31944444444444,18.007777777777775,40.636721,-74.023419,11220.0,General Academic,High school,Sunset Park,11220
76K485,HIGH SCHOOL OF TELECOMMUNICATION ARTS AND TECHNOLO,living_environment,65.855,7.0,97.0,24.0,128.0,37.0,8.1,7.900000000000001,38.1443299,60.0,7.699999999999999,6.5,61.8556701,12.0,12.37113402,8.0,8.24742268,20.0,20.6185567,55.0,56.70103093,2019.8333333333333,274.6666666666667,36.797222222222224,63.20388888888889,26.16722222222222,17.530555555555555,5.143888888888889,59.31944444444444,18.007777777777775,40.636721,-74.023419,11220.0,General Academic,High school,Sunset Park,11220
76K490,FORT HAMILTON HIGH SCHOOL,common_core_algebra,67.28333333333333,15.0,224.0,71.0,310.0,94.0,13.5,11.8,41.96428571,130.0,12.5,10.3,58.03571429,24.0,10.71428571,9.0,4.017857143,24.0,10.71428571,159.0,70.98214286,2019.8947368421052,903.0,30.27578947368421,69.7257894736842,36.28736842105263,28.38684210526316,3.008421052631579,34.57526315789473,34.02789473684211,40.626827,-74.038103,11209.0,General Academic,High school,Bensonhurst - Bay Ridge,11209
76K490,FORT HAMILTON HIGH SCHOOL,common_core_english,76.71571428571428,15.0,224.0,71.0,310.0,94.0,13.5,11.8,41.96428571,130.0,12.5,10.3,58.03571429,24.0,10.71428571,9.0,4.017857143,24.0,10.71428571,159.0,70.98214286,2019.8947368421052,903.0,30.27578947368421,69.7257894736842,36.28736842105263,28.38684210526316,3.008421052631579,34.57526315789473,34.02789473684211,40.626827,-74.038103,11209.0,General Academic,High school,Bensonhurst - Bay Ridge,11209
76K490,FORT HAMILTON HIGH SCHOOL,living_environment,66.82000000000001,15.0,224.0,71.0,310.0,94.0,13.5,11.8,41.96428571,130.0,12.5,10.3,58.03571429,24.0,10.71428571,9.0,4.017857143,24.0,10.71428571,159.0,70.98214286,2019.8947368421052,903.0,30.27578947368421,69.7257894736842,36.28736842105263,28.38684210526316,3.008421052631579,34.57526315789473,34.02789473684211,40.626827,-74.038103,11209.0,General Academic,High school,Bensonhurst - Bay Ridge,11209
76K497,THE BOERUM HILL SCHOOL FOR INTERNATIONAL STUDIES,common_core_algebra,61.335,3.0,68.0,12.0,83.0,15.0,5.9,4.8,22.05882353,53.0,7.699999999999999,4.8,77.94117647,,,13.0,19.11764706,9.0,13.23529412,41.0,60.294117650000004,2019.8333333333333,124.94444444444444,49.57055555555556,50.42944444444444,15.446666666666667,3.0455555555555556,38.626666666666665,29.361666666666665,28.96611111111111,40.685006,-73.993293,11201.0,General Academic,High school,Downtown - Heights - Park Slope,11201
76K497,THE BOERUM HILL SCHOOL FOR INTERNATIONAL STUDIES,common_core_english,64.66666666666667,3.0,68.0,12.0,83.0,15.0,5.9,4.8,22.05882353,53.0,7.699999999999999,4.8,77.94117647,,,13.0,19.11764706,9.0,13.23529412,41.0,60.294117650000004,2019.8333333333333,124.94444444444444,49.57055555555556,50.42944444444444,15.446666666666667,3.0455555555555556,38.626666666666665,29.361666666666665,28.96611111111111,40.685006,-73.993293,11201.0,General Academic,High school,Downtown - Heights - Park Slope,11201
76K497,THE BOERUM HILL SCHOOL FOR INTERNATIONAL STUDIES,living_environment,59.718333333333334,3.0,68.0,12.0,83.0,15.0,5.9,4.8,22.05882353,53.0,7.699999999999999,4.8,77.94117647,,,13.0,19.11764706,9.0,13.23529412,41.0,60.294117650000004,2019.8333333333333,124.94444444444444,49.57055555555556,50.42944444444444,15.446666666666667,3.0455555555555556,38.626666666666665,29.361666666666665,28.96611111111111,40.685006,-73.993293,11201.0,General Academic,High school,Downtown - Heights - Park Slope,11201
76K498,BROOKLYN HIGH SCHOOL FOR LAW AND TECHNOLOGY,common_core_algebra,58.044999999999995,3.0,40.0,6.0,49.0,22.0,9.5,6.6,55.0,18.0,13.2,7.300000000000001,45.0,,,11.0,27.5,7.0,17.5,16.0,40.0,2019.8333333333333,129.77777777777777,51.476111111111116,48.531666666666666,13.11,1.926111111111111,71.26222222222222,26.810555555555553,0.0,40.688399,-73.920603,11221.0,General Academic,High school,Williamsburg - Bushwick,11221
76K498,BROOKLYN HIGH SCHOOL FOR LAW AND TECHNOLOGY,common_core_english,67.51,3.0,40.0,6.0,49.0,22.0,9.5,6.6,55.0,18.0,13.2,7.300000000000001,45.0,,,11.0,27.5,7.0,17.5,16.0,40.0,2019.8333333333333,129.77777777777777,51.476111111111116,48.531666666666666,13.11,1.926111111111111,71.26222222222222,26.810555555555553,0.0,40.688399,-73.920603,11221.0,General Academic,High school,Williamsburg - Bushwick,11221
76K498,BROOKLYN HIGH SCHOOL FOR LAW AND TECHNOLOGY,living_environment,58.81666666666666,3.0,40.0,6.0,49.0,22.0,9.5,6.6,55.0,18.0,13.2,7.300000000000001,45.0,,,11.0,27.5,7.0,17.5,16.0,40.0,2019.8333333333333,129.77777777777777,51.476111111111116,48.531666666666666,13.11,1.926111111111111,71.26222222222222,26.810555555555553,0.0,40.688399,-73.920603,11221.0,General Academic,High school,Williamsburg - Bushwick,11221
76K519,COBBLE HILL SCHOOL OF AMERICAN STUDIES,common_core_algebra,56.35999999999999,2.0,26.0,9.0,37.0,12.0,14.0,6.6,46.15384615,14.0,11.5,6.8,53.84615385,,,8.0,30.769230769999997,,,12.0,46.15384615,2019.8333333333333,139.61111111111111,56.138333333333335,43.864444444444445,11.284444444444444,2.1038888888888887,60.31222222222223,37.007777777777775,0.5766666666666667,40.684869,-73.990884,11201.0,General Academic,High school,Downtown - Heights - Park Slope,11201
76K519,COBBLE HILL SCHOOL OF AMERICAN STUDIES,common_core_english,64.83166666666666,2.0,26.0,9.0,37.0,12.0,14.0,6.6,46.15384615,14.0,11.5,6.8,53.84615385,,,8.0,30.769230769999997,,,12.0,46.15384615,2019.8333333333333,139.61111111111111,56.138333333333335,43.864444444444445,11.284444444444444,2.1038888888888887,60.31222222222223,37.007777777777775,0.5766666666666667,40.684869,-73.990884,11201.0,General Academic,High school,Downtown - Heights - Park Slope,11201
76K519,COBBLE HILL SCHOOL OF AMERICAN STUDIES,living_environment,56.28,2.0,26.0,9.0,37.0,12.0,14.0,6.6,46.15384615,14.0,11.5,6.8,53.84615385,,,8.0,30.769230769999997,,,12.0,46.15384615,2019.8333333333333,139.61111111111111,56.138333333333335,43.864444444444445,11.284444444444444,2.1038888888888887,60.31222222222223,37.007777777777775,0.5766666666666667,40.684869,-73.990884,11201.0,General Academic,High school,Downtown - Heights - Park Slope,11201
76K527,URBAN ASSEMBLY INSTITUTE OF MATH AND SCIENCE FOR Y,common_core_algebra,60.56666666666666,2.0,37.0,13.0,52.0,6.0,4.1,4.0,16.21621622,31.0,7.0,3.6,83.78378378,,,9.0,24.32432432,,,20.0,54.05405405,2019.8235294117646,95.6470588235294,53.47411764705882,46.52588235294118,12.394705882352941,3.5741176470588236,65.57352941176471,12.506470588235295,18.34705882352941,40.694629,-73.988323,11201.0,General Academic,High school,Downtown - Heights - Park Slope,11201
76K527,URBAN ASSEMBLY INSTITUTE OF MATH AND SCIENCE FOR Y,common_core_english,64.91333333333333,2.0,37.0,13.0,52.0,6.0,4.1,4.0,16.21621622,31.0,7.0,3.6,83.78378378,,,9.0,24.32432432,,,20.0,54.05405405,2019.8235294117646,95.6470588235294,53.47411764705882,46.52588235294118,12.394705882352941,3.5741176470588236,65.57352941176471,12.506470588235295,18.34705882352941,40.694629,-73.988323,11201.0,General Academic,High school,Downtown - Heights - Park Slope,11201
76K527,URBAN ASSEMBLY INSTITUTE OF MATH AND SCIENCE FOR Y,living_environment,57.998000000000005,2.0,37.0,13.0,52.0,6.0,4.1,4.0,16.21621622,31.0,7.0,3.6,83.78378378,,,9.0,24.32432432,,,20.0,54.05405405,2019.8235294117646,95.6470588235294,53.47411764705882,46.52588235294118,12.394705882352941,3.5741176470588236,65.57352941176471,12.506470588235295,18.34705882352941,40.694629,-73.988323,11201.0,General Academic,High school,Downtown - Heights - Park Slope,11201
76K529,WEST BROOKLYN COMMUNITY HIGH SCHOOL,common_core_algebra,60.712,1.0,16.0,3.0,20.0,9.0,12.9,6.8,56.25,7.0,10.4,6.0,43.75,,,7.0,43.75,,,6.0,37.5,2019.5625,29.5,53.235625,46.764375,12.443125,0.0,24.685625,75.314375,0.0,40.677968,-74.014363,11238.5,Transfer School,High school,Downtown - Heights - Park Slope,11231
76K529,WEST BROOKLYN COMMUNITY HIGH SCHOOL,common_core_english,65.09833333333333,1.0,16.0,3.0,20.0,9.0,12.9,6.8,56.25,7.0,10.4,6.0,43.75,,,7.0,43.75,,,6.0,37.5,2019.5625,29.5,53.235625,46.764375,12.443125,0.0,24.685625,75.314375,0.0,40.677968,-74.014363,11238.5,Transfer School,High school,Downtown - Heights - Park Slope,11231
76K529,WEST BROOKLYN COMMUNITY HIGH SCHOOL,living_environment,60.086,1.0,16.0,3.0,20.0,9.0,12.9,6.8,56.25,7.0,10.4,6.0,43.75,,,7.0,43.75,,,6.0,37.5,2019.5625,29.5,53.235625,46.764375,12.443125,0.0,24.685625,75.314375,0.0,40.677968,-74.014363,11238.5,Transfer School,High school,Downtown - Heights - Park Slope,11231
76K558,WILLIAMSBURG HIGH SCHOOL FOR ARCHITECTURE AND DESI,common_core_algebra,68.29833333333333,4.0,34.0,11.0,49.0,14.0,11.8,9.1,41.17647059,20.0,10.5,8.5,58.82352941,,,7.0,20.58823529,7.0,20.58823529,19.0,55.88235294,2019.7058823529412,126.94117647058823,23.322352941176472,76.67764705882352,27.813529411764705,0.0,28.799999999999997,66.81764705882354,4.380588235294118,40.715561,-73.954815,11211.0,Career Technical,High school,Greenpoint,11211
76K558,WILLIAMSBURG HIGH SCHOOL FOR ARCHITECTURE AND DESI,common_core_english,78.404,4.0,34.0,11.0,49.0,14.0,11.8,9.1,41.17647059,20.0,10.5,8.5,58.82352941,,,7.0,20.58823529,7.0,20.58823529,19.0,55.88235294,2019.7058823529412,126.94117647058823,23.322352941176472,76.67764705882352,27.813529411764705,0.0,28.799999999999997,66.81764705882354,4.380588235294118,40.715561,-73.954815,11211.0,Career Technical,High school,Greenpoint,11211
76K558,WILLIAMSBURG HIGH SCHOOL FOR ARCHITECTURE AND DESI,living_environment,68.89333333333333,4.0,34.0,11.0,49.0,14.0,11.8,9.1,41.17647059,20.0,10.5,8.5,58.82352941,,,7.0,20.58823529,7.0,20.58823529,19.0,55.88235294,2019.7058823529412,126.94117647058823,23.322352941176472,76.67764705882352,27.813529411764705,0.0,28.799999999999997,66.81764705882354,4.380588235294118,40.715561,-73.954815,11211.0,Career Technical,High school,Greenpoint,11211
76K559,LIFE ACADEMY HIGH SCHOOL FOR FILM AND MUSIC,common_core_algebra,63.59166666666667,2.0,17.0,4.0,23.0,8.0,16.8,9.5,47.05882353,9.0,10.4,6.3,52.94117647,,,,,,,9.0,52.94117647,2019.8333333333333,77.27777777777777,45.07944444444445,54.92333333333333,15.43388888888889,7.41,30.487777777777776,45.452777777777776,16.648333333333333,40.593028,-73.986313,11214.0,General Academic,High school,Bensonhurst - Bay Ridge,11214
76K559,LIFE ACADEMY HIGH SCHOOL FOR FILM AND MUSIC,common_core_english,66.83333333333333,2.0,17.0,4.0,23.0,8.0,16.8,9.5,47.05882353,9.0,10.4,6.3,52.94117647,,,,,,,9.0,52.94117647,2019.8333333333333,77.27777777777777,45.07944444444445,54.92333333333333,15.43388888888889,7.41,30.487777777777776,45.452777777777776,16.648333333333333,40.593028,-73.986313,11214.0,General Academic,High school,Bensonhurst - Bay Ridge,11214
76K559,LIFE ACADEMY HIGH SCHOOL FOR FILM AND MUSIC,living_environment,57.35166666666667,2.0,17.0,4.0,23.0,8.0,16.8,9.5,47.05882353,9.0,10.4,6.3,52.94117647,,,,,,,9.0,52.94117647,2019.8333333333333,77.27777777777777,45.07944444444445,54.92333333333333,15.43388888888889,7.41,30.487777777777776,45.452777777777776,16.648333333333333,40.593028,-73.986313,11214.0,General Academic,High school,Bensonhurst - Bay Ridge,11214
76K561,WILLIAMSBURG PREPARATORY SCHOOL,common_core_algebra,66.78833333333334,4.0,53.0,12.0,69.0,20.0,10.6,6.6,37.73584906,33.0,8.2,4.6,62.26415094,,,8.0,15.094339619999998,9.0,16.98113208,35.0,66.03773585,2019.8947368421052,143.05263157894737,35.75684210526316,64.24368421052633,26.74684210526316,1.361578947368421,16.23,78.53263157894736,3.8731578947368424,40.715561,-73.954815,11211.0,General Academic,High school,Greenpoint,11211
76K561,WILLIAMSBURG PREPARATORY SCHOOL,common_core_english,76.39666666666666,4.0,53.0,12.0,69.0,20.0,10.6,6.6,37.73584906,33.0,8.2,4.6,62.26415094,,,8.0,15.094339619999998,9.0,16.98113208,35.0,66.03773585,2019.8947368421052,143.05263157894737,35.75684210526316,64.24368421052633,26.74684210526316,1.361578947368421,16.23,78.53263157894736,3.8731578947368424,40.715561,-73.954815,11211.0,General Academic,High school,Greenpoint,11211
76K561,WILLIAMSBURG PREPARATORY SCHOOL,living_environment,63.46857142857142,4.0,53.0,12.0,69.0,20.0,10.6,6.6,37.73584906,33.0,8.2,4.6,62.26415094,,,8.0,15.094339619999998,9.0,16.98113208,35.0,66.03773585,2019.8947368421052,143.05263157894737,35.75684210526316,64.24368421052633,26.74684210526316,1.361578947368421,16.23,78.53263157894736,3.8731578947368424,40.715561,-73.954815,11211.0,General Academic,High school,Greenpoint,11211
76K568,BROWNSVILLE ACADEMY HIGH SCHOOL,common_core_algebra,58.300000000000004,2.0,6.0,4.0,12.0,,,,,,,,,,,,,,,,,2019.1,34.0,60.211,39.789,7.786999999999999,0.0,93.753,6.247,0.0,40.666251,-73.923881,11212.0,Transfer School,High school,Bedford Stuyvesant - Crown Heights,11212
76K568,BROWNSVILLE ACADEMY HIGH SCHOOL,common_core_english,59.898,2.0,6.0,4.0,12.0,,,,,,,,,,,,,,,,,2019.1,34.0,60.211,39.789,7.786999999999999,0.0,93.753,6.247,0.0,40.666251,-73.923881,11212.0,Transfer School,High school,Bedford Stuyvesant - Crown Heights,11212
76K568,BROWNSVILLE ACADEMY HIGH SCHOOL,living_environment,59.41,2.0,6.0,4.0,12.0,,,,,,,,,,,,,,,,,2019.1,34.0,60.211,39.789,7.786999999999999,0.0,93.753,6.247,0.0,40.666251,-73.923881,11212.0,Transfer School,High school,Bedford Stuyvesant - Crown Heights,11212
76K572,LEADERS HIGH SCHOOL,common_core_english,71.035,3.0,30.0,12.0,45.0,11.0,9.6,6.400000000000001,36.66666667,19.0,7.099999999999999,4.3,63.333333329999995,,,5.0,16.66666667,,,16.0,53.333333329999995,2019.8333333333333,91.0,24.863333333333333,75.13666666666667,32.67166666666667,1.1500000000000001,35.38166666666667,63.468333333333334,0.0,40.743407,-74.00254,10011.0,General Academic,High school,Chelsea - Clinton,10011
76K605,GEORGE WESTINGHOUSE CAREER AND TECHNICAL EDUCATION,common_core_algebra,59.71142857142858,5.0,53.0,18.0,76.0,28.0,9.7,6.799999999999999,52.830188680000006,25.0,10.2,7.1,47.16981132,,,15.0,28.301886789999998,5.0,9.433962264,25.0,47.16981132,2020.0,189.76190476190476,53.728095238095236,46.271904761904764,12.379523809523809,2.7666666666666666,71.01857142857143,25.966190476190473,0.24857142857142855,40.695444,-73.986105,11201.0,Career Technical,High school,Downtown - Heights - Park Slope,11201
76K605,GEORGE WESTINGHOUSE CAREER AND TECHNICAL EDUCATION,common_core_english,65.16142857142857,5.0,53.0,18.0,76.0,28.0,9.7,6.799999999999999,52.830188680000006,25.0,10.2,7.1,47.16981132,,,15.0,28.301886789999998,5.0,9.433962264,25.0,47.16981132,2020.0,189.76190476190476,53.728095238095236,46.271904761904764,12.379523809523809,2.7666666666666666,71.01857142857143,25.966190476190473,0.24857142857142855,40.695444,-73.986105,11201.0,Career Technical,High school,Downtown - Heights - Park Slope,11201
76K605,GEORGE WESTINGHOUSE CAREER AND TECHNICAL EDUCATION,living_environment,57.33857142857143,5.0,53.0,18.0,76.0,28.0,9.7,6.799999999999999,52.830188680000006,25.0,10.2,7.1,47.16981132,,,15.0,28.301886789999998,5.0,9.433962264,25.0,47.16981132,2020.0,189.76190476190476,53.728095238095236,46.271904761904764,12.379523809523809,2.7666666666666666,71.01857142857143,25.966190476190473,0.24857142857142855,40.695444,-73.986105,11201.0,Career Technical,High school,Downtown - Heights - Park Slope,11201
76K609,URBAN ASSEMBLY SCHOOL FOR LEADERSHIP AND EMPOWERME,common_core_algebra,68.31166666666667,3.0,48.0,9.0,60.0,12.0,6.8,4.1,25.0,36.0,9.4,5.0,75.0,,,,,11.0,22.91666667,29.0,60.41666666999999,2019.8947368421052,90.52631578947368,29.63736842105263,70.36368421052632,35.67,58.03736842105263,7.210000000000001,18.879473684210524,15.87421052631579,40.63497525,-73.98180529,11219.0,General Academic,High school,Borough Park,11219
76K609,URBAN ASSEMBLY SCHOOL FOR LEADERSHIP AND EMPOWERME,common_core_english,75.56166666666667,3.0,48.0,9.0,60.0,12.0,6.8,4.1,25.0,36.0,9.4,5.0,75.0,,,,,11.0,22.91666667,29.0,60.41666666999999,2019.8947368421052,90.52631578947368,29.63736842105263,70.36368421052632,35.67,58.03736842105263,7.210000000000001,18.879473684210524,15.87421052631579,40.63497525,-73.98180529,11219.0,General Academic,High school,Borough Park,11219
76K609,URBAN ASSEMBLY SCHOOL FOR LEADERSHIP AND EMPOWERME,living_environment,68.85857142857142,3.0,48.0,9.0,60.0,12.0,6.8,4.1,25.0,36.0,9.4,5.0,75.0,,,,,11.0,22.91666667,29.0,60.41666666999999,2019.8947368421052,90.52631578947368,29.63736842105263,70.36368421052632,35.67,58.03736842105263,7.210000000000001,18.879473684210524,15.87421052631579,40.63497525,-73.98180529,11219.0,General Academic,High school,Borough Park,11219
76K610,A-TECH HIGH SCHOOL,common_core_algebra,61.54,4.0,36.0,11.0,51.0,18.0,11.3,4.9,50.0,18.0,9.1,4.0,50.0,,,15.0,41.66666667,6.0,16.66666667,12.0,33.33333333,2019.7058823529412,108.47058823529412,43.21,56.792352941176475,11.975882352941177,0.5541176470588235,48.4264705882353,50.40823529411765,0.611764705882353,40.721448,-73.953328,11222.0,Career Technical,High school,Greenpoint,11222
76K610,A-TECH HIGH SCHOOL,common_core_english,65.208,4.0,36.0,11.0,51.0,18.0,11.3,4.9,50.0,18.0,9.1,4.0,50.0,,,15.0,41.66666667,6.0,16.66666667,12.0,33.33333333,2019.7058823529412,108.47058823529412,43.21,56.792352941176475,11.975882352941177,0.5541176470588235,48.4264705882353,50.40823529411765,0.611764705882353,40.721448,-73.953328,11222.0,Career Technical,High school,Greenpoint,11222
76K610,A-TECH HIGH SCHOOL,living_environment,63.873333333333335,4.0,36.0,11.0,51.0,18.0,11.3,4.9,50.0,18.0,9.1,4.0,50.0,,,15.0,41.66666667,6.0,16.66666667,12.0,33.33333333,2019.7058823529412,108.47058823529412,43.21,56.792352941176475,11.975882352941177,0.5541176470588235,48.4264705882353,50.40823529411765,0.611764705882353,40.721448,-73.953328,11222.0,Career Technical,High school,Greenpoint,11222
76K620,WILLIAM E. GRADY CAREER AND TECHNICAL EDUCATION HI,common_core_algebra,59.675000000000004,5.0,51.0,20.0,76.0,18.0,15.0,12.8,35.29411765,33.0,9.8,7.3,64.70588235,8.0,15.686274509999999,13.0,25.49019608,5.0,9.803921569,23.0,45.09803922,2019.8235294117646,127.17647058823529,52.59882352941177,47.40470588235294,10.335294117647058,3.1611764705882353,55.040000000000006,26.818823529411766,14.979411764705883,40.583263,-73.963764,11235.0,Career Technical,High school,Coney Island - Sheepshead Bay ,11235
76K620,WILLIAM E. GRADY CAREER AND TECHNICAL EDUCATION HI,common_core_english,64.90833333333335,5.0,51.0,20.0,76.0,18.0,15.0,12.8,35.29411765,33.0,9.8,7.3,64.70588235,8.0,15.686274509999999,13.0,25.49019608,5.0,9.803921569,23.0,45.09803922,2019.8235294117646,127.17647058823529,52.59882352941177,47.40470588235294,10.335294117647058,3.1611764705882353,55.040000000000006,26.818823529411766,14.979411764705883,40.583263,-73.963764,11235.0,Career Technical,High school,Coney Island - Sheepshead Bay ,11235
76K620,WILLIAM E. GRADY CAREER AND TECHNICAL EDUCATION HI,living_environment,60.35799999999999,5.0,51.0,20.0,76.0,18.0,15.0,12.8,35.29411765,33.0,9.8,7.3,64.70588235,8.0,15.686274509999999,13.0,25.49019608,5.0,9.803921569,23.0,45.09803922,2019.8235294117646,127.17647058823529,52.59882352941177,47.40470588235294,10.335294117647058,3.1611764705882353,55.040000000000006,26.818823529411766,14.979411764705883,40.583263,-73.963764,11235.0,Career Technical,High school,Coney Island - Sheepshead Bay ,11235
76K656,BROOKLYN HIGH SCHOOL OF THE ARTS,common_core_algebra,64.04666666666667,4.0,67.0,12.0,83.0,24.0,12.4,8.0,35.82089552,43.0,9.6,7.0,64.17910448,5.0,7.462686567000001,16.0,23.88059701,8.0,11.94029851,36.0,53.73134328,2019.8333333333333,215.55555555555554,34.46611111111111,65.53666666666668,26.070555555555554,3.102222222222222,65.71277777777777,25.225555555555555,5.96,40.683951,-73.980266,11217.0,General Academic,High school,Downtown - Heights - Park Slope,11217
76K656,BROOKLYN HIGH SCHOOL OF THE ARTS,common_core_english,76.33833333333332,4.0,67.0,12.0,83.0,24.0,12.4,8.0,35.82089552,43.0,9.6,7.0,64.17910448,5.0,7.462686567000001,16.0,23.88059701,8.0,11.94029851,36.0,53.73134328,2019.8333333333333,215.55555555555554,34.46611111111111,65.53666666666668,26.070555555555554,3.102222222222222,65.71277777777777,25.225555555555555,5.96,40.683951,-73.980266,11217.0,General Academic,High school,Downtown - Heights - Park Slope,11217
76K656,BROOKLYN HIGH SCHOOL OF THE ARTS,living_environment,65.44666666666667,4.0,67.0,12.0,83.0,24.0,12.4,8.0,35.82089552,43.0,9.6,7.0,64.17910448,5.0,7.462686567000001,16.0,23.88059701,8.0,11.94029851,36.0,53.73134328,2019.8333333333333,215.55555555555554,34.46611111111111,65.53666666666668,26.070555555555554,3.102222222222222,65.71277777777777,25.225555555555555,5.96,40.683951,-73.980266,11217.0,General Academic,High school,Downtown - Heights - Park Slope,11217
76K669,RESEARCH AND SERVICE HIGH SCHOOL,common_core_algebra,58.58200000000001,3.0,16.0,3.0,22.0,7.0,9.7,5.2,43.75,9.0,12.0,3.6,56.25,,,11.0,68.75,,,,,2019.7058823529412,60.529411764705884,63.44823529411764,36.55352941176471,5.159411764705882,0.0,87.96764705882353,12.032352941176471,0.0,40.678478,-73.931604,11213.0,Transfer School,High school,Bedford Stuyvesant - Crown Heights,11213
76K669,RESEARCH AND SERVICE HIGH SCHOOL,common_core_english,59.11166666666667,3.0,16.0,3.0,22.0,7.0,9.7,5.2,43.75,9.0,12.0,3.6,56.25,,,11.0,68.75,,,,,2019.7058823529412,60.529411764705884,63.44823529411764,36.55352941176471,5.159411764705882,0.0,87.96764705882353,12.032352941176471,0.0,40.678478,-73.931604,11213.0,Transfer School,High school,Bedford Stuyvesant - Crown Heights,11213
76K669,RESEARCH AND SERVICE HIGH SCHOOL,living_environment,55.43333333333334,3.0,16.0,3.0,22.0,7.0,9.7,5.2,43.75,9.0,12.0,3.6,56.25,,,11.0,68.75,,,,,2019.7058823529412,60.529411764705884,63.44823529411764,36.55352941176471,5.159411764705882,0.0,87.96764705882353,12.032352941176471,0.0,40.678478,-73.931604,11213.0,Transfer School,High school,Bedford Stuyvesant - Crown Heights,11213
76K673,EAST BROOKLYN COMMUNITY HIGH SCHOOL,common_core_algebra,60.712,2.0,18.0,4.0,24.0,7.0,13.4,7.5,38.88888889,11.0,10.3,7.4,61.11111111,,,,,,,11.0,61.11111111,2019.5625,29.5,53.235625,46.764375,12.443125,0.0,24.685625,75.314375,0.0,40.677968,-74.014363,11238.5,Transfer School,High school,Downtown - Heights - Park Slope,11231
76K673,EAST BROOKLYN COMMUNITY HIGH SCHOOL,common_core_english,65.09833333333333,2.0,18.0,4.0,24.0,7.0,13.4,7.5,38.88888889,11.0,10.3,7.4,61.11111111,,,,,,,11.0,61.11111111,2019.5625,29.5,53.235625,46.764375,12.443125,0.0,24.685625,75.314375,0.0,40.677968,-74.014363,11238.5,Transfer School,High school,Downtown - Heights - Park Slope,11231
76K673,EAST BROOKLYN COMMUNITY HIGH SCHOOL,living_environment,60.086,2.0,18.0,4.0,24.0,7.0,13.4,7.5,38.88888889,11.0,10.3,7.4,61.11111111,,,,,,,11.0,61.11111111,2019.5625,29.5,53.235625,46.764375,12.443125,0.0,24.685625,75.314375,0.0,40.677968,-74.014363,11238.5,Transfer School,High school,Downtown - Heights - Park Slope,11231
76K688,THE BROOKLYN ACADEMY OF GLOBAL FINANCE,common_core_algebra,52.79333333333333,2.0,17.0,4.0,23.0,6.0,6.4,2.1,35.29411765,11.0,10.2,4.0,64.70588235,,,8.0,47.05882353,,,5.0,29.41176471,2019.8333333333333,44.44444444444444,72.05777777777777,27.94222222222222,5.386111111111111,2.546111111111111,74.27888888888889,23.174999999999997,0.0,40.691467,-73.932254,11221.0,General Academic,High school,Williamsburg - Bushwick,11221
76K688,THE BROOKLYN ACADEMY OF GLOBAL FINANCE,common_core_english,53.71666666666667,2.0,17.0,4.0,23.0,6.0,6.4,2.1,35.29411765,11.0,10.2,4.0,64.70588235,,,8.0,47.05882353,,,5.0,29.41176471,2019.8333333333333,44.44444444444444,72.05777777777777,27.94222222222222,5.386111111111111,2.546111111111111,74.27888888888889,23.174999999999997,0.0,40.691467,-73.932254,11221.0,General Academic,High school,Williamsburg - Bushwick,11221
76K688,THE BROOKLYN ACADEMY OF GLOBAL FINANCE,living_environment,51.965,2.0,17.0,4.0,23.0,6.0,6.4,2.1,35.29411765,11.0,10.2,4.0,64.70588235,,,8.0,47.05882353,,,5.0,29.41176471,2019.8333333333333,44.44444444444444,72.05777777777777,27.94222222222222,5.386111111111111,2.546111111111111,74.27888888888889,23.174999999999997,0.0,40.691467,-73.932254,11221.0,General Academic,High school,Williamsburg - Bushwick,11221
76K698,SOUTH BROOKLYN COMMUNITY HIGH SCHOOL,common_core_algebra,60.712,3.0,12.0,7.0,22.0,,,,,,,,,,,,,,,7.0,58.33333333,2019.5625,29.5,53.235625,46.764375,12.443125,0.0,24.685625,75.314375,0.0,40.677968,-74.014363,11238.5,Transfer School,High school,Downtown - Heights - Park Slope,11231
76K698,SOUTH BROOKLYN COMMUNITY HIGH SCHOOL,common_core_english,65.09833333333333,3.0,12.0,7.0,22.0,,,,,,,,,,,,,,,7.0,58.33333333,2019.5625,29.5,53.235625,46.764375,12.443125,0.0,24.685625,75.314375,0.0,40.677968,-74.014363,11238.5,Transfer School,High school,Downtown - Heights - Park Slope,11231
76K698,SOUTH BROOKLYN COMMUNITY HIGH SCHOOL,living_environment,60.086,3.0,12.0,7.0,22.0,,,,,,,,,,,,,,,7.0,58.33333333,2019.5625,29.5,53.235625,46.764375,12.443125,0.0,24.685625,75.314375,0.0,40.677968,-74.014363,11238.5,Transfer School,High school,Downtown - Heights - Park Slope,11231
76K728,LIBERATION DIPLOMA PLUS,common_core_algebra,54.67999999999999,2.0,14.0,6.0,22.0,7.0,12.0,5.4,50.0,7.0,15.2,8.4,50.0,,,7.0,50.0,,,,,2019.5625,37.4375,64.52312500000001,35.480000000000004,6.0175,0.0,59.695625,37.720625,2.583125,40.576976,-73.985413,11224.0,Transfer School,High school,Coney Island - Sheepshead Bay ,11224
76K728,LIBERATION DIPLOMA PLUS,common_core_english,61.69333333333333,2.0,14.0,6.0,22.0,7.0,12.0,5.4,50.0,7.0,15.2,8.4,50.0,,,7.0,50.0,,,,,2019.5625,37.4375,64.52312500000001,35.480000000000004,6.0175,0.0,59.695625,37.720625,2.583125,40.576976,-73.985413,11224.0,Transfer School,High school,Coney Island - Sheepshead Bay ,11224
76K728,LIBERATION DIPLOMA PLUS,living_environment,57.105999999999995,2.0,14.0,6.0,22.0,7.0,12.0,5.4,50.0,7.0,15.2,8.4,50.0,,,7.0,50.0,,,,,2019.5625,37.4375,64.52312500000001,35.480000000000004,6.0175,0.0,59.695625,37.720625,2.583125,40.576976,-73.985413,11224.0,Transfer School,High school,Coney Island - Sheepshead Bay ,11224
76R047,CSI HIGH SCHOOL FOR INTERNATIONAL STUDIES,common_core_algebra,77.09,3.0,26.0,14.0,43.0,8.0,13.6,10.5,30.76923077,18.0,15.6,11.7,69.23076923,,,,,,,21.0,80.76923077,2019.6666666666667,93.26666666666667,6.954666666666666,93.04533333333333,69.94866666666667,20.221999999999998,1.3013333333333332,26.398666666666667,52.077999999999996,40.581958,-74.159343,10314.0,General Academic,High school,Willowbrook,10314
76R047,CSI HIGH SCHOOL FOR INTERNATIONAL STUDIES,common_core_english,89.23400000000001,3.0,26.0,14.0,43.0,8.0,13.6,10.5,30.76923077,18.0,15.6,11.7,69.23076923,,,,,,,21.0,80.76923077,2019.6666666666667,93.26666666666667,6.954666666666666,93.04533333333333,69.94866666666667,20.221999999999998,1.3013333333333332,26.398666666666667,52.077999999999996,40.581958,-74.159343,10314.0,General Academic,High school,Willowbrook,10314
76R047,CSI HIGH SCHOOL FOR INTERNATIONAL STUDIES,living_environment,81.404,3.0,26.0,14.0,43.0,8.0,13.6,10.5,30.76923077,18.0,15.6,11.7,69.23076923,,,,,,,21.0,80.76923077,2019.6666666666667,93.26666666666667,6.954666666666666,93.04533333333333,69.94866666666667,20.221999999999998,1.3013333333333332,26.398666666666667,52.077999999999996,40.581958,-74.159343,10314.0,General Academic,High school,Willowbrook,10314
76R064,GAYNOR MCCOWN EXPEDITIONARY LEARNING SCHOOL,common_core_algebra,67.664,3.0,32.0,11.0,46.0,13.0,11.2,8.4,40.625,19.0,12.3,9.5,59.375,,,,,,,27.0,84.375,2019.6875,93.0,27.021875,72.985,38.81375,4.541875,3.265625,25.241875,66.95,40.581958,-74.159343,10314.0,General Academic,High school,Willowbrook,10314
76R064,GAYNOR MCCOWN EXPEDITIONARY LEARNING SCHOOL,common_core_english,82.22,3.0,32.0,11.0,46.0,13.0,11.2,8.4,40.625,19.0,12.3,9.5,59.375,,,,,,,27.0,84.375,2019.6875,93.0,27.021875,72.985,38.81375,4.541875,3.265625,25.241875,66.95,40.581958,-74.159343,10314.0,General Academic,High school,Willowbrook,10314
76R064,GAYNOR MCCOWN EXPEDITIONARY LEARNING SCHOOL,living_environment,67.35333333333334,3.0,32.0,11.0,46.0,13.0,11.2,8.4,40.625,19.0,12.3,9.5,59.375,,,,,,,27.0,84.375,2019.6875,93.0,27.021875,72.985,38.81375,4.541875,3.265625,25.241875,66.95,40.581958,-74.159343,10314.0,General Academic,High school,Willowbrook,10314
76R440,NEW DORP HIGH SCHOOL,common_core_algebra,64.545,13.0,209.0,101.0,323.0,89.0,11.2,9.4,42.58373206,120.0,9.4,8.2,57.41626794,9.0,4.306220096,,,14.0,6.698564593,169.0,80.86124402,2019.8333333333333,662.9444444444445,34.69444444444444,65.30777777777777,31.555,11.702222222222224,10.697222222222223,30.695555555555554,46.904444444444444,40.570909,-74.105878,10306.0,General Academic,High school,South Beach - Tottenville ,10306
76R440,NEW DORP HIGH SCHOOL,common_core_english,72.42,13.0,209.0,101.0,323.0,89.0,11.2,9.4,42.58373206,120.0,9.4,8.2,57.41626794,9.0,4.306220096,,,14.0,6.698564593,169.0,80.86124402,2019.8333333333333,662.9444444444445,34.69444444444444,65.30777777777777,31.555,11.702222222222224,10.697222222222223,30.695555555555554,46.904444444444444,40.570909,-74.105878,10306.0,General Academic,High school,South Beach - Tottenville ,10306
76R440,NEW DORP HIGH SCHOOL,living_environment,68.57166666666667,13.0,209.0,101.0,323.0,89.0,11.2,9.4,42.58373206,120.0,9.4,8.2,57.41626794,9.0,4.306220096,,,14.0,6.698564593,169.0,80.86124402,2019.8333333333333,662.9444444444445,34.69444444444444,65.30777777777777,31.555,11.702222222222224,10.697222222222223,30.695555555555554,46.904444444444444,40.570909,-74.105878,10306.0,General Academic,High school,South Beach - Tottenville ,10306
76R445,PORT RICHMOND HIGH SCHOOL,common_core_algebra,60.75833333333333,10.0,128.0,47.0,185.0,47.0,13.0,9.4,36.71875,81.0,9.6,7.199999999999999,63.28125,,,8.0,6.25,20.0,15.625,94.0,73.4375,2019.8333333333333,442.72222222222223,48.903888888888886,51.09777777777778,16.95888888888889,6.419444444444444,23.135,52.805,17.641111111111112,40.635562,-74.141924,10302.0,General Academic,High school,Port Richmond,10302
76R445,PORT RICHMOND HIGH SCHOOL,common_core_english,64.83166666666666,10.0,128.0,47.0,185.0,47.0,13.0,9.4,36.71875,81.0,9.6,7.199999999999999,63.28125,,,8.0,6.25,20.0,15.625,94.0,73.4375,2019.8333333333333,442.72222222222223,48.903888888888886,51.09777777777778,16.95888888888889,6.419444444444444,23.135,52.805,17.641111111111112,40.635562,-74.141924,10302.0,General Academic,High school,Port Richmond,10302
76R445,PORT RICHMOND HIGH SCHOOL,living_environment,60.85333333333333,10.0,128.0,47.0,185.0,47.0,13.0,9.4,36.71875,81.0,9.6,7.199999999999999,63.28125,,,8.0,6.25,20.0,15.625,94.0,73.4375,2019.8333333333333,442.72222222222223,48.903888888888886,51.09777777777778,16.95888888888889,6.419444444444444,23.135,52.805,17.641111111111112,40.635562,-74.141924,10302.0,General Academic,High school,Port Richmond,10302
76R450,CURTIS HIGH SCHOOL,common_core_algebra,60.771428571428565,13.0,141.0,33.0,187.0,46.0,16.2,13.7,32.62411348,95.0,12.599999999999998,10.8,67.37588652,,,14.0,9.929078014,24.0,17.0212766,97.0,68.79432624,2020.0,505.42857142857144,45.71619047619048,54.28380952380952,18.912857142857142,4.67047619047619,37.18047619047619,48.55761904761905,9.591904761904763,40.645436,-74.082149,10301.0,General Academic,High school,Stapleton - St. George,10301
76R450,CURTIS HIGH SCHOOL,common_core_english,69.85,13.0,141.0,33.0,187.0,46.0,16.2,13.7,32.62411348,95.0,12.599999999999998,10.8,67.37588652,,,14.0,9.929078014,24.0,17.0212766,97.0,68.79432624,2020.0,505.42857142857144,45.71619047619048,54.28380952380952,18.912857142857142,4.67047619047619,37.18047619047619,48.55761904761905,9.591904761904763,40.645436,-74.082149,10301.0,General Academic,High school,Stapleton - St. George,10301
76R450,CURTIS HIGH SCHOOL,living_environment,62.02285714285714,13.0,141.0,33.0,187.0,46.0,16.2,13.7,32.62411348,95.0,12.599999999999998,10.8,67.37588652,,,14.0,9.929078014,24.0,17.0212766,97.0,68.79432624,2020.0,505.42857142857144,45.71619047619048,54.28380952380952,18.912857142857142,4.67047619047619,37.18047619047619,48.55761904761905,9.591904761904763,40.645436,-74.082149,10301.0,General Academic,High school,Stapleton - St. George,10301
76R455,TOTTENVILLE HIGH SCHOOL,common_core_algebra,66.74428571428572,13.0,230.0,130.0,373.0,81.0,13.6,10.9,35.2173913,149.0,11.9,9.2,64.7826087,5.0,2.173913043,,,20.0,8.695652174,195.0,84.7826087,2019.95,684.25,30.740500000000004,69.2595,35.1275,8.243,1.4745000000000001,16.145500000000002,74.136,40.528152,-74.193431,10312.0,General Academic,High school,South Beach - Tottenville ,10312
76R455,TOTTENVILLE HIGH SCHOOL,common_core_english,78.485,13.0,230.0,130.0,373.0,81.0,13.6,10.9,35.2173913,149.0,11.9,9.2,64.7826087,5.0,2.173913043,,,20.0,8.695652174,195.0,84.7826087,2019.95,684.25,30.740500000000004,69.2595,35.1275,8.243,1.4745000000000001,16.145500000000002,74.136,40.528152,-74.193431,10312.0,General Academic,High school,South Beach - Tottenville ,10312
76R455,TOTTENVILLE HIGH SCHOOL,living_environment,67.61142857142858,13.0,230.0,130.0,373.0,81.0,13.6,10.9,35.2173913,149.0,11.9,9.2,64.7826087,5.0,2.173913043,,,20.0,8.695652174,195.0,84.7826087,2019.95,684.25,30.740500000000004,69.2595,35.1275,8.243,1.4745000000000001,16.145500000000002,74.136,40.528152,-74.193431,10312.0,General Academic,High school,South Beach - Tottenville ,10312
76R460,SUSAN E. WAGNER HIGH SCHOOL,common_core_algebra,62.09166666666667,14.0,184.0,129.0,327.0,74.0,13.8,11.3,40.2173913,110.0,11.4,9.4,59.7826087,5.0,2.717391304,,,26.0,14.13043478,140.0,76.08695652,2019.8333333333333,655.6666666666666,34.88388888888889,65.11666666666666,33.685,13.202222222222222,11.777222222222223,35.92611111111111,39.096666666666664,40.588985,-74.130819,10314.0,General Academic,High school,Willowbrook,10314
76R460,SUSAN E. WAGNER HIGH SCHOOL,common_core_english,79.66000000000001,14.0,184.0,129.0,327.0,74.0,13.8,11.3,40.2173913,110.0,11.4,9.4,59.7826087,5.0,2.717391304,,,26.0,14.13043478,140.0,76.08695652,2019.8333333333333,655.6666666666666,34.88388888888889,65.11666666666666,33.685,13.202222222222222,11.777222222222223,35.92611111111111,39.096666666666664,40.588985,-74.130819,10314.0,General Academic,High school,Willowbrook,10314
76R460,SUSAN E. WAGNER HIGH SCHOOL,living_environment,67.32666666666667,14.0,184.0,129.0,327.0,74.0,13.8,11.3,40.2173913,110.0,11.4,9.4,59.7826087,5.0,2.717391304,,,26.0,14.13043478,140.0,76.08695652,2019.8333333333333,655.6666666666666,34.88388888888889,65.11666666666666,33.685,13.202222222222222,11.777222222222223,35.92611111111111,39.096666666666664,40.588985,-74.130819,10314.0,General Academic,High school,Willowbrook,10314
76R470,CONCORD HIGH SCHOOL,common_core_algebra,58.35,2.0,17.0,6.0,25.0,6.0,21.8,8.3,35.29411765,11.0,18.2,7.2,64.70588235,,,,,,,10.0,58.82352941,2019.5625,29.625,50.2775,49.724374999999995,15.7425,0.0,27.7725,65.98375,6.24375,40.61062,-74.087072,10304.0,Transfer School,High school,Stapleton - St. George,10304
76R470,CONCORD HIGH SCHOOL,common_core_english,73.056,2.0,17.0,6.0,25.0,6.0,21.8,8.3,35.29411765,11.0,18.2,7.2,64.70588235,,,,,,,10.0,58.82352941,2019.5625,29.625,50.2775,49.724374999999995,15.7425,0.0,27.7725,65.98375,6.24375,40.61062,-74.087072,10304.0,Transfer School,High school,Stapleton - St. George,10304
76R470,CONCORD HIGH SCHOOL,living_environment,61.658,2.0,17.0,6.0,25.0,6.0,21.8,8.3,35.29411765,11.0,18.2,7.2,64.70588235,,,,,,,10.0,58.82352941,2019.5625,29.625,50.2775,49.724374999999995,15.7425,0.0,27.7725,65.98375,6.24375,40.61062,-74.087072,10304.0,Transfer School,High school,Stapleton - St. George,10304
76R600,RALPH R. MCKEE CAREER AND TECHNICAL EDUCATION HIGH,common_core_algebra,63.998333333333335,7.0,69.0,31.0,107.0,30.0,10.7,8.3,43.47826087,39.0,7.599999999999999,4.8,56.52173913,,,,,,,59.0,85.50724638,2019.8333333333333,177.0,38.11611111111111,61.88722222222222,22.961111111111112,1.5477777777777777,27.878333333333334,53.721666666666664,16.85111111111111,40.64282,-74.079263,10301.0,Career Technical,High school,Stapleton - St. George,10301
76R600,RALPH R. MCKEE CAREER AND TECHNICAL EDUCATION HIGH,common_core_english,74.56666666666666,7.0,69.0,31.0,107.0,30.0,10.7,8.3,43.47826087,39.0,7.599999999999999,4.8,56.52173913,,,,,,,59.0,85.50724638,2019.8333333333333,177.0,38.11611111111111,61.88722222222222,22.961111111111112,1.5477777777777777,27.878333333333334,53.721666666666664,16.85111111111111,40.64282,-74.079263,10301.0,Career Technical,High school,Stapleton - St. George,10301
76R600,RALPH R. MCKEE CAREER AND TECHNICAL EDUCATION HIGH,living_environment,62.665,7.0,69.0,31.0,107.0,30.0,10.7,8.3,43.47826087,39.0,7.599999999999999,4.8,56.52173913,,,,,,,59.0,85.50724638,2019.8333333333333,177.0,38.11611111111111,61.88722222222222,22.961111111111112,1.5477777777777777,27.878333333333334,53.721666666666664,16.85111111111111,40.64282,-74.079263,10301.0,Career Technical,High school,Stapleton - St. George,10301
76R605,STATEN ISLAND TECHNICAL HIGH SCHOOL,common_core_algebra,88.31333333333333,7.0,64.0,17.0,88.0,27.0,12.7,9.6,42.1875,37.0,13.2,9.8,57.8125,,,,,,,56.0,87.5,2019.6875,163.5,0.055,99.945,97.62875,62.974374999999995,0.118125,0.8206249999999999,36.086875,40.568299,-74.117086,10306.0,General Academic,High school,South Beach - Tottenville ,10306
76R605,STATEN ISLAND TECHNICAL HIGH SCHOOL,common_core_english,94.45599999999999,7.0,64.0,17.0,88.0,27.0,12.7,9.6,42.1875,37.0,13.2,9.8,57.8125,,,,,,,56.0,87.5,2019.6875,163.5,0.055,99.945,97.62875,62.974374999999995,0.118125,0.8206249999999999,36.086875,40.568299,-74.117086,10306.0,General Academic,High school,South Beach - Tottenville ,10306
76R605,STATEN ISLAND TECHNICAL HIGH SCHOOL,living_environment,90.822,7.0,64.0,17.0,88.0,27.0,12.7,9.6,42.1875,37.0,13.2,9.8,57.8125,,,,,,,56.0,87.5,2019.6875,163.5,0.055,99.945,97.62875,62.974374999999995,0.118125,0.8206249999999999,36.086875,40.568299,-74.117086,10306.0,General Academic,High school,South Beach - Tottenville ,10306
77Q240,VERITAS ACADEMY,common_core_algebra,64.94500000000001,4.0,45.0,11.0,60.0,18.0,10.5,5.1,40.0,27.0,11.2,5.2,60.0,,,6.0,13.33333333,7.0,15.55555556,27.0,60.0,2019.8333333333333,129.55555555555554,35.675,64.32833333333332,29.151666666666667,15.898333333333333,8.148888888888889,71.32055555555556,4.632222222222222,40.764892,-73.826811,11354.0,General Academic,High school,Flushing - Clearview,11354
77Q240,VERITAS ACADEMY,common_core_english,75.22166666666666,4.0,45.0,11.0,60.0,18.0,10.5,5.1,40.0,27.0,11.2,5.2,60.0,,,6.0,13.33333333,7.0,15.55555556,27.0,60.0,2019.8333333333333,129.55555555555554,35.675,64.32833333333332,29.151666666666667,15.898333333333333,8.148888888888889,71.32055555555556,4.632222222222222,40.764892,-73.826811,11354.0,General Academic,High school,Flushing - Clearview,11354
77Q240,VERITAS ACADEMY,living_environment,65.14999999999999,4.0,45.0,11.0,60.0,18.0,10.5,5.1,40.0,27.0,11.2,5.2,60.0,,,6.0,13.33333333,7.0,15.55555556,27.0,60.0,2019.8333333333333,129.55555555555554,35.675,64.32833333333332,29.151666666666667,15.898333333333333,8.148888888888889,71.32055555555556,4.632222222222222,40.764892,-73.826811,11354.0,General Academic,High school,Flushing - Clearview,11354
77Q241,QUEENS HIGH SCHOOL FOR LANGUAGE STUDIES,common_core_algebra,74.04333333333334,3.0,28.0,5.0,36.0,7.0,6.2,4.4,25.0,21.0,9.6,5.4,75.0,12.0,42.85714286,,,5.0,17.85714286,8.0,28.57142857,2019.8333333333333,100.88888888888889,22.27611111111111,77.7238888888889,41.25222222222222,64.18277777777777,4.983888888888888,30.195,0.6405555555555557,40.764892,-73.826811,11354.0,General Academic,High school,Flushing - Clearview,11354
77Q241,QUEENS HIGH SCHOOL FOR LANGUAGE STUDIES,common_core_english,73.65666666666667,3.0,28.0,5.0,36.0,7.0,6.2,4.4,25.0,21.0,9.6,5.4,75.0,12.0,42.85714286,,,5.0,17.85714286,8.0,28.57142857,2019.8333333333333,100.88888888888889,22.27611111111111,77.7238888888889,41.25222222222222,64.18277777777777,4.983888888888888,30.195,0.6405555555555557,40.764892,-73.826811,11354.0,General Academic,High school,Flushing - Clearview,11354
77Q241,QUEENS HIGH SCHOOL FOR LANGUAGE STUDIES,living_environment,73.46333333333332,3.0,28.0,5.0,36.0,7.0,6.2,4.4,25.0,21.0,9.6,5.4,75.0,12.0,42.85714286,,,5.0,17.85714286,8.0,28.57142857,2019.8333333333333,100.88888888888889,22.27611111111111,77.7238888888889,41.25222222222222,64.18277777777777,4.983888888888888,30.195,0.6405555555555557,40.764892,-73.826811,11354.0,General Academic,High school,Flushing - Clearview,11354
77Q243,INSTITUTE FOR HEALTH PROFESSIONS AT CAMBRIA HEIGHT,common_core_english,68.605,3.0,38.0,5.0,46.0,11.0,7.599999999999999,4.9,28.94736842,27.0,9.9,5.8,71.05263158,,,16.0,42.10526316,,,16.0,42.10526316,2019.8333333333333,109.33333333333333,27.385,72.615,33.343333333333334,6.671666666666667,81.125,12.201666666666668,0.0,40.698786,-73.74633,11411.0,Career Technical,High school,Southeast Queens,11411
77Q248,QUEENS PREPARATORY ACADEMY,common_core_algebra,63.326666666666675,2.0,19.0,4.0,25.0,7.0,11.3,4.2,36.84210526,12.0,7.199999999999999,4.8,63.157894739999996,,,7.0,36.84210526,,,6.0,31.578947369999998,2019.8333333333333,100.55555555555556,45.961666666666666,54.038333333333334,15.71888888888889,2.557777777777778,91.04944444444445,6.392777777777777,0.0,40.66903,-73.757744,11413.0,General Academic,High school,Southeast Queens,11413
77Q248,QUEENS PREPARATORY ACADEMY,common_core_english,66.06833333333334,2.0,19.0,4.0,25.0,7.0,11.3,4.2,36.84210526,12.0,7.199999999999999,4.8,63.157894739999996,,,7.0,36.84210526,,,6.0,31.578947369999998,2019.8333333333333,100.55555555555556,45.961666666666666,54.038333333333334,15.71888888888889,2.557777777777778,91.04944444444445,6.392777777777777,0.0,40.66903,-73.757744,11413.0,General Academic,High school,Southeast Queens,11413
77Q248,QUEENS PREPARATORY ACADEMY,living_environment,61.24333333333334,2.0,19.0,4.0,25.0,7.0,11.3,4.2,36.84210526,12.0,7.199999999999999,4.8,63.157894739999996,,,7.0,36.84210526,,,6.0,31.578947369999998,2019.8333333333333,100.55555555555556,45.961666666666666,54.038333333333334,15.71888888888889,2.557777777777778,91.04944444444445,6.392777777777777,0.0,40.66903,-73.757744,11413.0,General Academic,High school,Southeast Queens,11413
77Q258,ENERGY TECH HIGH SCHOOL,common_core_algebra,66.65333333333334,3.0,39.0,10.0,52.0,13.0,5.7,3.8000000000000003,33.33333333,26.0,6.8,3.5,66.66666667,6.0,15.38461538,,,8.0,20.51282051,21.0,53.84615385,2019.9473684210527,111.21052631578948,27.665263157894735,72.33842105263159,32.84105263157895,17.85421052631579,2.2321052631578944,69.75157894736842,10.160526315789474,40.756471,-73.932628,11106.0,Career Technical,High school,Long Island City - Astoria,11106
77Q258,ENERGY TECH HIGH SCHOOL,common_core_english,74.59714285714287,3.0,39.0,10.0,52.0,13.0,5.7,3.8000000000000003,33.33333333,26.0,6.8,3.5,66.66666667,6.0,15.38461538,,,8.0,20.51282051,21.0,53.84615385,2019.9473684210527,111.21052631578948,27.665263157894735,72.33842105263159,32.84105263157895,17.85421052631579,2.2321052631578944,69.75157894736842,10.160526315789474,40.756471,-73.932628,11106.0,Career Technical,High school,Long Island City - Astoria,11106
77Q258,ENERGY TECH HIGH SCHOOL,living_environment,71.095,3.0,39.0,10.0,52.0,13.0,5.7,3.8000000000000003,33.33333333,26.0,6.8,3.5,66.66666667,6.0,15.38461538,,,8.0,20.51282051,21.0,53.84615385,2019.9473684210527,111.21052631578948,27.665263157894735,72.33842105263159,32.84105263157895,17.85421052631579,2.2321052631578944,69.75157894736842,10.160526315789474,40.756471,-73.932628,11106.0,Career Technical,High school,Long Island City - Astoria,11106
77Q259,PATHWAYS COLLEGE PREPARATORY SCHOOL: A COLLEGE BOA,common_core_algebra,60.39333333333334,4.0,49.0,11.0,64.0,18.0,10.4,5.8,36.73469388,31.0,11.3,6.3,63.26530612,,,25.0,51.02040816,5.0,10.20408163,15.0,30.612244899999997,2019.8235294117646,121.82352941176471,46.14529411764706,53.86,17.224117647058822,5.930588235294117,90.24,3.828823529411765,0.0,40.705989,-73.752885,11412.0,General Academic,High school,Jamaica,11412
77Q259,PATHWAYS COLLEGE PREPARATORY SCHOOL: A COLLEGE BOA,common_core_english,72.80199999999999,4.0,49.0,11.0,64.0,18.0,10.4,5.8,36.73469388,31.0,11.3,6.3,63.26530612,,,25.0,51.02040816,5.0,10.20408163,15.0,30.612244899999997,2019.8235294117646,121.82352941176471,46.14529411764706,53.86,17.224117647058822,5.930588235294117,90.24,3.828823529411765,0.0,40.705989,-73.752885,11412.0,General Academic,High school,Jamaica,11412
77Q259,PATHWAYS COLLEGE PREPARATORY SCHOOL: A COLLEGE BOA,living_environment,61.415,4.0,49.0,11.0,64.0,18.0,10.4,5.8,36.73469388,31.0,11.3,6.3,63.26530612,,,25.0,51.02040816,5.0,10.20408163,15.0,30.612244899999997,2019.8235294117646,121.82352941176471,46.14529411764706,53.86,17.224117647058822,5.930588235294117,90.24,3.828823529411765,0.0,40.705989,-73.752885,11412.0,General Academic,High school,Jamaica,11412
77Q260,FREDERICK DOUGLASS ACADEMY VI HIGH SCHOOL,common_core_algebra,55.33833333333333,3.0,25.0,6.0,34.0,10.0,16.0,8.8,40.0,15.0,11.5,5.1,60.0,,,9.0,36.0,,,13.0,52.0,2019.8333333333333,97.27777777777777,67.39777777777778,32.602222222222224,6.233888888888889,0.0,49.2,50.8,0.0,40.601537,-73.763995,11691.0,General Academic,High school,Rockaway,11691
77Q260,FREDERICK DOUGLASS ACADEMY VI HIGH SCHOOL,common_core_english,55.115,3.0,25.0,6.0,34.0,10.0,16.0,8.8,40.0,15.0,11.5,5.1,60.0,,,9.0,36.0,,,13.0,52.0,2019.8333333333333,97.27777777777777,67.39777777777778,32.602222222222224,6.233888888888889,0.0,49.2,50.8,0.0,40.601537,-73.763995,11691.0,General Academic,High school,Rockaway,11691
77Q260,FREDERICK DOUGLASS ACADEMY VI HIGH SCHOOL,living_environment,54.044999999999995,3.0,25.0,6.0,34.0,10.0,16.0,8.8,40.0,15.0,11.5,5.1,60.0,,,9.0,36.0,,,13.0,52.0,2019.8333333333333,97.27777777777777,67.39777777777778,32.602222222222224,6.233888888888889,0.0,49.2,50.8,0.0,40.601537,-73.763995,11691.0,General Academic,High school,Rockaway,11691
77Q261,VOYAGES PREP - SOUTH QUEENS,common_core_algebra,64.19399999999999,3.0,19.0,5.0,27.0,9.0,17.1,5.9,47.36842105,10.0,14.0,6.9,52.63157895,,,,,,,12.0,63.15789474,2019.5625,54.1875,41.23625,58.76375,9.5525,2.34625,78.230625,19.4225,0.0,40.673949,-73.782684,11434.0,Transfer School,High school,Jamaica,11434
77Q261,VOYAGES PREP - SOUTH QUEENS,common_core_english,65.60000000000001,3.0,19.0,5.0,27.0,9.0,17.1,5.9,47.36842105,10.0,14.0,6.9,52.63157895,,,,,,,12.0,63.15789474,2019.5625,54.1875,41.23625,58.76375,9.5525,2.34625,78.230625,19.4225,0.0,40.673949,-73.782684,11434.0,Transfer School,High school,Jamaica,11434
77Q261,VOYAGES PREP - SOUTH QUEENS,living_environment,64.80600000000001,3.0,19.0,5.0,27.0,9.0,17.1,5.9,47.36842105,10.0,14.0,6.9,52.63157895,,,,,,,12.0,63.15789474,2019.5625,54.1875,41.23625,58.76375,9.5525,2.34625,78.230625,19.4225,0.0,40.673949,-73.782684,11434.0,Transfer School,High school,Jamaica,11434
77Q262,CHANNEL VIEW SCHOOL FOR RESEARCH,common_core_algebra,64.54142857142857,4.0,97.0,25.0,126.0,29.0,10.3,7.2,29.896907219999996,68.0,9.0,6.3,70.10309278,,,22.0,22.68041237,7.0,7.216494845,60.0,61.8556701,2019.95,170.25,32.7735,67.2265,23.444,2.87,46.138999999999996,38.826,12.167,40.586012,-73.825317,11694.0,General Academic,High school,Rockaway,11694
77Q262,CHANNEL VIEW SCHOOL FOR RESEARCH,common_core_english,77.73833333333333,4.0,97.0,25.0,126.0,29.0,10.3,7.2,29.896907219999996,68.0,9.0,6.3,70.10309278,,,22.0,22.68041237,7.0,7.216494845,60.0,61.8556701,2019.95,170.25,32.7735,67.2265,23.444,2.87,46.138999999999996,38.826,12.167,40.586012,-73.825317,11694.0,General Academic,High school,Rockaway,11694
77Q262,CHANNEL VIEW SCHOOL FOR RESEARCH,living_environment,64.90428571428572,4.0,97.0,25.0,126.0,29.0,10.3,7.2,29.896907219999996,68.0,9.0,6.3,70.10309278,,,22.0,22.68041237,7.0,7.216494845,60.0,61.8556701,2019.95,170.25,32.7735,67.2265,23.444,2.87,46.138999999999996,38.826,12.167,40.586012,-73.825317,11694.0,General Academic,High school,Rockaway,11694
77Q263,FLUSHING INTERNATIONAL HIGH SCHOOL,common_core_algebra,63.29,3.0,31.0,5.0,39.0,11.0,11.699999999999998,7.900000000000001,35.48387097,20.0,11.699999999999998,9.4,64.51612903,9.0,29.03225806,,,7.0,22.58064516,13.0,41.93548387,2019.8333333333333,141.08333333333334,55.541666666666664,44.458333333333336,13.868333333333332,42.879999999999995,0.0,55.20166666666666,1.9174999999999998,40.759963,-73.818399,11355.0,General Academic,High school,Flushing - Clearview,11355
77Q263,FLUSHING INTERNATIONAL HIGH SCHOOL,common_core_english,51.833333333333336,3.0,31.0,5.0,39.0,11.0,11.699999999999998,7.900000000000001,35.48387097,20.0,11.699999999999998,9.4,64.51612903,9.0,29.03225806,,,7.0,22.58064516,13.0,41.93548387,2019.8333333333333,141.08333333333334,55.541666666666664,44.458333333333336,13.868333333333332,42.879999999999995,0.0,55.20166666666666,1.9174999999999998,40.759963,-73.818399,11355.0,General Academic,High school,Flushing - Clearview,11355
77Q264,ACADEMY OF FINANCE AND ENTERPRISE,common_core_algebra,71.89714285714285,4.0,50.0,10.0,64.0,19.0,11.2,7.299999999999999,38.0,31.0,10.0,5.4,62.0,11.0,22.0,,,12.0,24.0,24.0,48.0,2020.0,115.76190476190476,17.078095238095237,82.92476190476191,47.59952380952381,22.38095238095238,2.0223809523809524,64.98380952380953,10.611904761904762,40.744175,-73.937004,11101.0,General Academic,High school,Long Island City - Astoria,11101
77Q264,ACADEMY OF FINANCE AND ENTERPRISE,common_core_english,85.88142857142857,4.0,50.0,10.0,64.0,19.0,11.2,7.299999999999999,38.0,31.0,10.0,5.4,62.0,11.0,22.0,,,12.0,24.0,24.0,48.0,2020.0,115.76190476190476,17.078095238095237,82.92476190476191,47.59952380952381,22.38095238095238,2.0223809523809524,64.98380952380953,10.611904761904762,40.744175,-73.937004,11101.0,General Academic,High school,Long Island City - Astoria,11101
77Q264,ACADEMY OF FINANCE AND ENTERPRISE,living_environment,71.86571428571429,4.0,50.0,10.0,64.0,19.0,11.2,7.299999999999999,38.0,31.0,10.0,5.4,62.0,11.0,22.0,,,12.0,24.0,24.0,48.0,2020.0,115.76190476190476,17.078095238095237,82.92476190476191,47.59952380952381,22.38095238095238,2.0223809523809524,64.98380952380953,10.611904761904762,40.744175,-73.937004,11101.0,General Academic,High school,Long Island City - Astoria,11101
77Q265,EXCELSIOR PREPARATORY HIGH SCHOOL,common_core_algebra,69.79666666666667,2.0,25.0,4.0,31.0,8.0,9.4,8.4,32.0,17.0,14.1,10.7,68.0,,,11.0,44.0,,,8.0,32.0,2019.8333333333333,118.94444444444444,31.16388888888889,68.83611111111111,17.593333333333334,0.19722222222222222,90.4738888888889,9.328888888888889,0.0,40.66903,-73.757744,11413.0,General Academic,High school,Southeast Queens,11413
77Q265,EXCELSIOR PREPARATORY HIGH SCHOOL,common_core_english,64.37166666666667,2.0,25.0,4.0,31.0,8.0,9.4,8.4,32.0,17.0,14.1,10.7,68.0,,,11.0,44.0,,,8.0,32.0,2019.8333333333333,118.94444444444444,31.16388888888889,68.83611111111111,17.593333333333334,0.19722222222222222,90.4738888888889,9.328888888888889,0.0,40.66903,-73.757744,11413.0,General Academic,High school,Southeast Queens,11413
77Q265,EXCELSIOR PREPARATORY HIGH SCHOOL,living_environment,66.145,2.0,25.0,4.0,31.0,8.0,9.4,8.4,32.0,17.0,14.1,10.7,68.0,,,11.0,44.0,,,8.0,32.0,2019.8333333333333,118.94444444444444,31.16388888888889,68.83611111111111,17.593333333333334,0.19722222222222222,90.4738888888889,9.328888888888889,0.0,40.66903,-73.757744,11413.0,General Academic,High school,Southeast Queens,11413
77Q267,HIGH SCHOOL OF APPLIED COMMUNICATION,common_core_algebra,62.5,3.0,28.0,6.0,37.0,14.0,8.2,4.8,50.0,14.0,8.7,5.8,50.0,6.0,21.42857143,,,7.0,25.0,12.0,42.85714286,2019.8333333333333,104.88888888888889,44.50833333333333,55.49722222222223,14.021666666666668,12.981111111111112,3.066666666666667,76.625,7.326666666666666,40.744175,-73.937004,11101.0,General Academic,High school,Long Island City - Astoria,11101
77Q267,HIGH SCHOOL OF APPLIED COMMUNICATION,common_core_english,69.57666666666667,3.0,28.0,6.0,37.0,14.0,8.2,4.8,50.0,14.0,8.7,5.8,50.0,6.0,21.42857143,,,7.0,25.0,12.0,42.85714286,2019.8333333333333,104.88888888888889,44.50833333333333,55.49722222222223,14.021666666666668,12.981111111111112,3.066666666666667,76.625,7.326666666666666,40.744175,-73.937004,11101.0,General Academic,High school,Long Island City - Astoria,11101
77Q267,HIGH SCHOOL OF APPLIED COMMUNICATION,living_environment,60.21,3.0,28.0,6.0,37.0,14.0,8.2,4.8,50.0,14.0,8.7,5.8,50.0,6.0,21.42857143,,,7.0,25.0,12.0,42.85714286,2019.8333333333333,104.88888888888889,44.50833333333333,55.49722222222223,14.021666666666668,12.981111111111112,3.066666666666667,76.625,7.326666666666666,40.744175,-73.937004,11101.0,General Academic,High school,Long Island City - Astoria,11101
77Q272,GEORGE WASHINGTON CARVER HIGH SCHOOL FOR THE SCIEN,common_core_algebra,59.60166666666667,3.0,26.0,8.0,37.0,9.0,18.6,9.7,34.61538462,17.0,17.2,6.5,65.38461538,,,12.0,46.15384615,,,7.0,26.92307692,2019.8333333333333,117.44444444444444,46.11888888888889,53.88111111111111,17.430555555555557,4.357777777777778,79.23333333333333,16.409444444444446,0.0,40.66903,-73.757744,11413.0,General Academic,High school,Southeast Queens,11413
77Q272,GEORGE WASHINGTON CARVER HIGH SCHOOL FOR THE SCIEN,common_core_english,70.60833333333333,3.0,26.0,8.0,37.0,9.0,18.6,9.7,34.61538462,17.0,17.2,6.5,65.38461538,,,12.0,46.15384615,,,7.0,26.92307692,2019.8333333333333,117.44444444444444,46.11888888888889,53.88111111111111,17.430555555555557,4.357777777777778,79.23333333333333,16.409444444444446,0.0,40.66903,-73.757744,11413.0,General Academic,High school,Southeast Queens,11413
77Q272,GEORGE WASHINGTON CARVER HIGH SCHOOL FOR THE SCIEN,living_environment,60.855,3.0,26.0,8.0,37.0,9.0,18.6,9.7,34.61538462,17.0,17.2,6.5,65.38461538,,,12.0,46.15384615,,,7.0,26.92307692,2019.8333333333333,117.44444444444444,46.11888888888889,53.88111111111111,17.430555555555557,4.357777777777778,79.23333333333333,16.409444444444446,0.0,40.66903,-73.757744,11413.0,General Academic,High school,Southeast Queens,11413
77Q281,EAST-WEST SCHOOL OF INTERNATIONAL STUDIES,common_core_algebra,74.73666666666666,4.0,62.0,12.0,78.0,18.0,7.1,5.5,29.03225806,44.0,8.6,5.7,70.96774194,17.0,27.41935484,,,5.0,8.064516129,37.0,59.67741935,2019.8235294117646,123.3529411764706,18.677647058823528,81.32235294117648,53.279411764705884,70.77176470588235,7.125882352941177,21.83235294117647,0.26941176470588235,40.74943,-73.821402,11355.0,General Academic,High school,Flushing - Clearview,11355
77Q281,EAST-WEST SCHOOL OF INTERNATIONAL STUDIES,common_core_english,74.32166666666667,4.0,62.0,12.0,78.0,18.0,7.1,5.5,29.03225806,44.0,8.6,5.7,70.96774194,17.0,27.41935484,,,5.0,8.064516129,37.0,59.67741935,2019.8235294117646,123.3529411764706,18.677647058823528,81.32235294117648,53.279411764705884,70.77176470588235,7.125882352941177,21.83235294117647,0.26941176470588235,40.74943,-73.821402,11355.0,General Academic,High school,Flushing - Clearview,11355
77Q281,EAST-WEST SCHOOL OF INTERNATIONAL STUDIES,living_environment,80.758,4.0,62.0,12.0,78.0,18.0,7.1,5.5,29.03225806,44.0,8.6,5.7,70.96774194,17.0,27.41935484,,,5.0,8.064516129,37.0,59.67741935,2019.8235294117646,123.3529411764706,18.677647058823528,81.32235294117648,53.279411764705884,70.77176470588235,7.125882352941177,21.83235294117647,0.26941176470588235,40.74943,-73.821402,11355.0,General Academic,High school,Flushing - Clearview,11355
77Q284,YORK EARLY COLLEGE ACADEMY,common_core_algebra,71.52799999999999,4.0,33.0,7.0,44.0,8.0,12.7,9.1,24.24242424,25.0,11.9,8.0,75.75757576,,,12.0,36.36363636,,,13.0,39.39393939,2019.7857142857142,83.35714285714286,15.114999999999998,84.885,52.162142857142854,32.84428571428571,60.99571428571428,6.159999999999999,0.0,40.69691,-73.78640299999999,11433.0,General Academic,High school,Jamaica,11433
77Q284,YORK EARLY COLLEGE ACADEMY,common_core_english,88.1075,4.0,33.0,7.0,44.0,8.0,12.7,9.1,24.24242424,25.0,11.9,8.0,75.75757576,,,12.0,36.36363636,,,13.0,39.39393939,2019.7857142857142,83.35714285714286,15.114999999999998,84.885,52.162142857142854,32.84428571428571,60.99571428571428,6.159999999999999,0.0,40.69691,-73.78640299999999,11433.0,General Academic,High school,Jamaica,11433
77Q284,YORK EARLY COLLEGE ACADEMY,living_environment,75.71799999999999,4.0,33.0,7.0,44.0,8.0,12.7,9.1,24.24242424,25.0,11.9,8.0,75.75757576,,,12.0,36.36363636,,,13.0,39.39393939,2019.7857142857142,83.35714285714286,15.114999999999998,84.885,52.162142857142854,32.84428571428571,60.99571428571428,6.159999999999999,0.0,40.69691,-73.78640299999999,11433.0,General Academic,High school,Jamaica,11433
77Q293,CIVIC LEADERSHIP ACADEMY,common_core_algebra,70.28,3.0,39.0,13.0,55.0,15.0,7.7,6.1,38.46153846,24.0,10.8,6.8,61.53846154000001,,,5.0,12.82051282,6.0,15.38461538,25.0,64.1025641,2019.8235294117646,126.11764705882354,20.22764705882353,79.77352941176471,45.883529411764705,14.17235294117647,2.7123529411764706,79.38529411764705,3.7323529411764707,40.743228,-73.871505,11373.0,General Academic,High school,West Queens,11373
77Q293,CIVIC LEADERSHIP ACADEMY,common_core_english,79.665,3.0,39.0,13.0,55.0,15.0,7.7,6.1,38.46153846,24.0,10.8,6.8,61.53846154000001,,,5.0,12.82051282,6.0,15.38461538,25.0,64.1025641,2019.8235294117646,126.11764705882354,20.22764705882353,79.77352941176471,45.883529411764705,14.17235294117647,2.7123529411764706,79.38529411764705,3.7323529411764707,40.743228,-73.871505,11373.0,General Academic,High school,West Queens,11373
77Q293,CIVIC LEADERSHIP ACADEMY,living_environment,74.146,3.0,39.0,13.0,55.0,15.0,7.7,6.1,38.46153846,24.0,10.8,6.8,61.53846154000001,,,5.0,12.82051282,6.0,15.38461538,25.0,64.1025641,2019.8235294117646,126.11764705882354,20.22764705882353,79.77352941176471,45.883529411764705,14.17235294117647,2.7123529411764706,79.38529411764705,3.7323529411764707,40.743228,-73.871505,11373.0,General Academic,High school,West Queens,11373
77Q296,PAN AMERICAN INTERNATIONAL HIGH SCHOOL,common_core_algebra,64.78333333333333,3.0,31.0,7.0,41.0,14.0,10.1,6.0,45.16129032,17.0,7.5,4.0,54.83870968,,,,,18.0,58.064516129999994,7.0,22.58064516,2020.1666666666667,132.0,41.675000000000004,58.324999999999996,14.299999999999999,0.0,0.0,100.0,0.0,40.743228,-73.871505,11373.0,General Academic,High school,West Queens,11373
77Q296,PAN AMERICAN INTERNATIONAL HIGH SCHOOL,common_core_english,60.98333333333333,3.0,31.0,7.0,41.0,14.0,10.1,6.0,45.16129032,17.0,7.5,4.0,54.83870968,,,,,18.0,58.064516129999994,7.0,22.58064516,2020.1666666666667,132.0,41.675000000000004,58.324999999999996,14.299999999999999,0.0,0.0,100.0,0.0,40.743228,-73.871505,11373.0,General Academic,High school,West Queens,11373
77Q301,ACADEMY FOR CAREERS IN TELEVISION AND FILM,common_core_algebra,67.185,3.0,47.0,10.0,60.0,21.0,9.0,6.9,44.68085106,26.0,6.4,5.1,55.31914894,,,,,9.0,19.14893617,30.0,63.82978723000001,2019.8235294117646,113.47058823529412,22.38470588235294,77.6164705882353,41.938235294117646,4.328235294117647,14.82294117647059,64.60588235294118,16.242941176470588,40.742964,-73.959183,11101.0,Career Technical,High school,Long Island City - Astoria,11101
77Q301,ACADEMY FOR CAREERS IN TELEVISION AND FILM,common_core_english,80.01333333333334,3.0,47.0,10.0,60.0,21.0,9.0,6.9,44.68085106,26.0,6.4,5.1,55.31914894,,,,,9.0,19.14893617,30.0,63.82978723000001,2019.8235294117646,113.47058823529412,22.38470588235294,77.6164705882353,41.938235294117646,4.328235294117647,14.82294117647059,64.60588235294118,16.242941176470588,40.742964,-73.959183,11101.0,Career Technical,High school,Long Island City - Astoria,11101
77Q301,ACADEMY FOR CAREERS IN TELEVISION AND FILM,living_environment,76.048,3.0,47.0,10.0,60.0,21.0,9.0,6.9,44.68085106,26.0,6.4,5.1,55.31914894,,,,,9.0,19.14893617,30.0,63.82978723000001,2019.8235294117646,113.47058823529412,22.38470588235294,77.6164705882353,41.938235294117646,4.328235294117647,14.82294117647059,64.60588235294118,16.242941176470588,40.742964,-73.959183,11101.0,Career Technical,High school,Long Island City - Astoria,11101
77Q302,QUEENS HIGH SCHOOL FOR INFORMATION  RESEARCH  AND,common_core_algebra,62.46,4.0,34.0,7.0,45.0,18.0,10.9,5.5,52.94117647,16.0,14.399999999999999,5.2,47.05882353,,,9.0,26.47058824,6.0,17.64705882,18.0,52.94117647,2019.8333333333333,138.72222222222223,47.68833333333333,52.31166666666667,17.559444444444445,2.628888888888889,42.10388888888889,54.47944444444445,0.7888888888888889,40.601537,-73.763995,11691.0,General Academic,High school,Rockaway,11691
77Q302,QUEENS HIGH SCHOOL FOR INFORMATION  RESEARCH  AND,common_core_english,68.835,4.0,34.0,7.0,45.0,18.0,10.9,5.5,52.94117647,16.0,14.399999999999999,5.2,47.05882353,,,9.0,26.47058824,6.0,17.64705882,18.0,52.94117647,2019.8333333333333,138.72222222222223,47.68833333333333,52.31166666666667,17.559444444444445,2.628888888888889,42.10388888888889,54.47944444444445,0.7888888888888889,40.601537,-73.763995,11691.0,General Academic,High school,Rockaway,11691
77Q302,QUEENS HIGH SCHOOL FOR INFORMATION  RESEARCH  AND,living_environment,57.665,4.0,34.0,7.0,45.0,18.0,10.9,5.5,52.94117647,16.0,14.399999999999999,5.2,47.05882353,,,9.0,26.47058824,6.0,17.64705882,18.0,52.94117647,2019.8333333333333,138.72222222222223,47.68833333333333,52.31166666666667,17.559444444444445,2.628888888888889,42.10388888888889,54.47944444444445,0.7888888888888889,40.601537,-73.763995,11691.0,General Academic,High school,Rockaway,11691
77Q308,ROBERT H. GODDARD HIGH SCHOOL OF COMMUNICATION ART,common_core_algebra,70.63,3.0,40.0,11.0,54.0,14.0,13.6,8.6,35.0,26.0,13.7,8.4,65.0,5.0,12.5,,,5.0,12.5,26.0,65.0,2019.7058823529412,158.76470588235293,24.509999999999998,75.49,38.150588235294116,27.591176470588238,7.495882352941177,44.82470588235294,20.08823529411765,40.670905,-73.845992,11417.0,General Academic,High school,Southwest Queens,11417
77Q308,ROBERT H. GODDARD HIGH SCHOOL OF COMMUNICATION ART,common_core_english,79.91166666666668,3.0,40.0,11.0,54.0,14.0,13.6,8.6,35.0,26.0,13.7,8.4,65.0,5.0,12.5,,,5.0,12.5,26.0,65.0,2019.7058823529412,158.76470588235293,24.509999999999998,75.49,38.150588235294116,27.591176470588238,7.495882352941177,44.82470588235294,20.08823529411765,40.670905,-73.845992,11417.0,General Academic,High school,Southwest Queens,11417
77Q308,ROBERT H. GODDARD HIGH SCHOOL OF COMMUNICATION ART,living_environment,66.585,3.0,40.0,11.0,54.0,14.0,13.6,8.6,35.0,26.0,13.7,8.4,65.0,5.0,12.5,,,5.0,12.5,26.0,65.0,2019.7058823529412,158.76470588235293,24.509999999999998,75.49,38.150588235294116,27.591176470588238,7.495882352941177,44.82470588235294,20.08823529411765,40.670905,-73.845992,11417.0,General Academic,High school,Southwest Queens,11417
77Q309,ACADEMY OF MEDICAL TECHNOLOGY: A COLLEGE BOARD SCH,common_core_algebra,60.81166666666667,4.0,50.0,8.0,62.0,17.0,10.5,8.5,34.0,33.0,12.2,7.400000000000001,66.0,5.0,10.0,6.0,12.0,12.0,24.0,26.0,52.0,2019.8333333333333,118.94444444444444,47.56111111111111,52.43944444444444,15.775555555555554,3.716666666666667,47.27111111111111,47.285555555555554,1.7277777777777776,40.601537,-73.763995,11691.0,General Academic,High school,Rockaway,11691
77Q309,ACADEMY OF MEDICAL TECHNOLOGY: A COLLEGE BOARD SCH,common_core_english,69.68833333333333,4.0,50.0,8.0,62.0,17.0,10.5,8.5,34.0,33.0,12.2,7.400000000000001,66.0,5.0,10.0,6.0,12.0,12.0,24.0,26.0,52.0,2019.8333333333333,118.94444444444444,47.56111111111111,52.43944444444444,15.775555555555554,3.716666666666667,47.27111111111111,47.285555555555554,1.7277777777777776,40.601537,-73.763995,11691.0,General Academic,High school,Rockaway,11691
77Q309,ACADEMY OF MEDICAL TECHNOLOGY: A COLLEGE BOARD SCH,living_environment,60.085,4.0,50.0,8.0,62.0,17.0,10.5,8.5,34.0,33.0,12.2,7.400000000000001,66.0,5.0,10.0,6.0,12.0,12.0,24.0,26.0,52.0,2019.8333333333333,118.94444444444444,47.56111111111111,52.43944444444444,15.775555555555554,3.716666666666667,47.27111111111111,47.285555555555554,1.7277777777777776,40.601537,-73.763995,11691.0,General Academic,High school,Rockaway,11691
77Q310,QUEENS COLLEGIATE: A COLLEGE BOARD SCHOOL,common_core_algebra,65.505,4.0,41.0,9.0,54.0,8.0,11.6,7.900000000000001,19.51219512,33.0,9.8,7.1,80.48780488,5.0,12.19512195,11.0,26.82926829,5.0,12.19512195,17.0,41.46341463,2019.8333333333333,118.72222222222223,41.093333333333334,58.90833333333333,20.00611111111111,29.24055555555556,46.74944444444444,24.01,0.0,40.714551,-73.798658,11432.0,General Academic,High school,Jamaica,11432
77Q310,QUEENS COLLEGIATE: A COLLEGE BOARD SCHOOL,common_core_english,65.70333333333333,4.0,41.0,9.0,54.0,8.0,11.6,7.900000000000001,19.51219512,33.0,9.8,7.1,80.48780488,5.0,12.19512195,11.0,26.82926829,5.0,12.19512195,17.0,41.46341463,2019.8333333333333,118.72222222222223,41.093333333333334,58.90833333333333,20.00611111111111,29.24055555555556,46.74944444444444,24.01,0.0,40.714551,-73.798658,11432.0,General Academic,High school,Jamaica,11432
77Q310,QUEENS COLLEGIATE: A COLLEGE BOARD SCHOOL,living_environment,63.02166666666667,4.0,41.0,9.0,54.0,8.0,11.6,7.900000000000001,19.51219512,33.0,9.8,7.1,80.48780488,5.0,12.19512195,11.0,26.82926829,5.0,12.19512195,17.0,41.46341463,2019.8333333333333,118.72222222222223,41.093333333333334,58.90833333333333,20.00611111111111,29.24055555555556,46.74944444444444,24.01,0.0,40.714551,-73.798658,11432.0,General Academic,High school,Jamaica,11432
77Q313,BENJAMIN FRANKLIN HIGH SCHOOL FOR FINANCE & INFORM,common_core_algebra,62.343333333333334,3.0,28.0,4.0,35.0,14.0,10.3,3.1,50.0,14.0,9.7,4.3,50.0,6.0,21.42857143,7.0,25.0,,,12.0,42.85714286,2019.8333333333333,95.05555555555556,41.86055555555556,58.14055555555555,20.976666666666667,10.627777777777778,71.4511111111111,17.65222222222222,0.2688888888888889,40.698786,-73.74633,11411.0,Career Technical,High school,Southeast Queens,11411
77Q313,BENJAMIN FRANKLIN HIGH SCHOOL FOR FINANCE & INFORM,common_core_english,70.94333333333333,3.0,28.0,4.0,35.0,14.0,10.3,3.1,50.0,14.0,9.7,4.3,50.0,6.0,21.42857143,7.0,25.0,,,12.0,42.85714286,2019.8333333333333,95.05555555555556,41.86055555555556,58.14055555555555,20.976666666666667,10.627777777777778,71.4511111111111,17.65222222222222,0.2688888888888889,40.698786,-73.74633,11411.0,Career Technical,High school,Southeast Queens,11411
77Q313,BENJAMIN FRANKLIN HIGH SCHOOL FOR FINANCE & INFORM,living_environment,63.27166666666667,3.0,28.0,4.0,35.0,14.0,10.3,3.1,50.0,14.0,9.7,4.3,50.0,6.0,21.42857143,7.0,25.0,,,12.0,42.85714286,2019.8333333333333,95.05555555555556,41.86055555555556,58.14055555555555,20.976666666666667,10.627777777777778,71.4511111111111,17.65222222222222,0.2688888888888889,40.698786,-73.74633,11411.0,Career Technical,High school,Southeast Queens,11411
77Q314,EPIC HIGH SCHOOL - SOUTH,common_core_algebra,56.06833333333333,3.0,30.0,7.0,40.0,18.0,8.2,1.8999999999999997,60.0,12.0,5.3,2.0,40.0,5.0,16.66666667,7.0,23.33333333,6.0,20.0,11.0,36.66666667,2019.8333333333333,92.33333333333333,55.09444444444444,44.90555555555555,12.40388888888889,34.585,35.56666666666667,29.33055555555556,0.5177777777777778,40.675021,-73.81673,11420.0,General Academic,High school,Southwest Queens,11420
77Q314,EPIC HIGH SCHOOL - SOUTH,common_core_english,66.84,3.0,30.0,7.0,40.0,18.0,8.2,1.8999999999999997,60.0,12.0,5.3,2.0,40.0,5.0,16.66666667,7.0,23.33333333,6.0,20.0,11.0,36.66666667,2019.8333333333333,92.33333333333333,55.09444444444444,44.90555555555555,12.40388888888889,34.585,35.56666666666667,29.33055555555556,0.5177777777777778,40.675021,-73.81673,11420.0,General Academic,High school,Southwest Queens,11420
77Q314,EPIC HIGH SCHOOL - SOUTH,living_environment,59.288333333333334,3.0,30.0,7.0,40.0,18.0,8.2,1.8999999999999997,60.0,12.0,5.3,2.0,40.0,5.0,16.66666667,7.0,23.33333333,6.0,20.0,11.0,36.66666667,2019.8333333333333,92.33333333333333,55.09444444444444,44.90555555555555,12.40388888888889,34.585,35.56666666666667,29.33055555555556,0.5177777777777778,40.675021,-73.81673,11420.0,General Academic,High school,Southwest Queens,11420
77Q315,BUSINESS TECHNOLOGY EARLY COLLEGE HIGH SCHOOL,common_core_algebra,62.02333333333333,4.0,35.0,9.0,48.0,15.0,7.699999999999999,4.5,42.85714286,20.0,9.6,4.9,57.14285714,8.0,22.85714286,6.0,17.14285714,8.0,22.85714286,12.0,34.28571429,2019.8333333333333,134.66666666666666,39.675,60.3261111111111,23.255555555555556,24.747777777777777,54.0,18.316666666666666,2.937222222222222,40.733888,-73.739726,11427.0,Career Technical,High school,Southeast Queens,11427
77Q315,BUSINESS TECHNOLOGY EARLY COLLEGE HIGH SCHOOL,common_core_english,75.08,4.0,35.0,9.0,48.0,15.0,7.699999999999999,4.5,42.85714286,20.0,9.6,4.9,57.14285714,8.0,22.85714286,6.0,17.14285714,8.0,22.85714286,12.0,34.28571429,2019.8333333333333,134.66666666666666,39.675,60.3261111111111,23.255555555555556,24.747777777777777,54.0,18.316666666666666,2.937222222222222,40.733888,-73.739726,11427.0,Career Technical,High school,Southeast Queens,11427
77Q315,BUSINESS TECHNOLOGY EARLY COLLEGE HIGH SCHOOL,living_environment,64.185,4.0,35.0,9.0,48.0,15.0,7.699999999999999,4.5,42.85714286,20.0,9.6,4.9,57.14285714,8.0,22.85714286,6.0,17.14285714,8.0,22.85714286,12.0,34.28571429,2019.8333333333333,134.66666666666666,39.675,60.3261111111111,23.255555555555556,24.747777777777777,54.0,18.316666666666666,2.937222222222222,40.733888,-73.739726,11427.0,Career Technical,High school,Southeast Queens,11427
77Q324,ROCKAWAY PARK HIGH SCHOOL FOR ENVIRONMENTAL SUSTAI,common_core_algebra,56.82666666666666,3.0,23.0,6.0,32.0,9.0,14.2,6.8,39.13043478,14.0,12.7,7.599999999999999,60.86956522,,,,,,,16.0,69.56521739,2019.8333333333333,65.05555555555556,55.01833333333334,44.985,12.695,0.0,54.05111111111111,39.99388888888889,5.955,40.586012,-73.825317,11694.0,General Academic,High school,Rockaway,11694
77Q324,ROCKAWAY PARK HIGH SCHOOL FOR ENVIRONMENTAL SUSTAI,common_core_english,61.83833333333333,3.0,23.0,6.0,32.0,9.0,14.2,6.8,39.13043478,14.0,12.7,7.599999999999999,60.86956522,,,,,,,16.0,69.56521739,2019.8333333333333,65.05555555555556,55.01833333333334,44.985,12.695,0.0,54.05111111111111,39.99388888888889,5.955,40.586012,-73.825317,11694.0,General Academic,High school,Rockaway,11694
77Q324,ROCKAWAY PARK HIGH SCHOOL FOR ENVIRONMENTAL SUSTAI,living_environment,60.044999999999995,3.0,23.0,6.0,32.0,9.0,14.2,6.8,39.13043478,14.0,12.7,7.599999999999999,60.86956522,,,,,,,16.0,69.56521739,2019.8333333333333,65.05555555555556,55.01833333333334,44.985,12.695,0.0,54.05111111111111,39.99388888888889,5.955,40.586012,-73.825317,11694.0,General Academic,High school,Rockaway,11694
77Q325,HILLSIDE ARTS & LETTERS ACADEMY,common_core_algebra,64.81333333333333,3.0,29.0,5.0,37.0,5.0,12.6,5.2,17.24137931,24.0,9.2,6.0,82.75862069,,,6.0,20.68965517,5.0,17.24137931,13.0,44.82758621,2019.8333333333333,99.27777777777777,35.58222222222222,64.41888888888889,24.949444444444442,20.49833333333333,41.431666666666665,38.06777777777778,0.0,40.714551,-73.798658,11432.0,General Academic,High school,Jamaica,11432
77Q325,HILLSIDE ARTS & LETTERS ACADEMY,common_core_english,69.64833333333333,3.0,29.0,5.0,37.0,5.0,12.6,5.2,17.24137931,24.0,9.2,6.0,82.75862069,,,6.0,20.68965517,5.0,17.24137931,13.0,44.82758621,2019.8333333333333,99.27777777777777,35.58222222222222,64.41888888888889,24.949444444444442,20.49833333333333,41.431666666666665,38.06777777777778,0.0,40.714551,-73.798658,11432.0,General Academic,High school,Jamaica,11432
77Q325,HILLSIDE ARTS & LETTERS ACADEMY,living_environment,67.085,3.0,29.0,5.0,37.0,5.0,12.6,5.2,17.24137931,24.0,9.2,6.0,82.75862069,,,6.0,20.68965517,5.0,17.24137931,13.0,44.82758621,2019.8333333333333,99.27777777777777,35.58222222222222,64.41888888888889,24.949444444444442,20.49833333333333,41.431666666666665,38.06777777777778,0.0,40.714551,-73.798658,11432.0,General Academic,High school,Jamaica,11432
77Q326,CAMBRIA HEIGHTS ACADEMY,common_core_algebra,58.93,3.0,26.0,5.0,34.0,14.0,6.9,4.6,53.84615385,12.0,9.0,4.2,46.15384615,,,9.0,34.61538462,,,11.0,42.30769231,2019.8333333333333,88.88888888888889,48.05833333333333,51.94222222222223,16.560555555555553,11.259444444444444,78.36222222222221,10.377777777777778,0.0,40.711857,-73.771196,11432.0,General Academic,High school,Jamaica,11432
77Q326,CAMBRIA HEIGHTS ACADEMY,common_core_english,68.42333333333333,3.0,26.0,5.0,34.0,14.0,6.9,4.6,53.84615385,12.0,9.0,4.2,46.15384615,,,9.0,34.61538462,,,11.0,42.30769231,2019.8333333333333,88.88888888888889,48.05833333333333,51.94222222222223,16.560555555555553,11.259444444444444,78.36222222222221,10.377777777777778,0.0,40.711857,-73.771196,11432.0,General Academic,High school,Jamaica,11432
77Q326,CAMBRIA HEIGHTS ACADEMY,living_environment,61.83166666666667,3.0,26.0,5.0,34.0,14.0,6.9,4.6,53.84615385,12.0,9.0,4.2,46.15384615,,,9.0,34.61538462,,,11.0,42.30769231,2019.8333333333333,88.88888888888889,48.05833333333333,51.94222222222223,16.560555555555553,11.259444444444444,78.36222222222221,10.377777777777778,0.0,40.711857,-73.771196,11432.0,General Academic,High school,Jamaica,11432
77Q327,EAGLE ACADEMY FOR YOUNG MEN III,common_core_algebra,56.89857142857143,3.0,32.0,12.0,47.0,12.0,12.3,5.8,37.5,20.0,12.7,4.7,62.5,,,22.0,68.75,,,6.0,18.75,2019.95,88.95,51.046499999999995,48.953500000000005,12.8625,0.0,64.6195,35.3805,0.0,40.845366,-73.897479,10457.0,General Academic,High school,Crotona - Tremont,10457
77Q327,EAGLE ACADEMY FOR YOUNG MEN III,common_core_english,70.14,3.0,32.0,12.0,47.0,12.0,12.3,5.8,37.5,20.0,12.7,4.7,62.5,,,22.0,68.75,,,6.0,18.75,2019.95,88.95,51.046499999999995,48.953500000000005,12.8625,0.0,64.6195,35.3805,0.0,40.845366,-73.897479,10457.0,General Academic,High school,Crotona - Tremont,10457
77Q327,EAGLE ACADEMY FOR YOUNG MEN III,living_environment,61.45428571428572,3.0,32.0,12.0,47.0,12.0,12.3,5.8,37.5,20.0,12.7,4.7,62.5,,,22.0,68.75,,,6.0,18.75,2019.95,88.95,51.046499999999995,48.953500000000005,12.8625,0.0,64.6195,35.3805,0.0,40.845366,-73.897479,10457.0,General Academic,High school,Crotona - Tremont,10457
77Q328,HIGH SCHOOL FOR COMMUNITY LEADERSHIP,common_core_algebra,73.36166666666666,3.0,29.0,7.0,39.0,12.0,7.199999999999999,5.0,41.37931034,17.0,11.1,7.300000000000001,58.620689660000004,,,,,6.0,20.68965517,13.0,44.82758621,2019.7777777777778,83.11111111111111,8.803333333333335,91.20055555555555,41.51777777777777,24.675555555555558,37.38944444444444,35.879444444444445,2.055,40.714551,-73.798658,11432.0,General Academic,High school,Jamaica,11432
77Q328,HIGH SCHOOL FOR COMMUNITY LEADERSHIP,common_core_english,80.40666666666667,3.0,29.0,7.0,39.0,12.0,7.199999999999999,5.0,41.37931034,17.0,11.1,7.300000000000001,58.620689660000004,,,,,6.0,20.68965517,13.0,44.82758621,2019.7777777777778,83.11111111111111,8.803333333333335,91.20055555555555,41.51777777777777,24.675555555555558,37.38944444444444,35.879444444444445,2.055,40.714551,-73.798658,11432.0,General Academic,High school,Jamaica,11432
77Q328,HIGH SCHOOL FOR COMMUNITY LEADERSHIP,living_environment,76.74166666666666,3.0,29.0,7.0,39.0,12.0,7.199999999999999,5.0,41.37931034,17.0,11.1,7.300000000000001,58.620689660000004,,,,,6.0,20.68965517,13.0,44.82758621,2019.7777777777778,83.11111111111111,8.803333333333335,91.20055555555555,41.51777777777777,24.675555555555558,37.38944444444444,35.879444444444445,2.055,40.714551,-73.798658,11432.0,General Academic,High school,Jamaica,11432
77Q334,EPIC HIGH SCHOOL - NORTH,common_core_algebra,60.62166666666667,1.0,27.0,5.0,33.0,12.0,4.3,2.9,44.44444444,15.0,7.400000000000001,3.7999999999999994,55.55555556,8.0,29.629629629999997,,,5.0,18.51851852,11.0,40.74074074,2019.8333333333333,125.83333333333333,46.73555555555556,53.266666666666666,14.267222222222223,28.67055555555556,18.418333333333333,49.21166666666667,3.6994444444444445,40.693013,-73.829409,11418.0,General Academic,High school,Southwest Queens,11418
77Q334,EPIC HIGH SCHOOL - NORTH,common_core_english,68.645,1.0,27.0,5.0,33.0,12.0,4.3,2.9,44.44444444,15.0,7.400000000000001,3.7999999999999994,55.55555556,8.0,29.629629629999997,,,5.0,18.51851852,11.0,40.74074074,2019.8333333333333,125.83333333333333,46.73555555555556,53.266666666666666,14.267222222222223,28.67055555555556,18.418333333333333,49.21166666666667,3.6994444444444445,40.693013,-73.829409,11418.0,General Academic,High school,Southwest Queens,11418
77Q334,EPIC HIGH SCHOOL - NORTH,living_environment,60.89833333333333,1.0,27.0,5.0,33.0,12.0,4.3,2.9,44.44444444,15.0,7.400000000000001,3.7999999999999994,55.55555556,8.0,29.629629629999997,,,5.0,18.51851852,11.0,40.74074074,2019.8333333333333,125.83333333333333,46.73555555555556,53.266666666666666,14.267222222222223,28.67055555555556,18.418333333333333,49.21166666666667,3.6994444444444445,40.693013,-73.829409,11418.0,General Academic,High school,Southwest Queens,11418
77Q338,QUEENS SATELLITE HIGH SCHOOL FOR OPPORTUNITY,common_core_english,67.25833333333334,2.0,8.0,5.0,15.0,,,,,,,,,,,,,,,5.0,62.5,2019.8333333333333,38.166666666666664,28.886666666666667,71.11333333333333,23.834999999999997,8.363333333333333,54.51500000000001,37.123333333333335,0.0,40.708204,-73.799532,11432.0,Transfer School,High school,Jamaica,11432
77Q350,JAMAICA GATEWAY TO THE SCIENCES,common_core_algebra,66.87,3.0,31.0,7.0,41.0,13.0,9.1,6.2,41.93548387,18.0,5.7,3.5,58.06451613,7.0,22.58064516,5.0,16.12903226,,,13.0,41.93548387,2019.8125,107.9375,29.861875,70.138125,33.586875,44.20125,37.609375,17.445,0.7424999999999999,40.714551,-73.798658,11432.0,General Academic,High school,Jamaica,11432
77Q350,JAMAICA GATEWAY TO THE SCIENCES,common_core_english,78.686,3.0,31.0,7.0,41.0,13.0,9.1,6.2,41.93548387,18.0,5.7,3.5,58.06451613,7.0,22.58064516,5.0,16.12903226,,,13.0,41.93548387,2019.8125,107.9375,29.861875,70.138125,33.586875,44.20125,37.609375,17.445,0.7424999999999999,40.714551,-73.798658,11432.0,General Academic,High school,Jamaica,11432
77Q350,JAMAICA GATEWAY TO THE SCIENCES,living_environment,68.366,3.0,31.0,7.0,41.0,13.0,9.1,6.2,41.93548387,18.0,5.7,3.5,58.06451613,7.0,22.58064516,5.0,16.12903226,,,13.0,41.93548387,2019.8125,107.9375,29.861875,70.138125,33.586875,44.20125,37.609375,17.445,0.7424999999999999,40.714551,-73.798658,11432.0,General Academic,High school,Jamaica,11432
77Q351,ROCKAWAY COLLEGIATE HIGH SCHOOL,common_core_algebra,57.18166666666667,3.0,25.0,6.0,34.0,10.0,6.1,3.1,40.0,15.0,10.1,5.5,60.0,,,6.0,24.0,5.0,20.0,12.0,48.0,2019.8333333333333,84.33333333333333,61.18,38.82,8.618888888888888,1.1944444444444444,64.09222222222223,32.12722222222222,2.5861111111111112,40.586012,-73.825317,11694.0,General Academic,High school,Rockaway,11694
77Q351,ROCKAWAY COLLEGIATE HIGH SCHOOL,common_core_english,59.32,3.0,25.0,6.0,34.0,10.0,6.1,3.1,40.0,15.0,10.1,5.5,60.0,,,6.0,24.0,5.0,20.0,12.0,48.0,2019.8333333333333,84.33333333333333,61.18,38.82,8.618888888888888,1.1944444444444444,64.09222222222223,32.12722222222222,2.5861111111111112,40.586012,-73.825317,11694.0,General Academic,High school,Rockaway,11694
77Q351,ROCKAWAY COLLEGIATE HIGH SCHOOL,living_environment,56.60666666666666,3.0,25.0,6.0,34.0,10.0,6.1,3.1,40.0,15.0,10.1,5.5,60.0,,,6.0,24.0,5.0,20.0,12.0,48.0,2019.8333333333333,84.33333333333333,61.18,38.82,8.618888888888888,1.1944444444444444,64.09222222222223,32.12722222222222,2.5861111111111112,40.586012,-73.825317,11694.0,General Academic,High school,Rockaway,11694
77Q400,AUGUST MARTIN HIGH SCHOOL,common_core_algebra,61.053333333333335,3.0,41.0,8.0,52.0,11.0,8.9,5.2,26.82926829,30.0,8.5,2.8,73.17073171,,,14.0,34.14634146,,,17.0,41.46341463,2019.8333333333333,123.44444444444444,48.59277777777778,51.40888888888889,15.369999999999997,10.454444444444444,73.31777777777778,16.228333333333335,0.0,40.673949,-73.782684,11434.0,General Academic,High school,Jamaica,11434
77Q400,AUGUST MARTIN HIGH SCHOOL,common_core_english,67.22666666666667,3.0,41.0,8.0,52.0,11.0,8.9,5.2,26.82926829,30.0,8.5,2.8,73.17073171,,,14.0,34.14634146,,,17.0,41.46341463,2019.8333333333333,123.44444444444444,48.59277777777778,51.40888888888889,15.369999999999997,10.454444444444444,73.31777777777778,16.228333333333335,0.0,40.673949,-73.782684,11434.0,General Academic,High school,Jamaica,11434
77Q400,AUGUST MARTIN HIGH SCHOOL,living_environment,59.95333333333334,3.0,41.0,8.0,52.0,11.0,8.9,5.2,26.82926829,30.0,8.5,2.8,73.17073171,,,14.0,34.14634146,,,17.0,41.46341463,2019.8333333333333,123.44444444444444,48.59277777777778,51.40888888888889,15.369999999999997,10.454444444444444,73.31777777777778,16.228333333333335,0.0,40.673949,-73.782684,11434.0,General Academic,High school,Jamaica,11434
77Q415,BENJAMIN N. CARDOZO HIGH SCHOOL,common_core_algebra,66.82833333333333,10.0,193.0,37.0,240.0,78.0,14.300000000000002,12.2,40.41450777,115.0,14.1,10.4,59.58549223,35.0,18.13471503,11.0,5.699481865,26.0,13.47150259,116.0,60.10362694,2019.8333333333333,657.2777777777778,28.228333333333335,71.77333333333334,36.68111111111111,38.001666666666665,26.650555555555556,25.492222222222225,9.854999999999999,40.752343,-73.757271,11364.0,General Academic,High school,Bayside - Little Neck,11364
77Q415,BENJAMIN N. CARDOZO HIGH SCHOOL,common_core_english,78.61166666666666,10.0,193.0,37.0,240.0,78.0,14.300000000000002,12.2,40.41450777,115.0,14.1,10.4,59.58549223,35.0,18.13471503,11.0,5.699481865,26.0,13.47150259,116.0,60.10362694,2019.8333333333333,657.2777777777778,28.228333333333335,71.77333333333334,36.68111111111111,38.001666666666665,26.650555555555556,25.492222222222225,9.854999999999999,40.752343,-73.757271,11364.0,General Academic,High school,Bayside - Little Neck,11364
77Q415,BENJAMIN N. CARDOZO HIGH SCHOOL,living_environment,70.11333333333333,10.0,193.0,37.0,240.0,78.0,14.300000000000002,12.2,40.41450777,115.0,14.1,10.4,59.58549223,35.0,18.13471503,11.0,5.699481865,26.0,13.47150259,116.0,60.10362694,2019.8333333333333,657.2777777777778,28.228333333333335,71.77333333333334,36.68111111111111,38.001666666666665,26.650555555555556,25.492222222222225,9.854999999999999,40.752343,-73.757271,11364.0,General Academic,High school,Bayside - Little Neck,11364
77Q425,JOHN BOWNE HIGH SCHOOL,common_core_algebra,64.94142857142857,13.0,196.0,61.0,270.0,75.0,13.2,10.2,38.26530612,121.0,11.3,8.7,61.73469388,36.0,18.36734694,19.0,9.693877551,36.0,18.36734694,92.0,46.93877551,2020.0,733.3809523809524,37.349047619047624,62.651428571428575,28.03285714285714,30.947142857142858,17.823809523809523,47.273809523809526,3.9557142857142855,40.737448,-73.823841,11367.0,General Academic,High school,Fresh Meadows,11367
77Q425,JOHN BOWNE HIGH SCHOOL,common_core_english,69.62857142857143,13.0,196.0,61.0,270.0,75.0,13.2,10.2,38.26530612,121.0,11.3,8.7,61.73469388,36.0,18.36734694,19.0,9.693877551,36.0,18.36734694,92.0,46.93877551,2020.0,733.3809523809524,37.349047619047624,62.651428571428575,28.03285714285714,30.947142857142858,17.823809523809523,47.273809523809526,3.9557142857142855,40.737448,-73.823841,11367.0,General Academic,High school,Fresh Meadows,11367
77Q425,JOHN BOWNE HIGH SCHOOL,living_environment,66.42571428571429,13.0,196.0,61.0,270.0,75.0,13.2,10.2,38.26530612,121.0,11.3,8.7,61.73469388,36.0,18.36734694,19.0,9.693877551,36.0,18.36734694,92.0,46.93877551,2020.0,733.3809523809524,37.349047619047624,62.651428571428575,28.03285714285714,30.947142857142858,17.823809523809523,47.273809523809526,3.9557142857142855,40.737448,-73.823841,11367.0,General Academic,High school,Fresh Meadows,11367
77Q430,FRANCIS LEWIS HIGH SCHOOL,common_core_algebra,77.06333333333333,11.0,241.0,72.0,324.0,81.0,13.5,9.6,33.60995851,160.0,12.9,10.3,66.39004149,53.0,21.99170124,18.0,7.468879668,27.0,11.2033195,135.0,56.01659751,2019.8333333333333,829.1666666666666,18.546666666666667,81.45333333333333,54.529444444444444,59.44388888888889,4.022777777777778,24.195,12.337777777777779,40.740875,-73.795049,11365.0,General Academic,High school,Fresh Meadows,11365
77Q430,FRANCIS LEWIS HIGH SCHOOL,common_core_english,77.325,11.0,241.0,72.0,324.0,81.0,13.5,9.6,33.60995851,160.0,12.9,10.3,66.39004149,53.0,21.99170124,18.0,7.468879668,27.0,11.2033195,135.0,56.01659751,2019.8333333333333,829.1666666666666,18.546666666666667,81.45333333333333,54.529444444444444,59.44388888888889,4.022777777777778,24.195,12.337777777777779,40.740875,-73.795049,11365.0,General Academic,High school,Fresh Meadows,11365
77Q430,FRANCIS LEWIS HIGH SCHOOL,living_environment,74.795,11.0,241.0,72.0,324.0,81.0,13.5,9.6,33.60995851,160.0,12.9,10.3,66.39004149,53.0,21.99170124,18.0,7.468879668,27.0,11.2033195,135.0,56.01659751,2019.8333333333333,829.1666666666666,18.546666666666667,81.45333333333333,54.529444444444444,59.44388888888889,4.022777777777778,24.195,12.337777777777779,40.740875,-73.795049,11365.0,General Academic,High school,Fresh Meadows,11365
77Q435,MARTIN VAN BUREN HIGH SCHOOL,common_core_algebra,60.34833333333333,9.0,71.0,18.0,98.0,25.0,19.7,14.699999999999998,35.21126761,46.0,14.0,10.3,64.78873239,11.0,15.49295775,8.0,11.26760563,9.0,12.67605634,41.0,57.74647887,2019.8333333333333,305.8333333333333,44.84888888888889,55.15555555555555,19.257777777777775,32.37166666666666,46.02111111111111,17.827222222222222,3.7816666666666663,40.733888,-73.739726,11427.0,General Academic,High school,Southeast Queens,11427
77Q435,MARTIN VAN BUREN HIGH SCHOOL,common_core_english,69.73666666666666,9.0,71.0,18.0,98.0,25.0,19.7,14.699999999999998,35.21126761,46.0,14.0,10.3,64.78873239,11.0,15.49295775,8.0,11.26760563,9.0,12.67605634,41.0,57.74647887,2019.8333333333333,305.8333333333333,44.84888888888889,55.15555555555555,19.257777777777775,32.37166666666666,46.02111111111111,17.827222222222222,3.7816666666666663,40.733888,-73.739726,11427.0,General Academic,High school,Southeast Queens,11427
77Q435,MARTIN VAN BUREN HIGH SCHOOL,living_environment,62.915,9.0,71.0,18.0,98.0,25.0,19.7,14.699999999999998,35.21126761,46.0,14.0,10.3,64.78873239,11.0,15.49295775,8.0,11.26760563,9.0,12.67605634,41.0,57.74647887,2019.8333333333333,305.8333333333333,44.84888888888889,55.15555555555555,19.257777777777775,32.37166666666666,46.02111111111111,17.827222222222222,3.7816666666666663,40.733888,-73.739726,11427.0,General Academic,High school,Southeast Queens,11427
77Q440,FOREST HILLS HIGH SCHOOL,common_core_algebra,66.49833333333333,11.0,219.0,37.0,267.0,84.0,12.5,9.9,38.35616438,135.0,11.8,9.3,61.64383561999999,30.0,13.69863014,5.0,2.283105023,32.0,14.611872150000002,137.0,62.55707763000001,2019.8333333333333,778.6666666666666,29.782222222222224,70.21777777777778,36.684444444444445,22.552777777777777,7.606111111111111,42.669444444444444,27.171666666666667,40.730017,-73.843972,11375.0,General Academic,High school,Ridgewood - Forest Hills,11375
77Q440,FOREST HILLS HIGH SCHOOL,common_core_english,80.46833333333333,11.0,219.0,37.0,267.0,84.0,12.5,9.9,38.35616438,135.0,11.8,9.3,61.64383561999999,30.0,13.69863014,5.0,2.283105023,32.0,14.611872150000002,137.0,62.55707763000001,2019.8333333333333,778.6666666666666,29.782222222222224,70.21777777777778,36.684444444444445,22.552777777777777,7.606111111111111,42.669444444444444,27.171666666666667,40.730017,-73.843972,11375.0,General Academic,High school,Ridgewood - Forest Hills,11375
77Q440,FOREST HILLS HIGH SCHOOL,living_environment,68.25,11.0,219.0,37.0,267.0,84.0,12.5,9.9,38.35616438,135.0,11.8,9.3,61.64383561999999,30.0,13.69863014,5.0,2.283105023,32.0,14.611872150000002,137.0,62.55707763000001,2019.8333333333333,778.6666666666666,29.782222222222224,70.21777777777778,36.684444444444445,22.552777777777777,7.606111111111111,42.669444444444444,27.171666666666667,40.730017,-73.843972,11375.0,General Academic,High school,Ridgewood - Forest Hills,11375
77Q445,WILLIAM CULLEN BRYANT HIGH SCHOOL,common_core_algebra,64.88428571428571,12.0,145.0,32.0,189.0,61.0,7.4,6.200000000000001,42.06896552,84.0,9.1,7.6,57.93103448,15.0,10.34482759,15.0,10.34482759,43.0,29.65517241,67.0,46.20689655,2020.0,602.3809523809524,40.0,60.00285714285714,21.554285714285715,29.18,3.6100000000000003,56.68,10.529047619047619,40.757072,-73.911165,11103.0,General Academic,High school,Long Island City - Astoria,11103
77Q445,WILLIAM CULLEN BRYANT HIGH SCHOOL,common_core_english,66.87285714285714,12.0,145.0,32.0,189.0,61.0,7.4,6.200000000000001,42.06896552,84.0,9.1,7.6,57.93103448,15.0,10.34482759,15.0,10.34482759,43.0,29.65517241,67.0,46.20689655,2020.0,602.3809523809524,40.0,60.00285714285714,21.554285714285715,29.18,3.6100000000000003,56.68,10.529047619047619,40.757072,-73.911165,11103.0,General Academic,High school,Long Island City - Astoria,11103
77Q445,WILLIAM CULLEN BRYANT HIGH SCHOOL,living_environment,65.96000000000001,12.0,145.0,32.0,189.0,61.0,7.4,6.200000000000001,42.06896552,84.0,9.1,7.6,57.93103448,15.0,10.34482759,15.0,10.34482759,43.0,29.65517241,67.0,46.20689655,2020.0,602.3809523809524,40.0,60.00285714285714,21.554285714285715,29.18,3.6100000000000003,56.68,10.529047619047619,40.757072,-73.911165,11103.0,General Academic,High school,Long Island City - Astoria,11103
77Q450,LONG ISLAND CITY HIGH SCHOOL,common_core_algebra,62.10285714285715,12.0,135.0,37.0,184.0,55.0,12.8,9.6,40.74074074,80.0,11.9,9.8,59.25925926000001,18.0,13.33333333,8.0,5.925925926,33.0,24.44444444,74.0,54.81481481,2020.0,549.2857142857143,43.30095238095238,56.69904761904762,17.061904761904763,13.025238095238095,9.66904761904762,70.51666666666667,6.788095238095239,40.765881,-73.933907,11106.0,General Academic,High school,Long Island City - Astoria,11106
77Q450,LONG ISLAND CITY HIGH SCHOOL,common_core_english,69.16428571428571,12.0,135.0,37.0,184.0,55.0,12.8,9.6,40.74074074,80.0,11.9,9.8,59.25925926000001,18.0,13.33333333,8.0,5.925925926,33.0,24.44444444,74.0,54.81481481,2020.0,549.2857142857143,43.30095238095238,56.69904761904762,17.061904761904763,13.025238095238095,9.66904761904762,70.51666666666667,6.788095238095239,40.765881,-73.933907,11106.0,General Academic,High school,Long Island City - Astoria,11106
77Q450,LONG ISLAND CITY HIGH SCHOOL,living_environment,62.455714285714286,12.0,135.0,37.0,184.0,55.0,12.8,9.6,40.74074074,80.0,11.9,9.8,59.25925926000001,18.0,13.33333333,8.0,5.925925926,33.0,24.44444444,74.0,54.81481481,2020.0,549.2857142857143,43.30095238095238,56.69904761904762,17.061904761904763,13.025238095238095,9.66904761904762,70.51666666666667,6.788095238095239,40.765881,-73.933907,11106.0,General Academic,High school,Long Island City - Astoria,11106
77Q455,NEWTOWN HIGH SCHOOL,common_core_algebra,64.42333333333333,12.0,107.0,29.0,148.0,40.0,14.1,11.6,37.38317757,67.0,11.9,10.2,62.61682242999999,23.0,21.4953271,9.0,8.411214953,26.0,24.29906542,45.0,42.05607477,2019.8333333333333,477.94444444444446,42.97833333333333,57.02388888888889,19.078333333333333,26.04888888888889,5.61,63.074999999999996,5.265555555555555,40.740824,-73.874129,11373.0,General Academic,High school,West Queens,11373
77Q455,NEWTOWN HIGH SCHOOL,common_core_english,68.16166666666668,12.0,107.0,29.0,148.0,40.0,14.1,11.6,37.38317757,67.0,11.9,10.2,62.61682242999999,23.0,21.4953271,9.0,8.411214953,26.0,24.29906542,45.0,42.05607477,2019.8333333333333,477.94444444444446,42.97833333333333,57.02388888888889,19.078333333333333,26.04888888888889,5.61,63.074999999999996,5.265555555555555,40.740824,-73.874129,11373.0,General Academic,High school,West Queens,11373
77Q455,NEWTOWN HIGH SCHOOL,living_environment,63.225,12.0,107.0,29.0,148.0,40.0,14.1,11.6,37.38317757,67.0,11.9,10.2,62.61682242999999,23.0,21.4953271,9.0,8.411214953,26.0,24.29906542,45.0,42.05607477,2019.8333333333333,477.94444444444446,42.97833333333333,57.02388888888889,19.078333333333333,26.04888888888889,5.61,63.074999999999996,5.265555555555555,40.740824,-73.874129,11373.0,General Academic,High school,West Queens,11373
77Q460,FLUSHING HIGH SCHOOL,common_core_algebra,61.86666666666667,9.0,88.0,21.0,118.0,35.0,9.6,8.1,39.77272727,53.0,9.5,7.400000000000001,60.22727273000001,10.0,11.36363636,14.0,15.90909091,25.0,28.40909091,37.0,42.04545455,2019.8333333333333,464.3333333333333,47.245,52.75555555555556,17.537222222222223,16.015555555555554,14.818333333333335,66.73333333333333,2.433333333333333,40.764892,-73.826811,11354.0,General Academic,High school,Flushing - Clearview,11354
77Q460,FLUSHING HIGH SCHOOL,common_core_english,67.42166666666667,9.0,88.0,21.0,118.0,35.0,9.6,8.1,39.77272727,53.0,9.5,7.400000000000001,60.22727273000001,10.0,11.36363636,14.0,15.90909091,25.0,28.40909091,37.0,42.04545455,2019.8333333333333,464.3333333333333,47.245,52.75555555555556,17.537222222222223,16.015555555555554,14.818333333333335,66.73333333333333,2.433333333333333,40.764892,-73.826811,11354.0,General Academic,High school,Flushing - Clearview,11354
77Q460,FLUSHING HIGH SCHOOL,living_environment,59.86166666666667,9.0,88.0,21.0,118.0,35.0,9.6,8.1,39.77272727,53.0,9.5,7.400000000000001,60.22727273000001,10.0,11.36363636,14.0,15.90909091,25.0,28.40909091,37.0,42.04545455,2019.8333333333333,464.3333333333333,47.245,52.75555555555556,17.537222222222223,16.015555555555554,14.818333333333335,66.73333333333333,2.433333333333333,40.764892,-73.826811,11354.0,General Academic,High school,Flushing - Clearview,11354
77Q475,RICHMOND HILL HIGH SCHOOL,common_core_algebra,62.105,12.0,117.0,26.0,155.0,45.0,12.7,11.1,38.46153846,72.0,12.7,10.2,61.53846153999999,23.0,19.65811966,17.0,14.529914529999997,29.0,24.78632479,45.0,38.46153846,2019.8333333333333,421.5,45.879444444444445,54.120555555555555,17.90722222222222,31.24777777777778,12.750555555555556,52.67666666666666,3.325,40.695171,-73.833815,11418.0,General Academic,High school,Southwest Queens,11418
77Q475,RICHMOND HILL HIGH SCHOOL,common_core_english,67.31,12.0,117.0,26.0,155.0,45.0,12.7,11.1,38.46153846,72.0,12.7,10.2,61.53846153999999,23.0,19.65811966,17.0,14.529914529999997,29.0,24.78632479,45.0,38.46153846,2019.8333333333333,421.5,45.879444444444445,54.120555555555555,17.90722222222222,31.24777777777778,12.750555555555556,52.67666666666666,3.325,40.695171,-73.833815,11418.0,General Academic,High school,Southwest Queens,11418
77Q475,RICHMOND HILL HIGH SCHOOL,living_environment,61.395,12.0,117.0,26.0,155.0,45.0,12.7,11.1,38.46153846,72.0,12.7,10.2,61.53846153999999,23.0,19.65811966,17.0,14.529914529999997,29.0,24.78632479,45.0,38.46153846,2019.8333333333333,421.5,45.879444444444445,54.120555555555555,17.90722222222222,31.24777777777778,12.750555555555556,52.67666666666666,3.325,40.695171,-73.833815,11418.0,General Academic,High school,Southwest Queens,11418
77Q480,JOHN ADAMS HIGH SCHOOL,common_core_algebra,65.13666666666667,10.0,171.0,52.0,233.0,65.0,10.4,8.1,38.01169591,106.0,9.8,6.8,61.98830409,30.0,17.54385965,12.0,7.017543860000001,34.0,19.88304094,85.0,49.70760234,2019.95,592.5,38.420500000000004,61.579499999999996,21.3125,40.5635,25.191499999999998,31.7985,2.4465,40.680065,-73.838616,11417.0,General Academic,High school,Southwest Queens,11417
77Q480,JOHN ADAMS HIGH SCHOOL,common_core_english,70.06,10.0,171.0,52.0,233.0,65.0,10.4,8.1,38.01169591,106.0,9.8,6.8,61.98830409,30.0,17.54385965,12.0,7.017543860000001,34.0,19.88304094,85.0,49.70760234,2019.95,592.5,38.420500000000004,61.579499999999996,21.3125,40.5635,25.191499999999998,31.7985,2.4465,40.680065,-73.838616,11417.0,General Academic,High school,Southwest Queens,11417
77Q480,JOHN ADAMS HIGH SCHOOL,living_environment,63.32285714285714,10.0,171.0,52.0,233.0,65.0,10.4,8.1,38.01169591,106.0,9.8,6.8,61.98830409,30.0,17.54385965,12.0,7.017543860000001,34.0,19.88304094,85.0,49.70760234,2019.95,592.5,38.420500000000004,61.579499999999996,21.3125,40.5635,25.191499999999998,31.7985,2.4465,40.680065,-73.838616,11417.0,General Academic,High school,Southwest Queens,11417
77Q485,GROVER CLEVELAND HIGH SCHOOL,common_core_algebra,62.4,9.0,101.0,33.0,143.0,43.0,15.600000000000001,14.399999999999999,42.57425743,58.0,12.8,11.2,57.42574257,13.0,12.87128713,10.0,9.900990099,18.0,17.82178218,56.0,55.44554455,2019.8333333333333,394.27777777777777,44.63666666666667,55.36333333333333,19.74055555555556,9.090555555555556,3.9505555555555554,70.44777777777777,16.510555555555555,40.711881,-73.909202,11385.0,General Academic,High school,Ridgewood - Forest Hills,11385
77Q485,GROVER CLEVELAND HIGH SCHOOL,common_core_english,68.55833333333334,9.0,101.0,33.0,143.0,43.0,15.600000000000001,14.399999999999999,42.57425743,58.0,12.8,11.2,57.42574257,13.0,12.87128713,10.0,9.900990099,18.0,17.82178218,56.0,55.44554455,2019.8333333333333,394.27777777777777,44.63666666666667,55.36333333333333,19.74055555555556,9.090555555555556,3.9505555555555554,70.44777777777777,16.510555555555555,40.711881,-73.909202,11385.0,General Academic,High school,Ridgewood - Forest Hills,11385
77Q485,GROVER CLEVELAND HIGH SCHOOL,living_environment,61.330000000000005,9.0,101.0,33.0,143.0,43.0,15.600000000000001,14.399999999999999,42.57425743,58.0,12.8,11.2,57.42574257,13.0,12.87128713,10.0,9.900990099,18.0,17.82178218,56.0,55.44554455,2019.8333333333333,394.27777777777777,44.63666666666667,55.36333333333333,19.74055555555556,9.090555555555556,3.9505555555555554,70.44777777777777,16.510555555555555,40.711881,-73.909202,11385.0,General Academic,High school,Ridgewood - Forest Hills,11385
77Q492,MATHEMATICS  SCIENCE RESEARCH AND TECHNOLOGY MAGNE,common_core_algebra,62.07333333333333,3.0,28.0,7.0,38.0,11.0,7.0,2.8,39.28571429,17.0,9.4,3.1,60.71428571,5.0,17.85714286,11.0,39.28571429,,,8.0,28.57142857,2019.7777777777778,135.47222222222223,49.030277777777776,50.969722222222224,15.417777777777777,9.558055555555555,75.3525,15.08888888888889,0.0,40.69863226555555,-73.7504902113889,11405.722222222223,General Academic,High school,Southeast Queens,11411
77Q492,MATHEMATICS  SCIENCE RESEARCH AND TECHNOLOGY MAGNE,common_core_english,65.95454545454545,3.0,28.0,7.0,38.0,11.0,7.0,2.8,39.28571429,17.0,9.4,3.1,60.71428571,5.0,17.85714286,11.0,39.28571429,,,8.0,28.57142857,2019.7777777777778,135.47222222222223,49.030277777777776,50.969722222222224,15.417777777777777,9.558055555555555,75.3525,15.08888888888889,0.0,40.69863226555555,-73.7504902113889,11405.722222222223,General Academic,High school,Southeast Queens,11411
77Q492,MATHEMATICS  SCIENCE RESEARCH AND TECHNOLOGY MAGNE,living_environment,59.13307692307693,3.0,28.0,7.0,38.0,11.0,7.0,2.8,39.28571429,17.0,9.4,3.1,60.71428571,5.0,17.85714286,11.0,39.28571429,,,8.0,28.57142857,2019.7777777777778,135.47222222222223,49.030277777777776,50.969722222222224,15.417777777777777,9.558055555555555,75.3525,15.08888888888889,0.0,40.69863226555555,-73.7504902113889,11405.722222222223,General Academic,High school,Southeast Queens,11411
77Q495,BAYSIDE HIGH SCHOOL,common_core_algebra,68.22,13.0,170.0,51.0,234.0,66.0,15.100000000000001,12.0,38.82352941,104.0,12.9,10.0,61.176470589999994,34.0,20.0,9.0,5.294117647,14.0,8.235294118,110.0,64.70588235,2019.8333333333333,653.8333333333334,29.429444444444446,70.57333333333332,34.64,37.39166666666667,12.431111111111111,34.54666666666667,15.629999999999999,40.771398,-73.781041,11361.0,General Academic,High school,Bayside - Little Neck,11361
77Q495,BAYSIDE HIGH SCHOOL,common_core_english,75.12,13.0,170.0,51.0,234.0,66.0,15.100000000000001,12.0,38.82352941,104.0,12.9,10.0,61.176470589999994,34.0,20.0,9.0,5.294117647,14.0,8.235294118,110.0,64.70588235,2019.8333333333333,653.8333333333334,29.429444444444446,70.57333333333332,34.64,37.39166666666667,12.431111111111111,34.54666666666667,15.629999999999999,40.771398,-73.781041,11361.0,General Academic,High school,Bayside - Little Neck,11361
77Q495,BAYSIDE HIGH SCHOOL,living_environment,69.71,13.0,170.0,51.0,234.0,66.0,15.100000000000001,12.0,38.82352941,104.0,12.9,10.0,61.176470589999994,34.0,20.0,9.0,5.294117647,14.0,8.235294118,110.0,64.70588235,2019.8333333333333,653.8333333333334,29.429444444444446,70.57333333333332,34.64,37.39166666666667,12.431111111111111,34.54666666666667,15.629999999999999,40.771398,-73.781041,11361.0,General Academic,High school,Bayside - Little Neck,11361
77Q501,FRANK SINATRA SCHOOL OF THE ARTS HIGH SCHOOL,common_core_algebra,72.186,5.0,56.0,12.0,73.0,32.0,14.3,8.3,57.14285714,24.0,12.5,6.7,42.85714286,,,6.0,10.71428571,10.0,17.85714286,38.0,67.85714286,2019.6666666666667,131.66666666666666,13.288,86.718,57.67333333333333,8.34,14.403333333333334,38.001999999999995,39.25466666666667,40.756099,-73.925182,11106.0,General Academic,High school,Long Island City - Astoria,11106
77Q501,FRANK SINATRA SCHOOL OF THE ARTS HIGH SCHOOL,common_core_english,87.89200000000001,5.0,56.0,12.0,73.0,32.0,14.3,8.3,57.14285714,24.0,12.5,6.7,42.85714286,,,6.0,10.71428571,10.0,17.85714286,38.0,67.85714286,2019.6666666666667,131.66666666666666,13.288,86.718,57.67333333333333,8.34,14.403333333333334,38.001999999999995,39.25466666666667,40.756099,-73.925182,11106.0,General Academic,High school,Long Island City - Astoria,11106
77Q501,FRANK SINATRA SCHOOL OF THE ARTS HIGH SCHOOL,living_environment,78.088,5.0,56.0,12.0,73.0,32.0,14.3,8.3,57.14285714,24.0,12.5,6.7,42.85714286,,,6.0,10.71428571,10.0,17.85714286,38.0,67.85714286,2019.6666666666667,131.66666666666666,13.288,86.718,57.67333333333333,8.34,14.403333333333334,38.001999999999995,39.25466666666667,40.756099,-73.925182,11106.0,General Academic,High school,Long Island City - Astoria,11106
77Q502,INFORMATION TECHNOLOGY HIGH SCHOOL,common_core_algebra,61.20166666666666,4.0,56.0,17.0,77.0,30.0,13.3,9.8,53.57142857,26.0,14.300000000000002,9.1,46.42857143,14.0,25.0,10.0,17.85714286,9.0,16.07142857,23.0,41.07142857,2019.8333333333333,209.72222222222223,35.93666666666667,64.0638888888889,24.48,18.535555555555554,10.024444444444445,68.00722222222223,3.4322222222222223,40.748502,-73.946488,11101.0,General Academic,High school,Long Island City - Astoria,11101
77Q502,INFORMATION TECHNOLOGY HIGH SCHOOL,common_core_english,75.55166666666666,4.0,56.0,17.0,77.0,30.0,13.3,9.8,53.57142857,26.0,14.300000000000002,9.1,46.42857143,14.0,25.0,10.0,17.85714286,9.0,16.07142857,23.0,41.07142857,2019.8333333333333,209.72222222222223,35.93666666666667,64.0638888888889,24.48,18.535555555555554,10.024444444444445,68.00722222222223,3.4322222222222223,40.748502,-73.946488,11101.0,General Academic,High school,Long Island City - Astoria,11101
77Q502,INFORMATION TECHNOLOGY HIGH SCHOOL,living_environment,67.54333333333334,4.0,56.0,17.0,77.0,30.0,13.3,9.8,53.57142857,26.0,14.300000000000002,9.1,46.42857143,14.0,25.0,10.0,17.85714286,9.0,16.07142857,23.0,41.07142857,2019.8333333333333,209.72222222222223,35.93666666666667,64.0638888888889,24.48,18.535555555555554,10.024444444444445,68.00722222222223,3.4322222222222223,40.748502,-73.946488,11101.0,General Academic,High school,Long Island City - Astoria,11101
77Q505,HILLCREST HIGH SCHOOL,common_core_algebra,62.40333333333333,13.0,151.0,42.0,206.0,57.0,15.6,12.5,37.74834437,94.0,14.0,10.8,62.25165563,34.0,22.51655629,24.0,15.894039739999998,18.0,11.9205298,72.0,47.68211921,2019.7058823529412,644.2941176470588,42.36882352941176,57.63117647058824,20.652941176470588,29.714117647058824,29.446470588235293,37.734117647058824,3.1017647058823528,40.709461,-73.803001,11432.0,General Academic,High school,Jamaica,11432
77Q505,HILLCREST HIGH SCHOOL,common_core_english,70.054,13.0,151.0,42.0,206.0,57.0,15.6,12.5,37.74834437,94.0,14.0,10.8,62.25165563,34.0,22.51655629,24.0,15.894039739999998,18.0,11.9205298,72.0,47.68211921,2019.7058823529412,644.2941176470588,42.36882352941176,57.63117647058824,20.652941176470588,29.714117647058824,29.446470588235293,37.734117647058824,3.1017647058823528,40.709461,-73.803001,11432.0,General Academic,High school,Jamaica,11432
77Q505,HILLCREST HIGH SCHOOL,living_environment,65.06666666666668,13.0,151.0,42.0,206.0,57.0,15.6,12.5,37.74834437,94.0,14.0,10.8,62.25165563,34.0,22.51655629,24.0,15.894039739999998,18.0,11.9205298,72.0,47.68211921,2019.7058823529412,644.2941176470588,42.36882352941176,57.63117647058824,20.652941176470588,29.714117647058824,29.446470588235293,37.734117647058824,3.1017647058823528,40.709461,-73.803001,11432.0,General Academic,High school,Jamaica,11432
77Q520,MIDDLE COLLEGE HIGH SCHOOL AT LAGUARDIA COMMUNITY,common_core_english,77.54857142857144,3.0,27.0,8.0,38.0,14.0,15.9,13.6,51.85185185,13.0,13.4,9.9,48.14814815,,,,,7.0,25.92592593,14.0,51.85185185,2020.0,144.42857142857142,10.668571428571429,89.33285714285714,51.20857142857143,8.631428571428572,0.5442857142857143,83.83857142857143,6.985714285714286,40.743253,-73.933316,11101.0,General Academic,High school,Long Island City - Astoria,11101
77Q525,TOWNSEND HARRIS HIGH SCHOOL,common_core_algebra,84.19800000000001,6.0,86.0,19.0,111.0,38.0,14.5,8.9,44.18604651,48.0,12.2,8.2,55.81395349,9.0,10.46511628,6.0,6.976744186,14.0,16.27906977,54.0,62.79069767,2019.6666666666667,145.73333333333332,1.884,98.116,84.84200000000001,60.21266666666667,5.346666666666667,12.994,21.447333333333333,40.737038,-73.821532,11367.0,General Academic,High school,Fresh Meadows,11367
77Q525,TOWNSEND HARRIS HIGH SCHOOL,common_core_english,95.11999999999999,6.0,86.0,19.0,111.0,38.0,14.5,8.9,44.18604651,48.0,12.2,8.2,55.81395349,9.0,10.46511628,6.0,6.976744186,14.0,16.27906977,54.0,62.79069767,2019.6666666666667,145.73333333333332,1.884,98.116,84.84200000000001,60.21266666666667,5.346666666666667,12.994,21.447333333333333,40.737038,-73.821532,11367.0,General Academic,High school,Fresh Meadows,11367
77Q525,TOWNSEND HARRIS HIGH SCHOOL,living_environment,86.928,6.0,86.0,19.0,111.0,38.0,14.5,8.9,44.18604651,48.0,12.2,8.2,55.81395349,9.0,10.46511628,6.0,6.976744186,14.0,16.27906977,54.0,62.79069767,2019.6666666666667,145.73333333333332,1.884,98.116,84.84200000000001,60.21266666666667,5.346666666666667,12.994,21.447333333333333,40.737038,-73.821532,11367.0,General Academic,High school,Fresh Meadows,11367
77Q530,INTERNATIONAL HIGH SCHOOL AT LAGUARDIA COMMUNITY C,common_core_english,59.35333333333333,3.0,29.0,6.0,38.0,13.0,10.800000000000002,8.2,44.82758621,16.0,13.199999999999998,10.4,55.17241379,6.0,20.68965517,,,7.0,24.13793103,14.0,48.275862069999995,2019.8333333333333,145.0,48.028333333333336,51.971666666666664,15.546666666666667,20.72,0.505,72.17666666666666,6.598333333333334,40.743253,-73.933316,11101.0,General Academic,High school,Long Island City - Astoria,11101
77Q550,HIGH SCHOOL FOR ARTS AND BUSINESS,common_core_algebra,67.395,5.0,49.0,15.0,69.0,28.0,14.5,10.8,57.14285714,21.0,14.300000000000002,10.4,42.85714286,,,,,9.0,18.36734694,33.0,67.34693878,2019.8333333333333,180.77777777777777,32.474999999999994,67.52555555555556,25.70111111111111,6.286666666666666,5.650555555555556,85.64111111111112,2.4205555555555556,40.737673,-73.853412,11368.0,General Academic,High school,West Queens,11368
77Q550,HIGH SCHOOL FOR ARTS AND BUSINESS,common_core_english,73.45,5.0,49.0,15.0,69.0,28.0,14.5,10.8,57.14285714,21.0,14.300000000000002,10.4,42.85714286,,,,,9.0,18.36734694,33.0,67.34693878,2019.8333333333333,180.77777777777777,32.474999999999994,67.52555555555556,25.70111111111111,6.286666666666666,5.650555555555556,85.64111111111112,2.4205555555555556,40.737673,-73.853412,11368.0,General Academic,High school,West Queens,11368
77Q550,HIGH SCHOOL FOR ARTS AND BUSINESS,living_environment,66.94500000000001,5.0,49.0,15.0,69.0,28.0,14.5,10.8,57.14285714,21.0,14.300000000000002,10.4,42.85714286,,,,,9.0,18.36734694,33.0,67.34693878,2019.8333333333333,180.77777777777777,32.474999999999994,67.52555555555556,25.70111111111111,6.286666666666666,5.650555555555556,85.64111111111112,2.4205555555555556,40.737673,-73.853412,11368.0,General Academic,High school,West Queens,11368
77Q555,NEWCOMERS HIGH SCHOOL,common_core_algebra,64.43571428571428,6.0,71.0,12.0,89.0,24.0,11.0,7.7,33.8028169,47.0,10.7,7.5,66.1971831,8.0,11.26760563,5.0,7.042253521000001,29.0,40.84507042,27.0,38.02816901,2019.95,324.9,44.8805,55.1195,17.592499999999998,21.325499999999998,0.0,74.9235,3.7505,40.751838,-73.936592,11101.0,General Academic,High school,Long Island City - Astoria,11101
77Q555,NEWCOMERS HIGH SCHOOL,common_core_english,53.142857142857146,6.0,71.0,12.0,89.0,24.0,11.0,7.7,33.8028169,47.0,10.7,7.5,66.1971831,8.0,11.26760563,5.0,7.042253521000001,29.0,40.84507042,27.0,38.02816901,2019.95,324.9,44.8805,55.1195,17.592499999999998,21.325499999999998,0.0,74.9235,3.7505,40.751838,-73.936592,11101.0,General Academic,High school,Long Island City - Astoria,11101
77Q555,NEWCOMERS HIGH SCHOOL,living_environment,69.47833333333334,6.0,71.0,12.0,89.0,24.0,11.0,7.7,33.8028169,47.0,10.7,7.5,66.1971831,8.0,11.26760563,5.0,7.042253521000001,29.0,40.84507042,27.0,38.02816901,2019.95,324.9,44.8805,55.1195,17.592499999999998,21.325499999999998,0.0,74.9235,3.7505,40.751838,-73.936592,11101.0,General Academic,High school,Long Island City - Astoria,11101
77Q566,QUEENS HIGH SCHOOL OF TEACHING  LIBERAL ARTS AND T,common_core_algebra,62.01500000000001,5.0,70.0,14.0,89.0,18.0,11.7,7.900000000000001,25.71428571,52.0,13.3,9.8,74.28571429,10.0,14.28571429,10.0,14.28571429,9.0,12.85714286,37.0,52.85714286,2019.8333333333333,246.83333333333334,41.84111111111111,58.16055555555556,19.635555555555555,20.821111111111108,56.64055555555555,16.572222222222223,5.9655555555555555,40.744197,-73.728834,11426.0,General Academic,High school,Southeast Queens,11426
77Q566,QUEENS HIGH SCHOOL OF TEACHING  LIBERAL ARTS AND T,common_core_english,70.02333333333333,5.0,70.0,14.0,89.0,18.0,11.7,7.900000000000001,25.71428571,52.0,13.3,9.8,74.28571429,10.0,14.28571429,10.0,14.28571429,9.0,12.85714286,37.0,52.85714286,2019.8333333333333,246.83333333333334,41.84111111111111,58.16055555555556,19.635555555555555,20.821111111111108,56.64055555555555,16.572222222222223,5.9655555555555555,40.744197,-73.728834,11426.0,General Academic,High school,Southeast Queens,11426
77Q566,QUEENS HIGH SCHOOL OF TEACHING  LIBERAL ARTS AND T,living_environment,64.90833333333335,5.0,70.0,14.0,89.0,18.0,11.7,7.900000000000001,25.71428571,52.0,13.3,9.8,74.28571429,10.0,14.28571429,10.0,14.28571429,9.0,12.85714286,37.0,52.85714286,2019.8333333333333,246.83333333333334,41.84111111111111,58.16055555555556,19.635555555555555,20.821111111111108,56.64055555555555,16.572222222222223,5.9655555555555555,40.744197,-73.728834,11426.0,General Academic,High school,Southeast Queens,11426
77Q575,ACADEMY OF AMERICAN STUDIES,common_core_algebra,70.65666666666667,7.0,74.0,17.0,98.0,21.0,13.5,8.7,28.37837838,53.0,10.5,5.9,71.62162162,15.0,20.27027027,,,9.0,12.16216216,43.0,58.10810811,2019.8333333333333,204.38888888888889,20.042777777777776,79.96166666666666,45.07222222222222,19.994444444444444,1.5811111111111111,45.275555555555556,33.14555555555555,40.751144,-73.937564,11101.0,General Academic,High school,Long Island City - Astoria,11101
77Q575,ACADEMY OF AMERICAN STUDIES,common_core_english,81.05499999999999,7.0,74.0,17.0,98.0,21.0,13.5,8.7,28.37837838,53.0,10.5,5.9,71.62162162,15.0,20.27027027,,,9.0,12.16216216,43.0,58.10810811,2019.8333333333333,204.38888888888889,20.042777777777776,79.96166666666666,45.07222222222222,19.994444444444444,1.5811111111111111,45.275555555555556,33.14555555555555,40.751144,-73.937564,11101.0,General Academic,High school,Long Island City - Astoria,11101
77Q575,ACADEMY OF AMERICAN STUDIES,living_environment,73.61833333333333,7.0,74.0,17.0,98.0,21.0,13.5,8.7,28.37837838,53.0,10.5,5.9,71.62162162,15.0,20.27027027,,,9.0,12.16216216,43.0,58.10810811,2019.8333333333333,204.38888888888889,20.042777777777776,79.96166666666666,45.07222222222222,19.994444444444444,1.5811111111111111,45.275555555555556,33.14555555555555,40.751144,-73.937564,11101.0,General Academic,High school,Long Island City - Astoria,11101
77Q585,MASPETH HIGH SCHOOL,common_core_algebra,69.0,4.0,75.0,16.0,95.0,34.0,8.5,4.9,45.33333333,41.0,5.3,3.7000000000000006,54.66666667,14.0,18.66666667,,,8.0,10.66666667,52.0,69.33333333,2019.8333333333333,220.0,24.20611111111111,75.79444444444444,34.55611111111111,15.864444444444445,0.9116666666666666,61.147222222222226,22.077222222222222,40.729104,-73.887909,11378.0,General Academic,High school,West Queens,11378
77Q585,MASPETH HIGH SCHOOL,common_core_english,77.39333333333333,4.0,75.0,16.0,95.0,34.0,8.5,4.9,45.33333333,41.0,5.3,3.7000000000000006,54.66666667,14.0,18.66666667,,,8.0,10.66666667,52.0,69.33333333,2019.8333333333333,220.0,24.20611111111111,75.79444444444444,34.55611111111111,15.864444444444445,0.9116666666666666,61.147222222222226,22.077222222222222,40.729104,-73.887909,11378.0,General Academic,High school,West Queens,11378
77Q585,MASPETH HIGH SCHOOL,living_environment,69.925,4.0,75.0,16.0,95.0,34.0,8.5,4.9,45.33333333,41.0,5.3,3.7000000000000006,54.66666667,14.0,18.66666667,,,8.0,10.66666667,52.0,69.33333333,2019.8333333333333,220.0,24.20611111111111,75.79444444444444,34.55611111111111,15.864444444444445,0.9116666666666666,61.147222222222226,22.077222222222222,40.729104,-73.887909,11378.0,General Academic,High school,West Queens,11378
77Q600,QUEENS TECHNICAL HIGH SCHOOL,common_core_algebra,66.785,8.0,103.0,22.0,133.0,46.0,13.4,11.6,44.66019417,57.0,10.6,9.1,55.33980583,8.0,7.766990291000001,13.0,12.62135922,18.0,17.47572816,57.0,55.33980583,2019.8333333333333,378.44444444444446,33.294999999999995,66.705,26.665,9.178888888888888,2.6844444444444444,84.41777777777777,3.717777777777778,40.741658,-73.927995,11101.0,Career Technical,High school,Long Island City - Astoria,11101
77Q600,QUEENS TECHNICAL HIGH SCHOOL,common_core_english,76.27666666666667,8.0,103.0,22.0,133.0,46.0,13.4,11.6,44.66019417,57.0,10.6,9.1,55.33980583,8.0,7.766990291000001,13.0,12.62135922,18.0,17.47572816,57.0,55.33980583,2019.8333333333333,378.44444444444446,33.294999999999995,66.705,26.665,9.178888888888888,2.6844444444444444,84.41777777777777,3.717777777777778,40.741658,-73.927995,11101.0,Career Technical,High school,Long Island City - Astoria,11101
77Q600,QUEENS TECHNICAL HIGH SCHOOL,living_environment,64.06166666666667,8.0,103.0,22.0,133.0,46.0,13.4,11.6,44.66019417,57.0,10.6,9.1,55.33980583,8.0,7.766990291000001,13.0,12.62135922,18.0,17.47572816,57.0,55.33980583,2019.8333333333333,378.44444444444446,33.294999999999995,66.705,26.665,9.178888888888888,2.6844444444444444,84.41777777777777,3.717777777777778,40.741658,-73.927995,11101.0,Career Technical,High school,Long Island City - Astoria,11101
77Q610,AVIATION CAREER & TECHNICAL EDUCATION HIGH SCHOOL,common_core_algebra,73.895,8.0,129.0,25.0,162.0,70.0,14.300000000000002,14.0,54.26356589,59.0,13.6,11.7,45.73643411,11.0,8.527131783,15.0,11.62790698,43.0,33.33333333,54.0,41.86046512,2019.888888888889,318.1111111111111,14.620000000000001,85.38277777777778,63.45722222222222,31.681666666666665,3.592777777777778,55.78,8.946111111111112,40.743309,-73.929577,11101.0,Career Technical,High school,Long Island City - Astoria,11101
77Q610,AVIATION CAREER & TECHNICAL EDUCATION HIGH SCHOOL,common_core_english,84.50285714285714,8.0,129.0,25.0,162.0,70.0,14.300000000000002,14.0,54.26356589,59.0,13.6,11.7,45.73643411,11.0,8.527131783,15.0,11.62790698,43.0,33.33333333,54.0,41.86046512,2019.888888888889,318.1111111111111,14.620000000000001,85.38277777777778,63.45722222222222,31.681666666666665,3.592777777777778,55.78,8.946111111111112,40.743309,-73.929577,11101.0,Career Technical,High school,Long Island City - Astoria,11101
77Q610,AVIATION CAREER & TECHNICAL EDUCATION HIGH SCHOOL,living_environment,78.446,8.0,129.0,25.0,162.0,70.0,14.300000000000002,14.0,54.26356589,59.0,13.6,11.7,45.73643411,11.0,8.527131783,15.0,11.62790698,43.0,33.33333333,54.0,41.86046512,2019.888888888889,318.1111111111111,14.620000000000001,85.38277777777778,63.45722222222222,31.681666666666665,3.592777777777778,55.78,8.946111111111112,40.743309,-73.929577,11101.0,Career Technical,High school,Long Island City - Astoria,11101
77Q620,THOMAS A. EDISON CAREER AND TECHNICAL EDUCATION HI,common_core_algebra,70.47500000000001,11.0,126.0,35.0,172.0,57.0,13.4,9.9,45.23809524,69.0,10.5,8.2,54.76190476,17.0,13.49206349,15.0,11.9047619,24.0,19.04761905,65.0,51.58730159,2019.8333333333333,362.3888888888889,25.226666666666667,74.775,44.66888888888889,41.53388888888889,26.51222222222222,27.84722222222222,4.108333333333333,40.716071,-73.799692,11432.0,Career Technical,High school,Jamaica,11432
77Q620,THOMAS A. EDISON CAREER AND TECHNICAL EDUCATION HI,common_core_english,78.205,11.0,126.0,35.0,172.0,57.0,13.4,9.9,45.23809524,69.0,10.5,8.2,54.76190476,17.0,13.49206349,15.0,11.9047619,24.0,19.04761905,65.0,51.58730159,2019.8333333333333,362.3888888888889,25.226666666666667,74.775,44.66888888888889,41.53388888888889,26.51222222222222,27.84722222222222,4.108333333333333,40.716071,-73.799692,11432.0,Career Technical,High school,Jamaica,11432
77Q620,THOMAS A. EDISON CAREER AND TECHNICAL EDUCATION HI,living_environment,71.87166666666667,11.0,126.0,35.0,172.0,57.0,13.4,9.9,45.23809524,69.0,10.5,8.2,54.76190476,17.0,13.49206349,15.0,11.9047619,24.0,19.04761905,65.0,51.58730159,2019.8333333333333,362.3888888888889,25.226666666666667,74.775,44.66888888888889,41.53388888888889,26.51222222222222,27.84722222222222,4.108333333333333,40.716071,-73.799692,11432.0,Career Technical,High school,Jamaica,11432
77Q650,HIGH SCHOOL FOR CONSTRUCTION TRADES  ENGINEERING A,common_core_algebra,74.23,3.0,67.0,16.0,86.0,32.0,12.8,7.6,47.76119403,35.0,9.5,5.5,52.23880597,8.0,11.94029851,13.0,19.40298507,11.0,16.41791045,33.0,49.25373134,2019.8235294117646,201.94117647058823,15.560588235294116,84.44235294117647,48.87647058823529,32.96,11.518235294117646,41.853529411764704,13.67,40.689177,-73.841475,11416.0,Career Technical,High school,Southwest Queens,11416
77Q650,HIGH SCHOOL FOR CONSTRUCTION TRADES  ENGINEERING A,common_core_english,79.73833333333333,3.0,67.0,16.0,86.0,32.0,12.8,7.6,47.76119403,35.0,9.5,5.5,52.23880597,8.0,11.94029851,13.0,19.40298507,11.0,16.41791045,33.0,49.25373134,2019.8235294117646,201.94117647058823,15.560588235294116,84.44235294117647,48.87647058823529,32.96,11.518235294117646,41.853529411764704,13.67,40.689177,-73.841475,11416.0,Career Technical,High school,Southwest Queens,11416
77Q650,HIGH SCHOOL FOR CONSTRUCTION TRADES  ENGINEERING A,living_environment,75.658,3.0,67.0,16.0,86.0,32.0,12.8,7.6,47.76119403,35.0,9.5,5.5,52.23880597,8.0,11.94029851,13.0,19.40298507,11.0,16.41791045,33.0,49.25373134,2019.8235294117646,201.94117647058823,15.560588235294116,84.44235294117647,48.87647058823529,32.96,11.518235294117646,41.853529411764704,13.67,40.689177,-73.841475,11416.0,Career Technical,High school,Southwest Queens,11416
77Q670,ROBERT F. KENNEDY COMMUNITY HIGH SCHOOL,common_core_algebra,67.96833333333333,3.0,37.0,8.0,48.0,20.0,17.7,13.3,54.05405405,17.0,14.1,8.9,45.94594595,,,,,,,28.0,75.67567568,2019.8333333333333,134.38888888888889,30.055,69.945,31.481666666666666,35.86277777777778,10.495555555555557,44.267222222222216,9.373333333333333,40.72528,-73.811408,11366.0,General Academic,High school,Fresh Meadows,11366
77Q670,ROBERT F. KENNEDY COMMUNITY HIGH SCHOOL,common_core_english,78.04333333333334,3.0,37.0,8.0,48.0,20.0,17.7,13.3,54.05405405,17.0,14.1,8.9,45.94594595,,,,,,,28.0,75.67567568,2019.8333333333333,134.38888888888889,30.055,69.945,31.481666666666666,35.86277777777778,10.495555555555557,44.267222222222216,9.373333333333333,40.72528,-73.811408,11366.0,General Academic,High school,Fresh Meadows,11366
77Q670,ROBERT F. KENNEDY COMMUNITY HIGH SCHOOL,living_environment,66.045,3.0,37.0,8.0,48.0,20.0,17.7,13.3,54.05405405,17.0,14.1,8.9,45.94594595,,,,,,,28.0,75.67567568,2019.8333333333333,134.38888888888889,30.055,69.945,31.481666666666666,35.86277777777778,10.495555555555557,44.267222222222216,9.373333333333333,40.72528,-73.811408,11366.0,General Academic,High school,Fresh Meadows,11366
77Q686,QUEENS METROPOLITAN HIGH SCHOOL,common_core_algebra,68.00166666666667,5.0,63.0,14.0,82.0,30.0,14.399999999999999,8.2,47.61904762,33.0,11.9,8.2,52.38095238,7.0,11.11111111,,,5.0,7.936507937,45.0,71.42857143,2019.8333333333333,206.66666666666666,24.770555555555557,75.22944444444445,41.19111111111111,7.741666666666666,0.0,51.04277777777778,41.21388888888889,40.708431,-73.855543,11375.0,General Academic,High school,Jamaica,11375
77Q686,QUEENS METROPOLITAN HIGH SCHOOL,common_core_english,80.03,5.0,63.0,14.0,82.0,30.0,14.399999999999999,8.2,47.61904762,33.0,11.9,8.2,52.38095238,7.0,11.11111111,,,5.0,7.936507937,45.0,71.42857143,2019.8333333333333,206.66666666666666,24.770555555555557,75.22944444444445,41.19111111111111,7.741666666666666,0.0,51.04277777777778,41.21388888888889,40.708431,-73.855543,11375.0,General Academic,High school,Jamaica,11375
77Q686,QUEENS METROPOLITAN HIGH SCHOOL,living_environment,72.20333333333333,5.0,63.0,14.0,82.0,30.0,14.399999999999999,8.2,47.61904762,33.0,11.9,8.2,52.38095238,7.0,11.11111111,,,5.0,7.936507937,45.0,71.42857143,2019.8333333333333,206.66666666666666,24.770555555555557,75.22944444444445,41.19111111111111,7.741666666666666,0.0,51.04277777777778,41.21388888888889,40.708431,-73.855543,11375.0,General Academic,High school,Jamaica,11375
77Q687,QUEENS HIGH SCHOOL FOR THE SCIENCES AT YORK COLLEG,common_core_algebra,88.98333333333333,3.0,28.0,7.0,38.0,13.0,9.0,6.0,46.42857143,15.0,11.4,6.1,53.57142857,8.0,28.57142857,,,,,15.0,53.57142857,2019.8125,68.25,0.0,100.0,98.17375,95.165,1.2525,1.0575,2.5256250000000002,40.700884,-73.798364,11433.0,General Academic,High school,Jamaica,11433
77Q687,QUEENS HIGH SCHOOL FOR THE SCIENCES AT YORK COLLEG,common_core_english,94.354,3.0,28.0,7.0,38.0,13.0,9.0,6.0,46.42857143,15.0,11.4,6.1,53.57142857,8.0,28.57142857,,,,,15.0,53.57142857,2019.8125,68.25,0.0,100.0,98.17375,95.165,1.2525,1.0575,2.5256250000000002,40.700884,-73.798364,11433.0,General Academic,High school,Jamaica,11433
77Q687,QUEENS HIGH SCHOOL FOR THE SCIENCES AT YORK COLLEG,living_environment,91.96000000000001,3.0,28.0,7.0,38.0,13.0,9.0,6.0,46.42857143,15.0,11.4,6.1,53.57142857,8.0,28.57142857,,,,,15.0,53.57142857,2019.8125,68.25,0.0,100.0,98.17375,95.165,1.2525,1.0575,2.5256250000000002,40.700884,-73.798364,11433.0,General Academic,High school,Jamaica,11433
77Q690,HIGH SCHOOL FOR LAW ENFORCEMENT AND PUBLIC SAFETY,common_core_algebra,56.64833333333333,3.0,30.0,7.0,40.0,8.0,13.5,11.2,26.66666667,22.0,12.0,6.9,73.33333333,,,15.0,50.0,,,6.0,20.0,2019.8333333333333,115.94444444444444,56.39666666666667,43.60333333333333,11.157222222222222,14.295555555555556,61.10499999999999,24.087222222222223,0.5127777777777778,40.685838,-73.783438,11434.0,General Academic,High school,Jamaica,11434
77Q690,HIGH SCHOOL FOR LAW ENFORCEMENT AND PUBLIC SAFETY,common_core_english,67.20166666666667,3.0,30.0,7.0,40.0,8.0,13.5,11.2,26.66666667,22.0,12.0,6.9,73.33333333,,,15.0,50.0,,,6.0,20.0,2019.8333333333333,115.94444444444444,56.39666666666667,43.60333333333333,11.157222222222222,14.295555555555556,61.10499999999999,24.087222222222223,0.5127777777777778,40.685838,-73.783438,11434.0,General Academic,High school,Jamaica,11434
77Q690,HIGH SCHOOL FOR LAW ENFORCEMENT AND PUBLIC SAFETY,living_environment,55.54,3.0,30.0,7.0,40.0,8.0,13.5,11.2,26.66666667,22.0,12.0,6.9,73.33333333,,,15.0,50.0,,,6.0,20.0,2019.8333333333333,115.94444444444444,56.39666666666667,43.60333333333333,11.157222222222222,14.295555555555556,61.10499999999999,24.087222222222223,0.5127777777777778,40.685838,-73.783438,11434.0,General Academic,High school,Jamaica,11434
77Q744,VOYAGES PREPARATORY,common_core_algebra,64.39,2.0,17.0,4.0,23.0,9.0,13.7,10.4,52.94117647,8.0,12.8,6.6,47.05882353,,,,,7.0,41.17647059,6.0,35.29411765,2019.3333333333333,32.0,34.948,65.05199999999999,13.844666666666667,0.0,6.717333333333333,93.28266666666667,0.0,40.743228,-73.871505,11373.0,Transfer School,High school,West Queens,11373
77Q744,VOYAGES PREPARATORY,common_core_english,68.02166666666666,2.0,17.0,4.0,23.0,9.0,13.7,10.4,52.94117647,8.0,12.8,6.6,47.05882353,,,,,7.0,41.17647059,6.0,35.29411765,2019.3333333333333,32.0,34.948,65.05199999999999,13.844666666666667,0.0,6.717333333333333,93.28266666666667,0.0,40.743228,-73.871505,11373.0,Transfer School,High school,West Queens,11373
77Q744,VOYAGES PREPARATORY,living_environment,66.6525,2.0,17.0,4.0,23.0,9.0,13.7,10.4,52.94117647,8.0,12.8,6.6,47.05882353,,,,,7.0,41.17647059,6.0,35.29411765,2019.3333333333333,32.0,34.948,65.05199999999999,13.844666666666667,0.0,6.717333333333333,93.28266666666667,0.0,40.743228,-73.871505,11373.0,Transfer School,High school,West Queens,11373
77Q792,NORTH QUEENS COMMUNITY HIGH SCHOOL,common_core_algebra,56.57000000000001,2.0,9.0,2.0,13.0,,,,,,,,,,,,,,,6.0,66.66666667,2019.5625,56.0625,58.02375,41.97625,5.468125000000001,0.0,25.744375,74.255625,0.0,40.810671,-73.907528,10455.0,Transfer School,High school,Hunts Point - Mott Haven,10455
77Q792,NORTH QUEENS COMMUNITY HIGH SCHOOL,common_core_english,60.20666666666667,2.0,9.0,2.0,13.0,,,,,,,,,,,,,,,6.0,66.66666667,2019.5625,56.0625,58.02375,41.97625,5.468125000000001,0.0,25.744375,74.255625,0.0,40.810671,-73.907528,10455.0,Transfer School,High school,Hunts Point - Mott Haven,10455
77Q792,NORTH QUEENS COMMUNITY HIGH SCHOOL,living_environment,59.762,2.0,9.0,2.0,13.0,,,,,,,,,,,,,,,6.0,66.66666667,2019.5625,56.0625,58.02375,41.97625,5.468125000000001,0.0,25.744375,74.255625,0.0,40.810671,-73.907528,10455.0,Transfer School,High school,Hunts Point - Mott Haven,10455
77Q896,YOUNG WOMEN'S LEADERSHIP SCHOOL  QUEENS,common_core_algebra,68.85799999999999,3.0,35.0,5.0,43.0,7.0,11.4,7.0,20.0,28.0,13.5,8.5,80.0,8.0,22.85714286,10.0,28.57142857,5.0,14.28571429,12.0,34.28571429,2019.8125,76.875,17.45125,82.54875,44.98125,5.085625,27.913125,66.571875,0.43125,40.792932,-73.947171,10029.0,General Academic,High school,East Harlem,10029
77Q896,YOUNG WOMEN'S LEADERSHIP SCHOOL  QUEENS,common_core_english,83.77333333333333,3.0,35.0,5.0,43.0,7.0,11.4,7.0,20.0,28.0,13.5,8.5,80.0,8.0,22.85714286,10.0,28.57142857,5.0,14.28571429,12.0,34.28571429,2019.8125,76.875,17.45125,82.54875,44.98125,5.085625,27.913125,66.571875,0.43125,40.792932,-73.947171,10029.0,General Academic,High school,East Harlem,10029
77Q896,YOUNG WOMEN'S LEADERSHIP SCHOOL  QUEENS,living_environment,73.712,3.0,35.0,5.0,43.0,7.0,11.4,7.0,20.0,28.0,13.5,8.5,80.0,8.0,22.85714286,10.0,28.57142857,5.0,14.28571429,12.0,34.28571429,2019.8125,76.875,17.45125,82.54875,44.98125,5.085625,27.913125,66.571875,0.43125,40.792932,-73.947171,10029.0,General Academic,High school,East Harlem,10029
