MeanScore,Leadership_Count,Teacher_Count,Other_Staff_Count,Total_Staff,Male_Teachers,Male_Avg_Years_Title,Male_Avg_Years_School,Male_Teacher_Percentage,Female_Teachers,Female_Avg_Years_Title,Female_Avg_Years_School,Female_Teacher_Percentage,White,White_Percentage,Year,Total Tested,Percent Scoring Below 65,Percent Scoring 65 or Above,Percent Scoring 80 or Above,Asian_Percent,Black_Percent,Hispanic_Percent,White_Percent,latitude,longitude,ZIP Code_x,ZIP Code_y,Subject,MeanScore_squared,MeanScore_cubed,MeanScore_log,MeanScore_exp,Teacher_Count_squared,Teacher_Count_cubed,Teacher_Count_log,Teacher_Count_exp
66.43333333333334,5.0,38.0,17.0,60.0,14.0,11.1,7.5,36.84210526,24.0,7.300000000000001,4.8,63.15789474,27.0,71.05263158,2019.8333333333333,130.88888888888889,37.23555555555556,62.76444444444444,25.33,12.58611111111111,12.199444444444444,22.397222222222226,52.81944444444444,40.582518,-73.972009,11224.0,11224.0,living_environment,4413.387777777778,293196.06137037044,4.19619893855064,1.943194626335603,1444.0,54872.0,3.6635616461296463,1.4622845894342245
66.03166666666668,3.0,36.0,12.0,51.0,15.0,10.7,7.599999999999999,41.66666667,21.0,16.2,7.400000000000001,58.33333333,9.0,25.0,2019.8333333333333,67.72222222222223,50.95222222222222,49.04777777777778,15.346111111111112,2.9866666666666664,24.60944444444445,72.405,0.0,40.821218,-73.85593,10473.0,10473.0,common_core_english,4360.181002777779,287910.0185817548,4.190134424939977,1.9354051156598375,1296.0,46656.0,3.6109179126442243,1.4333294145603401
79.782,2.0,31.0,6.0,39.0,11.0,5.2,1.8,35.48387097,20.0,8.8,4.9,64.51612903,18.0,58.06451613,2019.6875,89.875,24.488125,75.511875,34.186875,1.1925,13.476875,56.056875,29.274375,40.786134,-73.974483,10024.0,10024.0,common_core_english,6365.1675239999995,507825.7953997679,4.379297915102624,2.2206945337579485,961.0,29791.0,3.4657359027997265,1.3634251141321778
59.08166666666667,2.0,18.0,11.0,31.0,6.0,11.6,7.800000000000001,33.33333333,12.0,16.4,7.800000000000001,66.66666667,6.0,33.33333333,2019.8333333333333,106.33333333333331,55.535555555555554,44.46888888888888,11.448888888888888,2.3633333333333333,53.87,43.22277777777778,0.5427777777777778,40.875172,-73.861649,10467.0,10467.0,common_core_algebra,3490.6433361111117,206233.026036338,4.078920667601542,1.8054622743475879,324.0,5832.0,2.9444389791664403,1.1972173631218102
80.40666666666667,3.0,29.0,7.0,39.0,12.0,7.199999999999999,5.0,41.37931034,17.0,11.1,7.300000000000001,58.62068966,13.0,44.82758621,2019.7777777777776,83.11111111111111,8.803333333333335,91.20055555555555,41.51777777777777,24.67555555555556,37.38944444444444,35.879444444444445,2.055,40.714551,-73.798658,11432.0,11432.0,common_core_english,6465.232044444444,519847.7579202963,4.387097091486988,2.234609889323659,841.0,24389.0,3.4011973816621555,1.336427488025472
28.05,2.0,23.0,6.0,31.0,10.0,7.6,4.7,43.47826087,13.0,4.3,2.8999999999999995,56.52173913,15.0,46.66666667,2020.4615384615383,105.3846153846154,84.14769230769231,15.852307692307692,0.8938461538461537,0.0,0.5015384615384615,99.49846153846154,0.0,40.69300199999999,-73.869305,11208.0,11208.0,common_core_english,786.8025,22069.810125,3.3339886319687055,1.323791542662401,529.0,12167.0,3.1780538303479458,1.2586000099294778
54.58833333333333,4.0,51.0,21.0,76.0,25.0,8.4,5.7,49.01960784,26.0,6.7,3.9,50.98039216,25.0,49.01960784,2019.8235294117649,133.2941176470588,64.99117647058823,35.008823529411764,6.556470588235294,0.0,27.063529411764705,72.26176470588236,0.6741176470588236,40.813681,-73.925995,10451.0,10451.0,common_core_algebra,2979.8861361111108,162667.01769341202,3.999820184705383,1.7261324594824894,2601.0,132651.0,3.9512437185814275,1.6652911949458864
74.05714285714285,5.0,41.0,14.0,60.0,17.0,9.7,7.5,41.46341463,24.0,11.6,7.800000000000001,58.53658537,16.0,39.02439024,2019.888888888889,88.61111111111111,26.74944444444445,73.25555555555555,31.435,3.959444444444444,81.71944444444445,14.320555555555554,0.0,40.649602,-73.957173,11226.0,11226.0,common_core_english,5484.460408163264,406163.4679416908,4.304836995982751,2.097133534189961,1681.0,68921.0,3.7376696182833684,1.5068177851128535
64.015,2.0,18.0,11.0,31.0,6.0,11.6,7.800000000000001,33.33333333,12.0,16.4,7.800000000000001,66.66666667,6.0,33.33333333,2019.8333333333333,106.33333333333331,55.535555555555554,44.46888888888888,11.448888888888888,2.3633333333333333,53.87,43.22277777777778,0.5427777777777778,40.875172,-73.861649,10467.0,10467.0,common_core_english,4097.920225,262328.363203375,4.159117430898142,1.8967653727733238,324.0,5832.0,2.9444389791664403,1.1972173631218102
65.452,3.0,34.0,9.0,46.0,19.0,8.5,5.9,55.88235294,15.0,11.4,6.5,44.11764706,14.0,41.17647059,2019.6875,105.8125,42.813125,57.188125,17.698125,0.0,25.888125,68.26,5.853125,40.839775,-73.839583,10461.0,10461.0,living_environment,4283.964304,280394.031625408,4.181317049566649,1.92421867070896,1156.0,39304.0,3.5553480614894135,1.4049475905635938
79.73833333333333,3.0,67.0,16.0,86.0,32.0,12.8,7.6,47.76119403,35.0,9.5,5.5,52.23880597,33.0,49.25373134,2019.8235294117649,201.94117647058823,15.560588235294116,84.44235294117647,48.87647058823529,32.96,11.518235294117646,41.853529411764704,13.67,40.689177,-73.841475,11416.0,11416.0,common_core_english,6358.201802777778,506992.4147504953,4.378750440472338,2.219725042165943,4489.0,300763.0,4.219507705176107,1.9542373206359396
62.665,7.0,69.0,31.0,107.0,30.0,10.7,8.3,43.47826087,39.0,7.599999999999999,4.8,56.52173913,59.0,85.50724638,2019.8333333333333,177.0,38.11611111111111,61.88722222222222,22.961111111111112,1.5477777777777777,27.87833333333333,53.72166666666666,16.85111111111111,40.64282,-74.079263,10301.0,10301.0,living_environment,3926.902225,246079.327929625,4.137803078063485,1.8713311078111048,4761.0,328509.0,4.248495242049359,1.9937155332430823
61.95,3.0,58.0,18.0,79.0,18.0,9.0,6.6,31.03448276,40.0,8.8,6.2,68.96551724,23.0,39.65517241,2019.8947368421047,106.42105263157896,42.04947368421053,57.95157894736842,20.019473684210528,0.8084210526315789,13.826315789473684,85.36473684210527,0.0,40.832508,-73.878191,10472.0,10472.0,common_core_algebra,3837.8025000000002,237751.86487500003,4.126327608075152,1.8579988101527014,3364.0,195112.0,4.07753744390572,1.7860384307500734
60.14666666666667,3.0,32.0,6.0,41.0,17.0,11.9,7.599999999999999,53.125,15.0,8.3,6.0,46.875,11.0,34.375,2019.8333333333333,86.33333333333333,43.16222222222222,56.84,19.93555555555556,1.0983333333333334,37.475,61.42666666666667,0.0,40.765474,-73.9927,10019.0,10019.0,common_core_algebra,3617.6215111111114,217587.87515496297,4.0967860238720855,1.824793202046218,1024.0,32768.0,3.4965075614664802,1.3771277643359572
78.155,1.0,23.0,7.0,31.0,7.0,17.8,9.5,30.43478261,16.0,13.5,5.9,69.56521739,15.0,46.66666667,2019.8333333333333,55.27777777777778,4.893888888888889,95.10611111111112,60.29444444444445,1.4127777777777777,88.125,9.387222222222222,1.0750000000000002,40.685486,-73.953692,11216.0,11216.0,living_environment,6108.204025,477386.68557387503,4.358694034347434,2.1848561693577286,529.0,12167.0,3.1780538303479458,1.2586000099294778
57.84,3.0,36.0,11.0,50.0,13.0,14.300000000000002,9.3,36.11111111,23.0,12.0,6.1,63.88888889,10.0,27.77777778,2019.8333333333333,125.5,56.998333333333335,43.001666666666665,8.318888888888889,0.0,14.46388888888889,83.75055555555555,1.7855555555555556,40.869061,-73.897066,10468.0,10468.0,common_core_algebra,3345.4656000000004,193501.73030400003,4.057680577850509,1.7831830541712834,1296.0,46656.0,3.6109179126442243,1.4333294145603401
66.785,8.0,103.0,22.0,133.0,46.0,13.4,11.6,44.66019417,57.0,10.6,9.1,55.33980583,57.0,55.33980583,2019.8333333333333,378.44444444444446,33.294999999999995,66.705,26.665,9.178888888888888,2.6844444444444444,84.41777777777777,3.717777777777778,40.741658,-73.927995,11101.0,11101.0,common_core_algebra,4460.236225,297876.87628662493,4.201478504429069,1.950040223892328,10609.0,1092727.0,4.6443908991413725,2.801065834699079
83.77333333333333,3.0,35.0,5.0,43.0,7.0,11.4,7.0,20.0,28.0,13.5,8.5,80.0,12.0,34.28571429,2019.8125,76.875,17.45125,82.54875,44.98125,5.085625,27.913125,66.571875,0.43125,40.792932,-73.947171,10029.0,10029.0,common_core_english,7017.971377777777,587918.8555543702,4.428114738866636,2.311122490963065,1225.0,42875.0,3.58351893845611,1.4190675485932571
79.73400000000001,3.0,60.0,23.0,86.0,30.0,15.4,9.2,50.0,30.0,12.4,7.6,50.0,40.0,66.66666667,2019.6666666666667,156.26666666666668,10.082,89.92066666666666,67.09266666666666,26.82333333333333,8.239333333333333,9.759333333333334,55.17666666666666,40.578356,-73.934449,11235.0,11235.0,living_environment,6357.5107560000015,506909.7626189042,4.378696094577426,2.219628856164828,3600.0,216000.0,4.110873864173311,1.8221188003905089
88.50800000000001,3.0,60.0,23.0,86.0,30.0,15.4,9.2,50.0,30.0,12.4,7.6,50.0,40.0,66.66666667,2019.6666666666667,156.26666666666668,10.082,89.92066666666666,67.09266666666666,26.82333333333333,8.239333333333333,9.759333333333334,55.17666666666666,40.578356,-73.934449,11235.0,11235.0,common_core_english,7833.666064000002,693342.1159925122,4.483092943408685,2.423178237990626,3600.0,216000.0,4.110873864173311,1.8221188003905089
74.358,3.0,38.0,5.0,46.0,12.0,7.0,4.6,31.57894737,26.0,6.5,3.1,68.42105263,22.0,57.89473684,2019.8125,78.5,25.1525,74.84875,28.28375,7.89125,38.710625,52.01875,1.380625,40.711441,-74.000851,10038.0,10038.0,common_core_english,5529.112164000001,411133.72229071206,4.308891266310792,2.1034524108524413,1444.0,54872.0,3.6635616461296463,1.4622845894342245
56.66799999999999,3.0,55.0,22.0,80.0,20.0,5.5,3.8,36.36363636,35.0,7.8,3.7,63.63636364,10.0,18.18181818,2019.6666666666667,123.2,55.68733333333333,44.314,14.251333333333331,0.49,8.245333333333333,91.26533333333332,0.0,40.792556,-73.942285,10029.0,10029.0,common_core_algebra,3211.262223999999,181975.80770963192,4.0372096775171045,1.7624061393205253,3025.0,166375.0,4.02535169073515,1.7332530178673953
91.462,4.0,46.0,10.0,60.0,20.0,6.9,5.6,43.47826087,26.0,7.1,4.3,56.52173913,27.0,58.69565217,2020.0,90.33333333333331,0.2586666666666666,99.74133333333332,92.46666666666668,61.578,12.152666666666669,11.351333333333333,14.918666666666669,40.709765,-73.944463,11206.0,11206.0,common_core_english,8365.297444,765106.8348231281,4.515923585473872,2.4958266575535055,2116.0,97336.0,3.8501476017100584,1.5840739849944818
64.81,7.0,72.0,13.0,92.0,27.0,11.1,7.399999999999999,37.5,45.0,10.1,5.6,62.5,39.0,54.16666666999999,2019.8947368421047,238.6315789473684,35.36684210526316,64.63315789473684,28.169473684210526,8.865263157894736,16.948421052631577,69.2878947368421,4.897368421052632,40.767848,-73.98861,10019.0,10019.0,living_environment,4200.3361,272223.78264100006,4.171459912439625,1.9119047568012233,5184.0,373248.0,4.290459441148391,2.0544332106438876
66.75,2.0,10.0,3.0,15.0,14.0,11.0,6.8,40.477524155,20.0,9.95,6.049999999999999,59.522475845,6.0,60.0,2019.6666666666667,14.444444444444445,21.46333333333333,78.53666666666666,35.31444444444445,0.0,14.814444444444442,85.18555555555555,0.0,40.729661,-73.992343,10003.0,10003.0,common_core_algebra,4455.5625,297408.796875,4.200954297280359,1.949357829239996,100.0,1000.0,2.3978952727983707,1.1051709180756477
61.54,4.0,36.0,11.0,51.0,18.0,11.3,4.9,50.0,18.0,9.1,4.0,50.0,12.0,33.33333333,2019.7058823529408,108.47058823529412,43.21,56.79235294117648,11.975882352941175,0.5541176470588235,48.4264705882353,50.40823529411765,0.611764705882353,40.721448,-73.953328,11222.0,11222.0,common_core_algebra,3787.1715999999997,233062.54026399998,4.119687369893896,1.85039661019041,1296.0,46656.0,3.6109179126442243,1.4333294145603401
73.65666666666667,3.0,28.0,5.0,36.0,7.0,6.2,4.4,25.0,21.0,9.6,5.4,75.0,8.0,28.57142857,2019.8333333333333,100.88888888888889,22.27611111111111,77.7238888888889,41.25222222222222,64.18277777777777,4.983888888888888,30.195,0.6405555555555557,40.764892,-73.826811,11354.0,11354.0,common_core_english,5425.304544444444,399609.8483952963,4.299414657028904,2.0887518083135372,784.0,21952.0,3.367295829986474,1.3231298123374369
66.84,3.0,30.0,7.0,40.0,18.0,8.2,1.9,60.0,12.0,5.3,2.0,40.0,11.0,36.66666667,2019.8333333333333,92.33333333333331,55.09444444444444,44.90555555555555,12.40388888888889,34.585,35.56666666666667,29.33055555555556,0.5177777777777778,40.675021,-73.81673,11420.0,11420.0,common_core_english,4467.5856,298613.421504,4.202301703727193,1.9511130410131332,900.0,27000.0,3.4339872044851463,1.3498588075760032
62.06666666666666,3.0,29.0,5.0,37.0,9.0,6.7,3.5,31.03448276,20.0,8.8,4.5,68.96551724,16.0,55.17241379,2019.8235294117649,106.82352941176472,32.80294117647059,67.1970588235294,26.41235294117647,0.0,69.95588235294117,29.835882352941177,0.208235294117647,40.694629,-73.988323,11201.0,11201.0,common_core_algebra,3852.2711111111107,239097.6269629629,4.128209076174857,1.8601677403945074,841.0,24389.0,3.4011973816621555,1.336427488025472
58.85666666666666,4.0,31.0,10.0,45.0,11.0,7.199999999999999,2.8,35.48387097,20.0,5.9,3.1,64.51612903,12.0,38.70967742,2019.8333333333333,121.22222222222224,53.03833333333333,46.961666666666666,15.238888888888887,3.6333333333333337,25.433888888888887,65.01888888888888,5.913888888888889,40.839775,-73.839583,10461.0,10461.0,living_environment,3464.1072111111107,203885.80342196292,4.075105109646597,1.8014045508810574,961.0,29791.0,3.4657359027997265,1.3634251141321778
55.32142857142857,3.0,35.0,9.0,47.0,13.0,8.2,5.8,37.14285714,22.0,10.9,5.7,62.85714286,13.0,37.14285714,2020.0,113.14285714285714,58.08809523809524,41.91190476190476,11.80904761904762,0.1623809523809523,30.934285714285718,68.58333333333333,0.320952380952381,40.836245,-73.890591,10460.0,10460.0,living_environment,3060.4604591836733,169309.04468841106,4.013160330241664,1.7388331515496347,1225.0,42875.0,3.58351893845611,1.4190675485932571
60.94857142857143,4.0,36.0,14.0,54.0,20.0,6.4,3.6,55.55555556,16.0,7.8,3.9,44.44444444,12.0,33.33333333,2019.95,95.75,53.2485,46.7525,10.9215,0.0,87.8475,12.1525,0.0,40.674456,-73.912685,11233.0,11233.0,common_core_algebra,3714.728359183673,226407.38673744604,4.110030417237033,1.8394851345510654,1296.0,46656.0,3.6109179126442243,1.4333294145603401
62.58833333333333,9.0,121.0,41.0,171.0,46.0,11.3,8.5,38.01652893,75.0,11.5,9.1,61.98347107,64.0,52.89256198,2019.8333333333333,504.6111111111111,43.26055555555556,56.74222222222223,19.24388888888889,12.709444444444443,41.36222222222222,27.966666666666665,17.964444444444446,40.582627,-73.968733,11235.0,11235.0,common_core_algebra,3917.299469444444,245177.24496007868,4.136578892260187,1.8698969704513502,14641.0,1771561.0,4.804021044733257,3.3534846525490236
62.501666666666665,2.0,18.0,7.0,27.0,7.0,6.400000000000001,2.4,38.88888889,11.0,8.5,4.2,61.11111111,6.0,33.33333333,2019.8333333333333,81.33333333333333,43.43833333333333,56.56166666666667,15.083333333333334,0.0,95.85333333333334,4.1466666666666665,0.0,40.647728,-73.922212,11203.0,11203.0,common_core_english,3906.458336111111,244160.15677083796,4.135193223053474,1.8682770951243264,324.0,5832.0,2.9444389791664403,1.1972173631218102
63.16333333333333,4.0,35.0,10.0,49.0,18.0,16.9,9.3,51.42857143,17.0,11.4,7.8,48.57142857,13.0,37.14285714,2019.8947368421047,117.89473684210526,41.08105263157895,58.92421052631579,17.335789473684212,4.285263157894737,36.97368421052632,58.54526315789473,0.1947368421052631,40.875172,-73.861649,10467.0,10467.0,common_core_algebra,3989.606677777777,251996.8564573703,4.145723964013413,1.8806798490984953,1225.0,42875.0,3.58351893845611,1.4190675485932571
67.39833333333333,4.0,57.0,21.0,82.0,15.0,9.3,6.8,26.31578947,42.0,8.4,5.1,73.68421053,16.0,28.07017544,2019.6875,100.9375,39.585625,60.414375,25.881875,0.0,9.369375,90.630625,0.0,40.842503,-73.916084,10457.0,10457.0,common_core_algebra,4542.53533611111,306159.31076166197,4.210620289620432,1.962037223790205,3249.0,185193.0,4.060443010546419,1.768267051433735
64.14333333333333,3.0,30.0,8.0,41.0,12.0,4.6,2.7,40.0,18.0,3.9,2.8,60.0,8.0,26.66666667,2019.8333333333333,135.0,50.16333333333333,49.836666666666666,8.421111111111111,10.581666666666669,5.307777777777777,82.04,2.0694444444444446,40.821218,-73.85593,10473.0,10473.0,common_core_algebra,4114.367211111111,263909.227478037,4.161120162564358,1.8992011176036876,900.0,27000.0,3.4339872044851463,1.3498588075760032
59.71142857142858,5.0,53.0,18.0,76.0,28.0,9.7,6.799999999999999,52.830188680000006,25.0,10.2,7.1,47.16981132,25.0,47.16981132,2020.0,189.7619047619048,53.72809523809524,46.27190476190477,12.379523809523809,2.7666666666666666,71.01857142857143,25.966190476190476,0.2485714285714285,40.695444,-73.986105,11201.0,11201.0,common_core_algebra,3565.454702040817,212898.3937655744,4.089523435434792,1.8168682655532324,2809.0,148877.0,3.9889840465642745,1.6989323086185506
66.92666666666666,4.0,52.0,21.0,77.0,18.0,11.1,6.9,34.61538462,34.0,7.800000000000001,5.7,65.38461538,28.0,53.84615385,2019.8333333333333,81.61111111111111,43.74611111111111,56.253888888888895,19.28833333333333,8.242777777777778,27.074444444444445,64.68333333333334,0.0,40.815043,-73.85607,10473.0,10473.0,common_core_english,4479.178711111111,299776.5005389629,4.203597492595271,1.9528047386117495,2704.0,140608.0,3.970291913552122,1.6820276496988864
53.466,3.0,23.0,7.0,33.0,5.0,14.8,8.8,21.73913043,18.0,11.4,6.6,78.26086957,12.0,52.17391304,2019.636363636364,113.36363636363636,62.30181818181818,37.698181818181816,8.143636363636363,26.127272727272725,0.4281818181818181,49.42909090909091,24.015454545454546,40.593028,-73.986313,11214.0,11214.0,common_core_english,2858.613156,152838.610998696,3.9790459378586376,1.7068678085311695,529.0,12167.0,3.1780538303479458,1.2586000099294778
67.45166666666667,5.0,48.0,17.0,70.0,16.0,10.3,7.9,33.33333333,32.0,13.0,7.4,66.66666667,16.0,33.33333333,2019.95,178.35,26.7025,73.298,29.698500000000003,2.142,83.01,14.728,0.1205,40.695389,-73.968759,11205.0,11205.0,living_environment,4549.727336111111,306886.691699588,4.211411292009964,1.9630839227378019,2304.0,110592.0,3.8918202981106265,1.6160744021928934
67.355,2.0,51.0,11.0,64.0,14.0,12.7,4.3,27.45098039,37.0,7.300000000000001,5.0,72.54901961,13.0,25.49019608,2019.8333333333333,112.0,51.99722222222223,48.00611111111111,13.272777777777778,0.535,71.49277777777777,27.806666666666665,0.1661111111111111,40.657266,-73.874064,11239.0,11239.0,common_core_english,4536.696025,305569.16076387506,4.209977139150531,1.9611871918467854,2601.0,132651.0,3.9512437185814275,1.6652911949458864
73.122,3.0,54.0,13.0,70.0,18.0,9.3,7.2,33.33333333,36.0,10.1,6.7,66.66666667,22.0,40.74074074,2019.7058823529408,133.64705882352942,40.43941176470588,59.56058823529412,23.803529411764707,2.2758823529411765,37.35058823529412,46.16058823529412,14.212352941176473,40.669255,-73.97858,11215.0,11215.0,common_core_english,5346.826884,390970.675411848,4.29212927906942,2.07761375091867,2916.0,157464.0,4.007333185232471,1.7160068621848585
75.376,3.0,32.0,13.0,48.0,15.0,8.0,4.1,46.875,17.0,6.0,4.3,53.125,16.0,50.0,2019.6875,113.8125,32.96375,67.0375,27.565,8.689375,25.928125,59.6975,5.684375,40.735361,-73.987064,10003.0,10003.0,common_core_english,5681.541376000001,428251.8627573761,4.322488921957685,2.124974920098194,1024.0,32768.0,3.4965075614664802,1.3771277643359572
58.285,3.0,10.0,4.0,17.0,14.0,11.0,6.8,40.477524155,20.0,9.95,6.049999999999999,59.522475845,5.0,50.0,2019.7777777777776,63.77777777777778,57.641666666666666,42.361666666666665,9.226666666666668,0.0,79.88888888888889,20.11111111111111,0.0,40.69733,-73.984528,11201.0,11201.0,living_environment,3397.1412249999994,198002.37629912497,4.065344770371795,1.7911359007220717,100.0,1000.0,2.3978952727983707,1.1051709180756477
67.22666666666667,3.0,41.0,8.0,52.0,11.0,8.9,5.2,26.82926829,30.0,8.5,2.8,73.17073171,17.0,41.46341463,2019.8333333333333,123.44444444444444,48.59277777777778,51.40888888888889,15.369999999999996,10.454444444444444,73.31777777777778,16.228333333333335,0.0,40.673949,-73.782684,11434.0,11434.0,common_core_english,4519.424711111112,303825.85857896303,4.208069994211555,1.9586719492431248,1681.0,68921.0,3.7376696182833684,1.5068177851128535
64.31166666666667,2.0,25.0,5.0,32.0,14.0,11.2,6.2,56.0,11.0,7.9,4.2,44.0,13.0,52.0,2019.8235294117649,49.94117647058823,30.358823529411765,69.64294117647059,26.324117647058824,12.06,20.983529411764707,66.95764705882353,0.0,40.713362,-73.986051,10002.0,10002.0,common_core_algebra,4135.990469444445,265992.4404074213,4.163741055946341,1.902400798460821,625.0,15625.0,3.258096538021482,1.2840254166877414
61.45428571428572,6.0,45.0,20.0,71.0,27.0,7.6,6.6,60.0,18.0,8.1,7.4,40.0,8.0,17.77777778,2019.95,88.95,51.0465,48.953500000000005,12.8625,0.0,64.6195,35.3805,0.0,40.845366,-73.897479,10457.0,10457.0,living_environment,3776.6292326530615,232090.05190038486,4.118293576692974,1.8488112354964652,2025.0,91125.0,3.828641396489095,1.568312185490169
91.468,3.0,27.0,3.0,33.0,12.0,17.9,10.3,44.44444444,15.0,16.5,7.7,55.55555556,15.0,55.55555556,2019.6666666666667,71.73333333333333,0.0,100.0,96.96733333333331,21.82133333333333,3.296,16.274,58.60933333333333,40.874725,-73.895543,10458.0,10458.0,living_environment,8366.395024000001,765257.4200552321,4.515989184336848,2.495976411645537,729.0,19683.0,3.332204510175204,1.3099644507332473
60.825,2.0,31.0,8.0,41.0,10.0,12.2,8.7,32.25806452,21.0,11.6,7.5,67.74193548,15.0,48.38709677,2019.7058823529408,99.47058823529412,44.55882352941177,55.44529411764706,19.176470588235293,1.0511764705882352,34.33764705882353,64.61117647058823,0.0,40.774891,-73.985608,10023.0,10023.0,common_core_algebra,3699.6806250000004,225033.07401562502,4.1080008886695865,1.837213460351141,961.0,29791.0,3.4657359027997265,1.3634251141321778
55.97285714285714,3.0,22.0,5.0,30.0,7.0,14.0,13.5,31.81818182,15.0,10.1,9.7,68.18181818,14.0,63.63636364,2020.0,122.71428571428572,49.69285714285714,50.31380952380952,15.195238095238096,7.224285714285715,12.394285714285711,74.1152380952381,6.266666666666667,40.888242,-73.852714,10466.0,10466.0,living_environment,3132.9607367346935,175360.76375143143,4.02486687935555,1.7501973822435304,484.0,10648.0,3.1354942159291497,1.2460767305873808
59.35333333333333,3.0,29.0,6.0,38.0,13.0,10.800000000000002,8.2,44.82758621,16.0,13.199999999999998,10.4,55.17241379,14.0,48.27586207,2019.8333333333333,145.0,48.028333333333336,51.97166666666666,15.546666666666669,20.72,0.505,72.17666666666666,6.598333333333334,40.743253,-73.933316,11101.0,11101.0,common_core_english,3522.8181777777777,209091.00157837034,4.083508283477415,1.8103737819700623,841.0,24389.0,3.4011973816621555,1.336427488025472
61.86666666666667,9.0,88.0,21.0,118.0,35.0,9.6,8.1,39.77272727,53.0,9.5,7.400000000000001,60.22727273000001,37.0,42.04545455,2019.8333333333333,464.3333333333333,47.245,52.75555555555556,17.537222222222223,16.015555555555554,14.818333333333335,66.73333333333333,2.433333333333333,40.764892,-73.826811,11354.0,11354.0,common_core_algebra,3827.4844444444443,236793.7042962963,4.12498153168399,1.8564511227702154,7744.0,681472.0,4.48863636973214,2.4108997064172097
46.682,2.0,18.0,8.0,28.0,12.0,18.3,9.7,66.66666667,6.0,12.7,7.1,33.33333333,5.0,27.77777778,2019.5625,140.5,62.385,37.615,3.890625,1.89875,1.033125,95.820625,1.2475,40.869061,-73.897066,10468.0,10468.0,common_core_english,2179.209124,101729.84032656801,3.8433586514019953,1.5949142930050977,324.0,5832.0,2.9444389791664403,1.1972173631218102
69.24666666666667,3.0,33.0,10.0,46.0,12.0,14.7,10.4,36.36363636,21.0,11.7,7.2,63.63636363999999,17.0,51.51515152,2019.7058823529408,102.88235294117646,30.171176470588232,69.82941176470588,30.51176470588236,10.800588235294116,12.304117647058822,75.96470588235294,0.9323529411764708,40.877379,-73.912686,10463.0,10463.0,common_core_algebra,4795.100844444445,332044.7498082963,4.237675009131555,1.9986394352075711,1089.0,35937.0,3.5263605246161616,1.3909681284637803
59.696666666666665,3.0,28.0,9.0,40.0,11.0,14.1,7.599999999999999,39.28571429,17.0,13.3,8.0,60.71428571,7.0,25.0,2019.8333333333333,99.11111111111111,50.63722222222222,49.36277777777778,15.47888888888889,0.0,73.73444444444445,26.077222222222225,0.1883333333333333,40.888242,-73.852714,10466.0,10466.0,living_environment,3563.692011111111,212740.53408996295,4.089276184110538,1.8166000809852842,784.0,21952.0,3.367295829986474,1.3231298123374369
78.33999999999999,3.0,45.0,7.0,55.0,11.0,9.1,5.4,24.44444444,34.0,6.7,4.4,75.55555556,20.0,44.44444444,2019.8125,72.625,21.9125,78.088125,33.49125,0.8725,37.770625,61.356875,0.0,40.848552,-73.909022,10453.0,10453.0,common_core_english,6137.155599999998,480784.7697039998,4.361058328237685,2.188901894412842,2025.0,91125.0,3.828641396489095,1.568312185490169
60.1,3.0,56.0,16.0,75.0,22.0,12.8,8.4,39.28571429,34.0,9.3,8.2,60.71428571,21.0,37.5,2019.8333333333333,166.11111111111111,52.53944444444445,47.461666666666666,8.507777777777777,1.5499999999999998,27.375555555555557,71.07499999999999,0.0,40.836821,-73.887688,10460.0,10460.0,common_core_algebra,3612.01,217081.801,4.096009841541162,1.823941830554062,3136.0,175616.0,4.04305126783455,1.7506725002961012
82.8,2.0,34.0,5.0,41.0,16.0,13.0,9.7,47.05882353,18.0,10.9,7.3,52.94117647,25.0,73.52941176,2019.8235294117649,92.58823529411764,1.3288235294117647,98.67176470588235,83.87,17.138823529411766,1.2935294117647058,15.323529411764708,66.24235294117646,40.770288,-73.953276,10021.0,10021.0,common_core_algebra,6855.839999999999,567663.5519999999,4.416428061391214,2.288736686364905,1156.0,39304.0,3.5553480614894135,1.4049475905635938
61.88666666666666,2.0,19.0,8.0,29.0,6.0,14.1,10.0,31.578947370000005,13.0,9.4,6.8,68.42105263,8.0,42.10526316,2019.7058823529408,96.05882352941175,43.69705882352941,56.30294117647059,17.538823529411765,1.4729411764705882,85.47294117647058,12.435882352941176,0.6170588235294118,40.669805,-73.960689,11225.0,11225.0,common_core_algebra,3829.9595111111107,237023.4276109629,4.125304755303676,1.8568224501262671,361.0,6859.0,2.995732273553991,1.2092495976572515
74.01666666666667,3.0,26.0,5.0,34.0,8.0,6.2,5.1,30.76923077,18.0,8.2,3.8,69.23076923,9.0,34.61538462,2019.8333333333333,72.38888888888889,38.757777777777775,61.24222222222222,23.378888888888888,0.0,16.718333333333334,83.28166666666667,0.0,40.832508,-73.878191,10472.0,10472.0,common_core_english,5478.466944444444,405497.8616712963,4.304290293070002,2.0962848661919464,676.0,17576.0,3.295836866004329,1.2969300866657718
67.61142857142858,13.0,230.0,130.0,373.0,81.0,13.6,10.9,35.2173913,149.0,11.9,9.2,64.7826087,195.0,84.7826087,2019.95,684.25,30.740500000000004,69.2595,35.1275,8.243,1.4745,16.145500000000002,74.136,40.528152,-74.193431,10312.0,10312.0,living_environment,4571.305273469388,309072.47997537034,4.213777030467122,1.9662226896141044,52900.0,12167000.0,5.442417710521793,9.974182454814718
70.65666666666667,7.0,74.0,17.0,98.0,21.0,13.5,8.7,28.37837838,53.0,10.5,5.9,71.62162162,43.0,58.10810811,2019.8333333333333,204.38888888888889,20.042777777777776,79.96166666666666,45.07222222222222,19.994444444444444,1.5811111111111111,45.27555555555556,33.14555555555555,40.751144,-73.937564,11101.0,11101.0,common_core_algebra,4992.364544444445,352743.83749529626,4.257832466556536,2.027019863069242,5476.0,405224.0,4.31748811353631,2.0959355144943643
65.09833333333333,2.0,18.0,4.0,24.0,7.0,13.4,7.5,38.88888889,11.0,10.3,7.4,61.11111111,11.0,61.11111111,2019.5625,29.5,53.235625,46.764375,12.443125,0.0,24.685625,75.314375,0.0,40.677968,-74.014363,11238.5,11231.0,common_core_english,4237.7930027777775,275873.2614924953,4.1758989472482915,1.9174253705768407,324.0,5832.0,2.9444389791664403,1.1972173631218102
85.11166666666666,5.0,73.0,24.0,102.0,16.0,11.4,8.0,21.91780822,57.0,10.6,7.4,78.08219178,49.0,67.12328767,2019.8235294117649,172.64705882352942,2.8341176470588234,97.16529411764704,84.02941176470588,18.29823529411765,14.551176470588237,17.53058823529412,49.62235294117647,40.584543,-73.825162,11694.0,11694.0,common_core_algebra,7243.9958027777775,616548.5561007545,4.443964119798212,2.342260916825244,5329.0,389017.0,4.30406509320417,2.0750806076741224
55.34,3.0,44.0,7.0,54.0,15.0,14.2,8.7,34.09090909,29.0,9.9,5.5,65.90909091,9.0,20.45454545,2020.4285714285716,131.07142857142858,56.04285714285714,43.957142857142856,6.835714285714286,0.0,0.0,100.0,0.0,40.869061,-73.897066,10468.0,10468.0,common_core_english,3062.5156,169479.61330400003,4.01349597435878,1.739156107694208,1936.0,85184.0,3.8066624897703196,1.552707218511336
62.46,4.0,34.0,7.0,45.0,18.0,10.9,5.5,52.94117647,16.0,14.4,5.2,47.05882353,18.0,52.94117647,2019.8333333333333,138.72222222222223,47.68833333333333,52.31166666666667,17.559444444444445,2.628888888888889,42.10388888888889,54.47944444444445,0.7888888888888889,40.601537,-73.763995,11691.0,11691.0,common_core_algebra,3901.2516,243672.174936,4.134526351854933,1.8674988084890003,1156.0,39304.0,3.5553480614894135,1.4049475905635938
71.16333333333334,5.0,38.0,17.0,60.0,14.0,11.1,7.5,36.84210526,24.0,7.300000000000001,4.8,63.15789474,27.0,71.05263158,2019.8333333333333,130.88888888888889,37.23555555555556,62.76444444444444,25.33,12.58611111111111,12.199444444444444,22.397222222222226,52.81944444444444,40.582518,-73.972009,11224.0,11224.0,common_core_english,5064.220011111112,360386.77672403713,4.264977704496123,2.0373161589652926,1444.0,54872.0,3.6635616461296463,1.4622845894342245
82.07666666666667,8.0,88.0,14.0,110.0,30.0,12.5,9.8,34.09090909,58.0,7.199999999999999,5.4,65.90909091,39.0,44.31818182,2019.8333333333333,276.5,16.923333333333332,83.07666666666667,58.818333333333335,19.27111111111111,18.44333333333333,58.39777777777778,3.8866666666666654,40.794184,-73.932868,10029.0,10029.0,common_core_english,6736.579211111111,552915.966383963,4.407653769811595,2.2722412215197467,7744.0,681472.0,4.48863636973214,2.4108997064172097
58.40833333333333,1.0,31.0,10.0,42.0,18.0,12.5,6.0,58.06451613,13.0,13.5,5.7,41.93548387,8.0,25.80645161,2019.8333333333333,125.22222222222224,61.49666666666667,38.50555555555556,10.887222222222222,3.848888888888889,30.960555555555555,65.19111111111111,0.0,40.821218,-73.85593,10473.0,10473.0,living_environment,3411.5334027777776,199261.98016724535,4.0674585737182785,1.7933463311515345,961.0,29791.0,3.4657359027997265,1.3634251141321778
71.01428571428572,4.0,51.0,17.0,72.0,22.0,12.0,8.6,43.1372549,29.0,9.4,7.299999999999999,56.8627451,36.0,70.58823529,2020.0,743.6666666666666,29.472380952380952,70.53,33.74809523809523,42.72380952380953,1.4514285714285715,31.03952380952381,24.78619047619048,40.613041,-74.002308,11214.0,11214.0,common_core_english,5043.0287755102045,358127.0863294461,4.262881064045314,2.0342818495825585,2601.0,132651.0,3.9512437185814275,1.6652911949458864
59.898,2.0,11.0,4.0,17.0,14.0,11.0,6.8,40.477524155,20.0,9.95,6.049999999999999,59.522475845,15.0,46.66666667,2019.1,34.0,60.211,39.789,7.786999999999999,0.0,93.753,6.247,0.0,40.666251,-73.923881,11212.0,11212.0,common_core_english,3587.7704040000003,214900.27165879204,4.0926431155823435,1.8202611867581184,121.0,1331.0,2.4849066497880004,1.1162780704588713
66.14666666666666,2.0,26.0,8.0,36.0,7.0,8.2,5.0,26.92307692,19.0,6.1,4.1,73.07692308,7.0,26.92307692,2019.8235294117649,102.52941176470588,50.95411764705882,49.04588235294118,13.124117647058824,0.0,17.382941176470588,82.61705882352942,0.0,40.839307,-73.911366,10457.0,10457.0,common_core_english,4375.381511111111,289416.9023549629,4.191874498764738,1.9376321118202047,676.0,17576.0,3.295836866004329,1.2969300866657718
60.37166666666667,2.0,18.0,8.0,28.0,8.0,17.4,6.7,44.44444444,10.0,11.0,4.5,55.55555556,9.0,50.0,2019.5625,33.4375,62.07625,37.92375,6.518125,0.0,23.965,76.035,0.0,40.818703,-73.905389,10456.0,10456.0,common_core_english,3644.7381361111115,220038.915840588,4.100519899958589,1.82890360922482,324.0,5832.0,2.9444389791664403,1.1972173631218102
67.185,3.0,47.0,10.0,60.0,21.0,9.0,6.9,44.68085106,26.0,6.4,5.1,55.31914894,30.0,63.82978723000001,2019.8235294117649,113.47058823529412,22.38470588235294,77.6164705882353,41.938235294117646,4.328235294117647,14.82294117647059,64.60588235294118,16.242941176470588,40.742964,-73.959183,11101.0,11101.0,common_core_algebra,4513.824225,303261.28055662505,4.207450008327373,1.957856005930935,2209.0,103823.0,3.871201010907891,1.5999941932173602
74.73666666666666,4.0,62.0,12.0,78.0,18.0,7.1,5.5,29.03225806,44.0,8.6,5.7,70.96774194,37.0,59.67741935,2019.8235294117649,123.3529411764706,18.677647058823528,81.32235294117648,53.27941176470589,70.77176470588235,7.125882352941177,21.83235294117647,0.2694117647058823,40.74943,-73.821402,11355.0,11355.0,common_core_algebra,5585.569344444444,417446.83423929627,4.31397082400827,2.1114325835730177,3844.0,238328.0,4.143134726391533,1.858928041846342
60.53666666666667,8.0,90.0,41.0,139.0,39.0,12.7,8.4,43.33333333,51.0,11.3,7.3,56.66666667,34.0,37.77777778,2019.95,262.2,46.3805,53.6245,16.8655,0.1755,93.429,5.899,0.496,40.669805,-73.960689,11225.0,11225.0,living_environment,3664.6880111111113,221847.996565963,4.103249242062297,1.8319237911449213,8100.0,729000.0,4.51085950651685,2.45960311115695
65.69714285714285,3.0,29.0,8.0,40.0,12.0,1.9,1.7,41.37931034,17.0,3.7,3.0,58.62068966,19.0,65.51724138,2020.0,132.7,31.8615,68.1385,21.891,0.3155,35.1965,64.14450000000001,0.344,40.859466,-73.888625,10458.0,10458.0,common_core_algebra,4316.1145795918355,283556.3961232419,4.185055436830226,1.9289415418614784,841.0,24389.0,3.4011973816621555,1.336427488025472
69.51333333333334,3.0,48.0,13.0,64.0,19.0,10.0,4.6,39.58333333,29.0,7.8,5.5,60.41666667,18.0,37.5,2019.8235294117649,145.35294117647058,42.08058823529412,57.919411764705885,16.615294117647057,0.0,16.24764705882353,83.75235294117647,0.0,40.826933,-73.900593,10456.0,10456.0,common_core_english,4832.103511111111,335895.62206903705,4.241518580693337,2.003976252962573,2304.0,110592.0,3.8918202981106265,1.6160744021928934
74.41,3.0,32.0,3.0,38.0,15.0,10.2,6.6,46.875,17.0,9.2,4.2,53.125,18.0,56.25,2019.6875,101.9375,38.06625,61.93875,19.455625,3.223125,27.54875,68.603125,0.62625,40.743407,-74.00254,10011.0,10011.0,common_core_english,5536.848099999999,411996.86712099996,4.309590341409169,2.1045464905421505,1024.0,32768.0,3.4965075614664802,1.3771277643359572
59.83166666666667,4.0,46.0,18.0,68.0,13.0,8.5,5.2,28.26086957,33.0,14.4,9.9,71.73913043,7.0,15.2173913,2019.95,113.3,58.346,41.654,6.614,0.0,66.452,33.016000000000005,0.5315000000000001,40.673766,-73.895976,11207.0,11207.0,common_core_algebra,3579.8283361111116,214187.095730088,4.091535063719059,1.8190541472166093,2116.0,97336.0,3.8501476017100584,1.5840739849944818
70.38833333333334,2.0,39.0,10.0,51.0,19.0,13.0,10.2,48.71794872,20.0,13.4,10.2,51.28205128,14.0,35.8974359,2019.8235294117649,75.0,15.618235294117646,84.38176470588235,38.43941176470588,0.2676470588235294,15.365882352941178,84.3664705882353,0.0,40.814857,-73.912038,10455.0,10455.0,common_core_algebra,4954.517469444445,348740.2271450787,4.2540275297340004,2.0215879841334976,1521.0,59319.0,3.6888794541139363,1.4769807938826427
67.25833333333334,2.0,8.0,5.0,15.0,14.0,11.0,6.8,40.477524155,20.0,9.95,6.049999999999999,59.522475845,5.0,62.5,2019.8333333333333,38.16666666666666,28.886666666666667,71.11333333333333,23.835,8.363333333333333,54.51500000000001,37.123333333333335,0.0,40.708204,-73.799532,11432.0,11432.0,common_core_english,4523.683402777779,304255.4061984955,4.208540926542327,1.9592922935763872,64.0,512.0,2.1972245773362196,1.0832870676749586
68.22,13.0,170.0,51.0,234.0,66.0,15.1,12.0,38.82352941,104.0,12.9,10.0,61.17647059,110.0,64.70588235,2019.8333333333333,653.8333333333334,29.42944444444445,70.57333333333332,34.64,37.39166666666667,12.431111111111113,34.54666666666667,15.63,40.771398,-73.781041,11361.0,11361.0,common_core_algebra,4653.9684,317493.724248,4.2227377769905,1.9782250435303692,28900.0,4913000.0,5.14166355650266,5.4739473917272
53.75,2.0,14.0,4.0,20.0,14.0,11.0,6.8,40.477524155,20.0,9.95,6.049999999999999,59.522475845,15.0,46.66666667,2019.571428571429,41.71428571428572,48.79285714285714,51.207142857142856,13.822857142857142,0.0,32.22714285714286,67.77285714285713,0.0,40.823124,-73.898265,10459.0,10459.0,living_environment,2889.0625,155287.109375,3.984343667007772,1.7117222030848642,196.0,2744.0,2.70805020110221,1.1502737988572274
70.28,3.0,39.0,13.0,55.0,15.0,7.7,6.1,38.46153846,24.0,10.8,6.8,61.53846154000001,25.0,64.1025641,2019.8235294117649,126.11764705882354,20.22764705882353,79.77352941176471,45.88352941176471,14.17235294117647,2.71235294117647,79.38529411764705,3.732352941176471,40.743228,-73.871505,11373.0,11373.0,common_core_algebra,4939.2784,347132.485952,4.252487263318897,2.0193991163348173,1521.0,59319.0,3.6888794541139363,1.4769807938826427
69.14571428571428,12.0,153.0,36.0,201.0,92.0,11.5,7.200000000000001,60.13071895,61.0,11.2,8.1,39.86928105,108.0,70.58823529,2020.0,526.7142857142857,39.8252380952381,60.17476190476191,24.304285714285715,27.713809523809523,25.462380952380958,30.72095238095238,16.103333333333335,40.58807,-73.981925,11223.0,11223.0,common_core_english,4781.129804081632,330594.63539594156,4.236216079121625,1.9966227792134674,23409.0,3581577.0,5.0369526024136295,4.618176822299781
59.865,3.0,28.0,5.0,36.0,14.0,8.8,5.7,50.0,14.0,9.5,6.9,50.0,7.0,25.0,2019.8333333333333,133.27777777777777,54.48611111111112,45.51611111111111,9.827777777777778,0.1761111111111111,62.17777777777778,37.64555555555555,0.0,40.666868,-73.895122,11207.0,11207.0,common_core_algebra,3583.8182250000004,214545.27803962503,4.092092027168807,1.8196605996688082,784.0,21952.0,3.367295829986474,1.3231298123374369
62.4,9.0,101.0,33.0,143.0,43.0,15.6,14.4,42.57425743,58.0,12.8,11.2,57.42574257,56.0,55.44554455,2019.8333333333333,394.27777777777777,44.63666666666667,55.36333333333333,19.74055555555556,9.090555555555556,3.9505555555555554,70.44777777777777,16.510555555555555,40.711881,-73.909202,11385.0,11385.0,common_core_algebra,3893.7599999999998,242970.62399999998,4.133565275375382,1.8663786452864723,10201.0,1030301.0,4.624972813284271,2.7456010150169163
58.575,3.0,15.0,4.0,22.0,5.0,11.6,8.4,33.33333333,10.0,9.9,6.5,66.66666667,5.0,33.33333333,2019.8235294117649,72.3529411764706,48.888823529411766,51.11117647058824,9.95,0.0,0.3094117647058823,99.69058823529411,0.0,40.74651,-73.98107,10016.0,10016.0,common_core_algebra,3431.0306250000003,200972.61885937504,4.070307984393859,1.7963377338465787,225.0,3375.0,2.772588722239781,1.161834242728283
69.48333333333333,3.0,28.0,9.0,40.0,11.0,14.1,7.599999999999999,39.28571429,17.0,13.3,8.0,60.71428571,7.0,25.0,2019.8333333333333,99.11111111111111,50.63722222222222,49.36277777777778,15.47888888888889,0.0,73.73444444444445,26.077222222222225,0.1883333333333333,40.888242,-73.852714,10466.0,10466.0,common_core_english,4827.9336111111115,335460.92041203706,4.2410869156586966,2.0033751502565984,784.0,21952.0,3.367295829986474,1.3231298123374369
58.58833333333333,3.0,17.0,5.0,25.0,9.0,12.7,7.300000000000001,52.94117647,8.0,7.800000000000001,7.5,47.05882353,7.0,41.17647059,2019.8333333333333,78.38888888888889,57.0611111111111,42.93888888888889,7.623888888888889,0.0,78.05388888888889,21.271666666666665,0.6744444444444445,40.649602,-73.957173,11226.0,11226.0,common_core_algebra,3432.5928027777777,201109.89132674536,4.070535586887089,1.796577261512581,289.0,4913.0,2.8903717578961645,1.1853048513203654
60.11666666666667,3.0,48.0,10.0,61.0,20.0,9.3,5.5,41.66666667,28.0,12.3,6.1,58.33333333,15.0,31.25,2019.8333333333333,176.72222222222223,56.18944444444444,43.81055555555556,7.714444444444445,0.0,71.33,28.19,0.4794444444444444,40.692015,-73.95818,11205.0,11205.0,common_core_algebra,3614.013611111111,217262.45158796298,4.096287118681438,1.8242458461930873,2304.0,110592.0,3.8918202981106265,1.6160744021928934
72.20333333333333,5.0,63.0,14.0,82.0,30.0,14.4,8.2,47.61904762,33.0,11.9,8.2,52.38095238,45.0,71.42857143,2019.8333333333333,206.66666666666663,24.77055555555556,75.22944444444445,41.19111111111111,7.741666666666666,0.0,51.04277777777778,41.21388888888889,40.708431,-73.855543,11375.0,11375.0,living_environment,5213.321344444445,376419.1788067037,4.279486212884777,2.0586148080221496,3969.0,250047.0,4.1588830833596715,1.8776105792643432
79.66000000000001,14.0,184.0,129.0,327.0,74.0,13.8,11.3,40.2173913,110.0,11.4,9.4,59.7826087,140.0,76.08695652,2019.8333333333333,655.6666666666666,34.88388888888889,65.11666666666666,33.685,13.202222222222222,11.777222222222225,35.92611111111111,39.09666666666666,40.588985,-74.130819,10314.0,10314.0,common_core_english,6345.715600000001,505499.7046960002,4.377767577753498,2.2179869383957667,33856.0,6229504.0,5.220355825078324,6.296538261026657
71.50666666666666,1.0,26.0,7.0,34.0,14.0,9.1,3.4,53.84615385,12.0,6.8,4.4,46.15384615,16.0,61.53846154,2019.8125,66.9375,41.24875,58.75125,20.46125,4.335625,32.955,62.708125,0.0,40.717329,-73.989329,10002.0,10002.0,common_core_english,5113.203377777777,365628.1295336295,4.2697906854466146,2.0443229659134454,676.0,17576.0,3.295836866004329,1.2969300866657718
66.91333333333334,3.0,37.0,9.0,49.0,14.0,10.6,4.8,37.83783784,23.0,8.4,3.2,62.16216216000001,17.0,45.94594595,2019.8333333333333,101.77777777777776,42.37833333333333,57.62777777777777,13.586666666666666,0.0,6.425555555555556,93.57444444444444,0.0,40.865556,-73.925464,10034.0,10034.0,common_core_english,4477.394177777779,299597.3690823705,4.203398249717544,1.9525443820040942,1369.0,50653.0,3.6375861597263857,1.4477346146633245
66.56,3.0,26.0,7.0,36.0,9.0,9.3,6.5,34.61538462,17.0,8.6,5.3,65.38461538,15.0,46.66666667,2019.8333333333333,107.22222222222224,53.33888888888889,46.66611111111112,11.366666666666667,0.8738888888888889,42.68222222222222,56.44388888888889,0.0,40.875172,-73.861649,10467.0,10467.0,common_core_english,4430.2336000000005,294876.348416,4.198103796512953,1.9456575657279391,676.0,17576.0,3.295836866004329,1.2969300866657718
57.79714285714285,6.0,78.0,26.0,110.0,46.0,16.2,8.6,58.97435897,32.0,9.6,4.7,41.02564103,12.0,15.38461538,2019.9,102.0,53.2885,46.713,12.4945,0.0,20.2415,79.7585,0.0,40.818645,-73.919949,10451.0,10451.0,living_environment,3340.509722448979,193071.91764405827,4.056939342919232,1.7824189966006696,6084.0,474552.0,4.3694478524670215,2.181472265498201
65.32,4.0,47.0,7.0,58.0,24.0,8.9,5.6,51.06382979,23.0,10.3,6.8,48.93617021,28.0,59.57446809,2019.8235294117649,143.7058823529412,31.77588235294118,68.22764705882354,27.423529411764704,19.29470588235294,25.93,54.77352941176471,0.0,40.70927,-74.012328,10006.0,10006.0,common_core_algebra,4266.702399999999,278701.0007679999,4.179298268102264,1.9216803777055664,2209.0,103823.0,3.871201010907891,1.5999941932173602
62.02857142857143,4.0,34.0,7.0,45.0,15.0,10.6,7.1,44.11764706,19.0,11.6,9.2,55.88235294,15.0,44.11764706,2019.95,149.2,46.7405,53.2595,11.265,0.5015000000000001,23.0745,76.4235,0.0,40.839307,-73.911366,10457.0,10457.0,common_core_english,3847.543673469388,238657.63757434406,4.127595108388878,1.8594592400258532,1156.0,39304.0,3.5553480614894135,1.4049475905635938
58.58200000000001,3.0,16.0,3.0,22.0,7.0,9.7,5.2,43.75,9.0,12.0,3.6,56.25,15.0,46.66666667,2019.7058823529408,60.52941176470589,63.44823529411764,36.55352941176471,5.159411764705882,0.0,87.96764705882353,12.032352941176471,0.0,40.678478,-73.931604,11213.0,11213.0,common_core_algebra,3431.850724000001,201044.67911336807,4.070427482161954,1.7964634818890783,256.0,4096.0,2.833213344056216,1.1735108709918103
91.07,11.0,154.0,32.0,197.0,76.0,16.2,11.5,49.35064935,78.0,15.5,11.3,50.64935065,99.0,64.28571429,2019.8823529411768,359.88235294117646,0.0635294117647058,99.9364705882353,98.81411764705882,74.64470588235294,1.3541176470588234,1.6929411764705884,22.30764705882353,40.718025,-74.013921,10282.0,10282.0,common_core_algebra,8293.744899999998,755311.3480429999,4.511628441579727,2.486062167959252,23716.0,3652264.0,5.043425116919247,4.664590270988126
74.59714285714287,3.0,39.0,10.0,52.0,13.0,5.7,3.8,33.33333333,26.0,6.8,3.5,66.66666667,21.0,53.84615385,2019.9473684210527,111.21052631578948,27.66526315789473,72.33842105263159,32.84105263157895,17.85421052631579,2.2321052631578944,69.75157894736842,10.160526315789474,40.756471,-73.932628,11106.0,11106.0,common_core_english,5564.733722448982,415113.2364554871,4.312102206974164,2.1084886865930685,1521.0,59319.0,3.6888794541139363,1.4769807938826427
68.375,3.0,27.0,7.0,37.0,17.0,11.5,9.2,62.96296296,10.0,10.0,8.2,37.03703704,15.0,55.55555556,2019.8333333333333,100.33333333333331,51.45666666666667,48.54333333333333,13.248333333333331,4.54111111111111,23.73166666666667,70.10611111111112,1.6211111111111112,40.78358769,-73.9458592,10128.0,10128.0,common_core_english,4675.140625,319662.740234375,4.225007260742145,1.9812936699189276,729.0,19683.0,3.332204510175204,1.3099644507332473
60.39333333333334,4.0,49.0,11.0,64.0,18.0,10.4,5.8,36.73469388,31.0,11.3,6.3,63.26530612,15.0,30.6122449,2019.8235294117649,121.82352941176472,46.14529411764706,53.86,17.224117647058822,5.930588235294117,90.24,3.828823529411765,0.0,40.705989,-73.752885,11412.0,11412.0,common_core_algebra,3647.3547111111116,220275.90885303708,4.100878723573032,1.8292999146050182,2401.0,117649.0,3.912023005428146,1.632316219955379
58.08833333333334,4.0,23.0,14.0,41.0,14.0,10.5,6.3,60.86956522,9.0,10.4,4.6,39.13043478,14.0,60.86956522,2019.8333333333333,144.27777777777777,54.35833333333333,45.641666666666666,8.166111111111112,3.395,79.25277777777778,16.279444444444444,1.0744444444444443,40.649602,-73.957173,11226.0,11226.0,living_environment,3374.254469444445,196004.81837257877,4.06196484048135,1.7876167950388335,529.0,12167.0,3.1780538303479458,1.2586000099294778
64.54142857142857,4.0,97.0,25.0,126.0,29.0,10.3,7.2,29.89690722,68.0,9.0,6.3,70.10309278,60.0,61.8556701,2019.95,170.25,32.7735,67.2265,23.444,2.87,46.139,38.826,12.167,40.586012,-73.825317,11694.0,11694.0,common_core_algebra,4165.596002040816,268853.51682314574,4.167307321046164,1.906776816057159,9409.0,912673.0,4.584967478670572,2.6379444593541526
71.79666666666667,4.0,46.0,7.0,57.0,16.0,7.599999999999999,2.9,34.7826087,30.0,5.8,2.0,65.2173913,19.0,41.30434783,2019.8333333333333,100.44444444444444,38.42888888888889,61.57388888888889,19.936111111111117,3.915,33.47777777777778,52.485,10.121666666666666,40.711441,-74.000851,10038.0,10038.0,common_core_english,5154.761344444444,370094.6819932963,4.273838049721154,2.0502601072085263,2116.0,97336.0,3.8501476017100584,1.5840739849944818
76.33833333333332,4.0,67.0,12.0,83.0,24.0,12.4,8.0,35.82089552,43.0,9.6,7.0,64.17910448,36.0,53.73134328,2019.8333333333333,215.55555555555557,34.46611111111111,65.53666666666668,26.070555555555558,3.102222222222222,65.71277777777777,25.225555555555555,5.96,40.683951,-73.980266,11217.0,11217.0,common_core_english,5827.54113611111,444864.77776216186,4.335175214924361,2.1455229738878883,4489.0,300763.0,4.219507705176107,1.9542373206359396
59.3,1.0,13.0,4.0,18.0,8.0,12.7,4.2,61.53846154,5.0,9.7,4.1,38.46153846,15.0,46.66666667,2019.5625,31.625,66.069375,33.930625,6.29625,0.0,28.415,71.585,0.0,40.818645,-73.919949,10451.0,10451.0,common_core_english,3516.49,208527.85699999996,4.08260930600368,1.8094085067159598,169.0,2197.0,2.6390573296152584,1.1388283833246218
59.898,2.0,12.0,3.0,17.0,14.0,11.0,6.8,40.477524155,20.0,9.95,6.049999999999999,59.522475845,5.0,41.66666667,2019.1,34.0,60.211,39.789,7.786999999999999,0.0,93.753,6.247,0.0,40.666251,-73.923881,11212.0,11212.0,common_core_english,3587.7704040000003,214900.27165879204,4.0926431155823435,1.8202611867581184,144.0,1728.0,2.5649493574615367,1.1274968515793757
62.097142857142856,2.0,26.0,5.0,33.0,8.0,10.1,5.3,30.76923077,18.0,4.8,3.4,69.23076923,15.0,57.69230768999999,2019.95,95.2,43.065,56.9375,17.7695,10.0645,30.618,59.0225,0.294,40.693002,-73.869305,11208.0,11208.0,common_core_algebra,3856.055151020408,239450.00757793584,4.128699979139338,1.8607347350530443,676.0,17576.0,3.295836866004329,1.2969300866657718
56.05166666666667,4.0,29.0,8.0,41.0,11.0,10.2,8.2,37.93103448,18.0,8.5,5.8,62.06896552,9.0,31.03448276,2019.8947368421047,125.42105263157896,45.37684210526316,54.62894736842105,8.863157894736842,5.930526315789473,8.693157894736842,85.12842105263158,0.2478947368421052,40.832508,-73.878191,10472.0,10472.0,common_core_english,3141.7893361111114,176102.52860458798,4.026273884431419,1.7515772481276508,841.0,24389.0,3.4011973816621555,1.336427488025472
72.186,5.0,56.0,12.0,73.0,32.0,14.3,8.3,57.14285714,24.0,12.5,6.7,42.85714286,38.0,67.85714286,2019.6666666666667,131.66666666666666,13.288,86.718,57.67333333333333,8.34,14.403333333333334,38.002,39.25466666666667,40.756099,-73.925182,11106.0,11106.0,common_core_algebra,5210.818596000001,376148.1511708561,4.279246121279442,2.0582580123786087,3136.0,175616.0,4.04305126783455,1.7506725002961012
89.928,14.0,288.0,47.0,349.0,152.0,13.7,9.0,52.77777778,136.0,12.9,7.599999999999999,47.22222222,166.0,57.63888889,2019.888888888889,664.9444444444445,0.2822222222222222,99.71777777777778,95.875,65.31722222222223,5.226111111111111,5.506111111111111,23.948888888888888,40.688896,-73.976435,11217.0,11217.0,living_environment,8087.045184,727251.7993067519,4.499009350159496,2.4578328342930638,82944.0,23887872.0,5.666426688112432,17.814273179612197
56.89857142857143,3.0,32.0,12.0,47.0,12.0,12.3,5.8,37.5,20.0,12.7,4.7,62.5,6.0,18.75,2019.95,88.95,51.0465,48.953500000000005,12.8625,0.0,64.6195,35.3805,0.0,40.845366,-73.897479,10457.0,10457.0,common_core_algebra,3237.447430612245,184206.13387693587,4.041270234113617,1.766474432691898,1024.0,32768.0,3.4965075614664802,1.3771277643359572
77.54857142857144,3.0,27.0,8.0,38.0,14.0,15.9,13.6,51.85185185,13.0,13.4,9.9,48.14814815,14.0,51.85185185,2020.0,144.42857142857142,10.668571428571427,89.33285714285714,51.20857142857143,8.631428571428572,0.5442857142857143,83.83857142857143,6.985714285714286,40.743253,-73.933316,11101.0,11101.0,common_core_english,6013.780930612246,466360.12005336455,4.350904468157856,2.171646670870809,729.0,19683.0,3.332204510175204,1.3099644507332473
80.01333333333334,3.0,47.0,10.0,60.0,21.0,9.0,6.9,44.68085106,26.0,6.4,5.1,55.31914894,30.0,63.82978723000001,2019.8235294117649,113.47058823529412,22.38470588235294,77.6164705882353,41.938235294117646,4.328235294117647,14.82294117647059,64.60588235294118,16.242941176470588,40.742964,-73.959183,11101.0,11101.0,common_core_english,6402.133511111111,512256.04266903707,4.382193287453203,2.2258376870663987,2209.0,103823.0,3.871201010907891,1.5999941932173602
81.404,3.0,26.0,14.0,43.0,8.0,13.6,10.5,30.76923077,18.0,15.6,11.7,69.23076923,21.0,80.76923077,2019.6666666666667,93.26666666666668,6.954666666666666,93.04533333333332,69.94866666666667,20.222,1.3013333333333332,26.398666666666667,52.078,40.581958,-74.159343,10314.0,10314.0,living_environment,6626.611215999999,539432.6594272639,4.399424411850302,2.2570079043993463,676.0,17576.0,3.295836866004329,1.2969300866657718
59.86166666666667,9.0,88.0,21.0,118.0,35.0,9.6,8.1,39.77272727,53.0,9.5,7.400000000000001,60.22727273000001,37.0,42.04545455,2019.8333333333333,464.3333333333333,47.245,52.75555555555556,17.537222222222223,16.015555555555554,14.818333333333335,66.73333333333333,2.433333333333333,40.764892,-73.826811,11354.0,11354.0,living_environment,3583.4191361111116,214509.441852838,4.092036344781132,1.8195999453263971,7744.0,681472.0,4.48863636973214,2.4108997064172097
64.83166666666666,10.0,128.0,47.0,185.0,47.0,13.0,9.4,36.71875,81.0,9.6,7.199999999999999,63.28125,94.0,73.4375,2019.8333333333333,442.72222222222223,48.903888888888886,51.09777777777778,16.95888888888889,6.419444444444444,23.135,52.805,17.641111111111112,40.635562,-74.141924,10302.0,10302.0,common_core_english,4203.145002777777,272496.8957717546,4.171794167119089,1.9123190477117582,16384.0,2097152.0,4.859812404361672,3.5966397255692817
58.181666666666665,1.0,9.0,4.0,14.0,14.0,11.0,6.8,40.477524155,20.0,9.95,6.049999999999999,59.522475845,7.0,77.77777778,2019.3333333333333,45.333333333333336,53.75666666666667,46.24333333333333,12.759333333333332,0.46,56.922,42.61866666666666,0.0,40.705688,-74.013303,10004.0,10004.0,common_core_algebra,3385.106336111111,196951.12847883796,4.063570299385289,1.7892860162295854,81.0,729.0,2.302585092994046,1.0941742837052104
81.58857142857143,4.0,46.0,13.0,63.0,23.0,9.7,6.1,50.0,23.0,7.800000000000001,5.8,50.0,35.0,76.08695652,2019.9444444444443,112.77777777777776,15.725,84.275,42.074444444444445,1.5477777777777777,27.066111111111116,35.19555555555556,36.19166666666667,40.593028,-73.986313,11214.0,11214.0,common_core_english,6656.6949877551015,543110.2344866706,4.401689196138892,2.261177542928454,2116.0,97336.0,3.8501476017100584,1.5840739849944818
60.085,4.0,50.0,8.0,62.0,17.0,10.5,8.5,34.0,33.0,12.2,7.400000000000001,66.0,26.0,52.0,2019.8333333333333,118.94444444444444,47.56111111111111,52.43944444444444,15.775555555555554,3.716666666666667,47.27111111111111,47.285555555555554,1.7277777777777776,40.601537,-73.763995,11691.0,11691.0,living_environment,3610.207225,216919.301114125,4.0957602263632635,1.8236682597977987,2500.0,125000.0,3.9318256327243257,1.6487212707001282
61.09666666666666,3.0,48.0,10.0,61.0,20.0,9.3,5.5,41.66666667,28.0,12.3,6.1,58.33333333,15.0,31.25,2019.8333333333333,176.72222222222223,56.18944444444444,43.81055555555556,7.714444444444445,0.0,71.33,28.19,0.4794444444444444,40.692015,-73.95818,11205.0,11205.0,common_core_english,3732.802677777777,228061.80093662953,4.112457309315647,1.8422113426347169,2304.0,110592.0,3.8918202981106265,1.6160744021928934
64.42333333333333,12.0,107.0,29.0,148.0,40.0,14.1,11.6,37.38317757,67.0,11.9,10.2,62.61682242999999,45.0,42.05607477,2019.8333333333333,477.94444444444446,42.97833333333333,57.02388888888889,19.078333333333333,26.04888888888889,5.61,63.075,5.265555555555555,40.740824,-73.874129,11373.0,11373.0,common_core_algebra,4150.365877777777,267380.40439937037,4.165475886329267,1.9045263325547694,11449.0,1225043.0,4.68213122712422,2.915379499976997
61.99333333333334,3.0,36.0,11.0,50.0,13.0,14.300000000000002,9.3,36.11111111,23.0,12.0,6.1,63.88888889,10.0,27.77777778,2019.8333333333333,125.5,56.998333333333335,43.001666666666665,8.318888888888889,0.0,14.46388888888889,83.75055555555555,1.7855555555555556,40.869061,-73.897066,10468.0,10468.0,common_core_english,3843.1733777777786,238251.12826637045,4.127026852381942,1.8588041174410785,1296.0,46656.0,3.6109179126442243,1.4333294145603401
56.925,3.0,17.0,5.0,25.0,9.0,12.7,7.300000000000001,52.94117647,8.0,7.800000000000001,7.5,47.05882353,7.0,41.17647059,2019.8333333333333,78.38888888888889,57.0611111111111,42.93888888888889,7.623888888888889,0.0,78.05388888888889,21.271666666666665,0.6744444444444445,40.649602,-73.957173,11226.0,11226.0,living_environment,3240.4556249999996,184462.93645312497,4.041734611949804,1.76694134834596,289.0,4913.0,2.8903717578961645,1.1853048513203654
65.44666666666667,4.0,67.0,12.0,83.0,24.0,12.4,8.0,35.82089552,43.0,9.6,7.0,64.17910448,36.0,53.73134328,2019.8333333333333,215.55555555555557,34.46611111111111,65.53666666666668,26.070555555555558,3.102222222222222,65.71277777777777,25.225555555555555,5.96,40.683951,-73.980266,11217.0,11217.0,living_environment,4283.2661777777785,280325.4937816297,4.1812355615962655,1.924116048449807,4489.0,300763.0,4.219507705176107,1.9542373206359396
75.678,3.0,34.0,9.0,46.0,9.0,9.6,7.599999999999999,26.47058824,25.0,10.2,8.5,73.52941176,24.0,70.58823529,2019.9444444444443,88.77777777777777,11.098333333333334,88.90166666666667,60.00444444444444,13.869444444444444,28.75333333333333,57.375,0.0,40.793649,-73.948488,10029.0,10029.0,common_core_algebra,5727.159683999999,433419.99056575197,4.326487497333111,2.131402044429803,1156.0,39304.0,3.5553480614894135,1.4049475905635938
62.02857142857143,5.0,27.0,10.0,42.0,12.0,10.0,7.8,44.44444444,15.0,12.9,8.7,55.55555556,10.0,37.03703704,2019.95,149.2,46.7405,53.2595,11.265,0.5015000000000001,23.0745,76.4235,0.0,40.839307,-73.911366,10457.0,10457.0,common_core_english,3847.543673469388,238657.63757434406,4.127595108388878,1.8594592400258532,729.0,19683.0,3.332204510175204,1.3099644507332473
62.16,4.0,57.0,21.0,82.0,15.0,9.3,6.8,26.31578947,42.0,8.4,5.1,73.68421053,16.0,28.07017544,2019.6875,100.9375,39.585625,60.414375,25.881875,0.0,9.369375,90.630625,0.0,40.842503,-73.916084,10457.0,10457.0,living_environment,3863.8655999999996,240177.88569599995,4.129711706059392,1.8619047074107256,3249.0,185193.0,4.060443010546419,1.768267051433735
87.89200000000001,5.0,56.0,12.0,73.0,32.0,14.3,8.3,57.14285714,24.0,12.5,6.7,42.85714286,38.0,67.85714286,2019.6666666666667,131.66666666666666,13.288,86.718,57.67333333333333,8.34,14.403333333333334,38.002,39.25466666666667,40.756099,-73.925182,11106.0,11106.0,common_core_english,7725.003664000002,678966.0220362883,4.47610878803502,2.408297340264952,3136.0,175616.0,4.04305126783455,1.7506725002961012
71.87166666666667,11.0,126.0,35.0,172.0,57.0,13.4,9.9,45.23809524,69.0,10.5,8.2,54.76190476,65.0,51.58730159,2019.8333333333333,362.3888888888889,25.226666666666667,74.775,44.66888888888889,41.53388888888889,26.51222222222222,27.84722222222222,4.108333333333333,40.716071,-73.799692,11432.0,11432.0,living_environment,5165.536469444445,371255.71528642136,4.274882121230482,2.051798379068774,15876.0,2000376.0,4.844187086458591,3.5254214873653824
68.98666666666666,2.0,24.0,9.0,35.0,13.0,10.6,7.0,54.16666667,11.0,12.7,6.6,45.83333333,7.0,29.16666667,2019.8333333333333,106.61111111111111,54.99388888888889,45.00611111111111,14.655555555555557,0.0,26.625555555555557,73.37444444444445,0.0,40.839508,-73.901774,10457.0,10457.0,common_core_english,4759.160177777778,328318.5967976296,4.233913249209664,1.9934497222264447,576.0,13824.0,3.2188758248682006,1.2712491503214047
66.0,3.0,23.0,7.0,33.0,8.0,6.3,4.8,34.7826087,15.0,9.9,7.599999999999999,65.2173913,7.0,30.43478261,2019.8333333333333,92.83333333333331,35.803333333333335,64.19666666666667,25.968333333333334,18.05333333333333,13.575,51.06333333333333,17.311666666666667,40.765638,-73.959777,10065.0,10065.0,common_core_english,4356.0,287496.0,4.189654742026425,1.9347923344020317,529.0,12167.0,3.1780538303479458,1.2586000099294778
66.87285714285714,12.0,145.0,32.0,189.0,61.0,7.4,6.200000000000001,42.06896552,84.0,9.1,7.6,57.93103448,67.0,46.20689655,2020.0,602.3809523809524,40.0,60.00285714285714,21.554285714285715,29.18,3.61,56.68,10.52904761904762,40.757072,-73.911165,11103.0,11103.0,common_core_english,4471.97902244898,299054.01431408455,4.20279316197916,1.951754226344145,21025.0,3048625.0,4.983606621708336,4.263114515168817
59.15,4.0,36.0,10.0,50.0,10.0,9.6,3.8,27.77777778,26.0,10.3,4.2,72.22222222,16.0,44.44444444,2019.8333333333333,129.66666666666666,52.38555555555556,47.614444444444445,11.817222222222222,2.52,32.64,63.48,1.3611111111111112,40.774891,-73.985608,10023.0,10023.0,living_environment,3498.7225,206949.435875,4.080076590424396,1.8066964285230451,1296.0,46656.0,3.6109179126442243,1.4333294145603401
62.74333333333333,4.0,28.0,13.0,45.0,14.0,12.3,9.6,50.0,14.0,6.9,4.4,50.0,6.0,21.42857143,2019.8125,138.0625,55.065,44.935625,9.640625,0.0,4.61125,95.38875,0.0,40.856532,-73.92606,10040.0,10040.0,common_core_algebra,3936.7258777777774,247003.30399137037,4.139052330667977,1.8727975581302791,784.0,21952.0,3.367295829986474,1.3231298123374369
54.76166666666666,3.0,27.0,7.0,37.0,12.0,10.9,5.5,44.44444444,15.0,12.6,5.1,55.55555556,10.0,37.03703704,2019.8333333333333,112.11111111111111,59.535,40.46666666666667,12.594444444444443,3.7583333333333337,28.24888888888889,61.02944444444445,6.963333333333334,40.839775,-73.839583,10461.0,10461.0,common_core_algebra,2998.840136111111,164221.48392033792,4.002990435798334,1.7291270169456454,729.0,19683.0,3.332204510175204,1.3099644507332473
67.20599999999999,2.0,22.0,4.0,28.0,12.0,17.3,14.4,54.54545455,10.0,16.5,10.8,45.45454545,17.0,77.27272727,2019.8235294117649,99.88235294117646,37.38294117647059,62.618235294117646,25.213529411764707,7.784117647058823,27.77705882352941,60.800588235294114,3.638235294117647,40.705688,-74.013303,10004.0,10004.0,living_environment,4516.646435999998,303545.74037781585,4.207762529257657,1.958267198865927,484.0,10648.0,3.1354942159291497,1.2460767305873808
71.035,2.0,33.0,7.0,42.0,9.0,9.9,8.7,27.27272727,24.0,10.5,6.2,72.72727273,13.0,39.39393939,2019.8333333333333,91.0,24.863333333333333,75.13666666666667,32.67166666666667,1.15,35.38166666666667,63.46833333333333,0.0,40.743407,-74.00254,10011.0,10011.0,common_core_english,5045.971224999999,358440.56596787495,4.263172713324041,2.0347032801837774,1089.0,35937.0,3.5263605246161616,1.3909681284637803
79.91166666666668,3.0,40.0,11.0,54.0,14.0,13.6,8.6,35.0,26.0,13.7,8.4,65.0,26.0,65.0,2019.7058823529408,158.76470588235293,24.51,75.49,38.15058823529412,27.59117647058824,7.495882352941177,44.82470588235294,20.08823529411765,40.670905,-73.845992,11417.0,11417.0,common_core_english,6385.874469444446,510305.87197742146,4.380921857966102,2.223575902020097,1600.0,64000.0,3.713572066704308,1.4918246976412703
54.23,2.0,17.0,6.0,25.0,6.0,7.5,4.4,35.29411765,11.0,8.5,2.4,64.70588235,6.0,35.29411765,2019.6470588235293,75.82352941176471,57.46823529411765,42.53176470588235,13.361764705882353,0.2488235294117647,35.81823529411764,63.23,0.7041176470588235,40.817228,-73.947151,10030.0,10030.0,living_environment,2940.8929,159484.62196699998,3.993234260852969,1.7199582202878119,289.0,4913.0,2.8903717578961645,1.1853048513203654
60.771428571428565,13.0,141.0,33.0,187.0,46.0,16.2,13.7,32.62411348,95.0,12.599999999999998,10.8,67.37588652,97.0,68.79432624,2020.0,505.4285714285714,45.71619047619048,54.28380952380952,18.912857142857145,4.67047619047619,37.18047619047619,48.55761904761905,9.591904761904765,40.645436,-74.082149,10301.0,10301.0,common_core_algebra,3693.166530612244,224439.00601749265,4.1071197537108235,1.8362295024382116,19881.0,2803221.0,4.955827057601261,4.095955404071176
62.07333333333333,3.0,28.0,7.0,38.0,11.0,7.0,2.8,39.28571429,17.0,9.4,3.1,60.71428571,8.0,28.57142857,2019.7777777777776,135.47222222222223,49.030277777777776,50.969722222222224,15.417777777777776,9.558055555555557,75.3525,15.08888888888889,0.0,40.69863226555555,-73.7504902113889,11405.722222222224,11411.0,common_core_algebra,3853.098711111111,239174.680661037,4.128316481792274,1.8602917557109986,784.0,21952.0,3.367295829986474,1.3231298123374369
61.20166666666666,4.0,56.0,17.0,77.0,30.0,13.3,9.8,53.57142857,26.0,14.300000000000002,9.1,46.42857143,23.0,41.07142857,2019.8333333333333,209.72222222222223,35.93666666666667,64.0638888888889,24.48,18.535555555555558,10.024444444444445,68.00722222222223,3.4322222222222223,40.748502,-73.946488,11101.0,11101.0,common_core_algebra,3745.644002777777,229239.65571000456,4.114174422262934,1.8441466804190112,3136.0,175616.0,4.04305126783455,1.7506725002961012
52.295,3.0,26.0,9.0,38.0,15.0,7.0,2.9,57.69230769,11.0,9.1,3.5,42.30769231,5.0,19.23076923,2020.0,69.52941176470588,66.66764705882352,33.33235294117647,6.709411764705883,0.0,80.28823529411765,19.71176470588236,0.0,40.817228,-73.947151,10030.0,10030.0,living_environment,2734.767025,143014.64157237503,3.9569007642062317,1.6869969573905605,676.0,17576.0,3.295836866004329,1.2969300866657718
61.658,2.0,17.0,6.0,25.0,6.0,21.8,8.3,35.29411765,11.0,18.2,7.2,64.70588235,10.0,58.82352941,2019.5625,29.625,50.2775,49.724375,15.7425,0.0,27.7725,65.98375,6.24375,40.61062,-74.087072,10304.0,10304.0,living_environment,3801.7089640000004,234405.771302312,4.1216029859929275,1.8525813669434144,289.0,4913.0,2.8903717578961645,1.1853048513203654
70.41,9.0,121.0,41.0,171.0,46.0,11.3,8.5,38.01652893,75.0,11.5,9.1,61.98347107,64.0,52.89256198,2019.8333333333333,504.6111111111111,43.26055555555556,56.74222222222223,19.24388888888889,12.709444444444443,41.36222222222222,27.966666666666665,17.964444444444446,40.582627,-73.968733,11235.0,11235.0,common_core_english,4957.5680999999995,349062.369921,4.254335298531042,2.0220260423179828,14641.0,1771561.0,4.804021044733257,3.3534846525490236
83.77333333333333,3.0,34.0,4.0,41.0,5.0,13.5,10.4,14.70588235,29.0,7.3,6.1,85.29411765,17.0,50.0,2019.8125,76.875,17.45125,82.54875,44.98125,5.085625,27.913125,66.571875,0.43125,40.792932,-73.947171,10029.0,10029.0,common_core_english,7017.971377777777,587918.8555543702,4.428114738866636,2.311122490963065,1156.0,39304.0,3.5553480614894135,1.4049475905635938
70.756,3.0,42.0,10.0,55.0,12.0,7.2,5.7,28.57142857,30.0,9.0,5.5,71.42857143,23.0,54.76190476,2019.8125,104.25,25.18125,74.82375,42.521875,35.93375,2.169375,47.725,14.170625,40.770769,-73.92383,11102.0,11102.0,living_environment,5006.411536,354233.654641216,4.259237338581261,2.029034369839275,1764.0,74088.0,3.7612001156935624,1.5219615556186337
60.38333333333333,2.0,8.0,4.0,14.0,14.0,11.0,6.8,40.477524155,20.0,9.95,6.049999999999999,59.522475845,15.0,46.66666667,2019.071428571429,33.57142857142857,58.300714285714285,41.70214285714286,7.176428571428572,0.0,38.04285714285714,61.957142857142856,0.0,40.823124,-73.898265,10459.0,10459.0,common_core_english,3646.146944444444,220166.5063287037,4.100713128672976,1.829116993759752,64.0,512.0,2.1972245773362196,1.0832870676749586
64.455,4.0,52.0,21.0,77.0,18.0,11.1,6.9,34.61538462,34.0,7.800000000000001,5.7,65.38461538,28.0,53.84615385,2019.8333333333333,81.61111111111111,43.74611111111111,56.253888888888895,19.28833333333333,8.242777777777778,27.074444444444445,64.68333333333334,0.0,40.815043,-73.85607,10473.0,10473.0,living_environment,4154.4470249999995,267774.882996375,4.165967305895068,1.905129528060993,2704.0,140608.0,3.970291913552122,1.6820276496988864
55.54,3.0,30.0,7.0,40.0,8.0,13.5,11.2,26.66666667,22.0,12.0,6.9,73.33333333,6.0,20.0,2019.8333333333333,115.94444444444444,56.39666666666667,43.60333333333333,11.157222222222222,14.295555555555556,61.10499999999999,24.087222222222223,0.5127777777777778,40.685838,-73.783438,11434.0,11434.0,living_environment,3084.6916,171323.771464,4.017103481878653,1.7426379005418464,900.0,27000.0,3.4339872044851463,1.3498588075760032
62.10333333333333,3.0,57.0,12.0,72.0,26.0,8.4,6.4,45.61403509,31.0,8.0,4.8,54.38596491,25.0,43.85964912,2019.8235294117649,150.88235294117646,44.35411764705882,55.64588235294118,16.71764705882353,0.0,19.56882352941177,80.43117647058823,0.0,40.827461,-73.919024,10451.0,10451.0,common_core_algebra,3856.824011111111,239521.627170037,4.128799664364153,1.8608499269592127,3249.0,185193.0,4.060443010546419,1.768267051433735
58.88166666666667,3.0,47.0,9.0,59.0,16.0,9.7,7.2,34.04255319,31.0,9.9,5.3,65.95744681,33.0,70.21276596,2019.6875,134.125,44.2875,55.71375,16.260625,4.301875,34.26625,61.43125,0.0,40.717329,-73.989329,10002.0,10002.0,common_core_algebra,3467.050669444445,204145.7218346713,4.075529780179429,1.8018549583173615,2209.0,103823.0,3.871201010907891,1.5999941932173602
71.306,3.0,57.0,12.0,72.0,26.0,8.4,6.4,45.61403509,31.0,8.0,4.8,54.38596491,25.0,43.85964912,2019.8235294117649,150.88235294117646,44.35411764705882,55.64588235294118,16.71764705882353,0.0,19.56882352941177,80.43117647058823,0.0,40.827461,-73.919024,10451.0,10451.0,common_core_english,5084.545636,362558.61112061597,4.266980475352365,2.0402248043591147,3249.0,185193.0,4.060443010546419,1.768267051433735
76.8,4.0,53.0,11.0,68.0,19.0,5.9,4.0,35.8490566,34.0,7.5,5.7,64.1509434,16.0,30.18867925,2019.857142857143,74.64285714285714,22.71,77.28999999999999,34.28142857142857,0.0,7.939999999999999,92.06,0.0,40.813612,-73.920851,10454.0,10454.0,common_core_algebra,5898.24,452984.83199999994,4.341204640153626,2.155451037931604,2809.0,148877.0,3.9889840465642745,1.6989323086185506
57.818333333333335,2.0,17.0,5.0,24.0,14.0,11.0,6.8,40.477524155,20.0,9.95,6.049999999999999,59.522475845,11.0,64.70588235,2019.8333333333333,61.16666666666666,66.84444444444445,33.15555555555555,9.800555555555556,21.12833333333333,33.004444444444445,10.581666666666669,35.28611111111111,40.686147,-73.979829,11217.0,11217.0,common_core_english,3342.9596694444444,193284.3564878287,4.057305911083391,1.7827967396951259,289.0,4913.0,2.8903717578961645,1.1853048513203654
64.815,3.0,37.0,12.0,52.0,15.0,7.0,4.1,40.54054054,22.0,5.9,2.9,59.45945946,20.0,54.05405405,2019.8333333333333,107.61111111111111,33.132777777777775,66.86944444444445,24.870555555555555,1.248888888888889,36.75222222222222,56.714444444444446,5.2844444444444445,40.735361,-73.987064,10003.0,10003.0,common_core_algebra,4200.984225,272286.792543375,4.171537058052007,1.9120003544289843,1369.0,50653.0,3.6375861597263857,1.4477346146633245
63.19333333333333,4.0,32.0,12.0,48.0,14.0,10.2,4.2,43.75,18.0,10.5,3.1,56.25,9.0,28.125,2019.8333333333333,133.55555555555554,53.16111111111111,46.840555555555554,10.127222222222224,2.723888888888889,30.016666666666666,67.25888888888889,0.0,40.821218,-73.85593,10473.0,10473.0,common_core_english,3993.397377777777,252356.0916263703,4.146198810356786,1.8812441376922815,1024.0,32768.0,3.4965075614664802,1.3771277643359572
61.83833333333333,7.0,74.0,19.0,100.0,31.0,7.900000000000001,5.6,41.89189189,43.0,6.1,4.5,58.10810811,33.0,44.59459459,2019.8333333333333,363.94444444444446,48.48833333333333,51.51555555555555,15.373333333333337,8.976111111111111,30.449444444444445,58.0611111111111,2.513888888888889,40.879958,-73.889011,10468.0,10468.0,common_core_algebra,3823.979469444444,236468.5170913287,4.124523452643874,1.8559252027942785,5476.0,405224.0,4.31748811353631,2.0959355144943643
67.73,3.0,36.0,6.0,45.0,12.0,9.1,6.9,33.33333333,24.0,12.7,6.4,66.66666667,18.0,50.0,2019.7058823529408,124.05882352941175,43.16294117647059,56.83705882352941,15.70705882352941,0.0,29.86764705882353,69.77235294117648,0.3594117647058823,40.821218,-73.85593,10473.0,10473.0,common_core_english,4587.352900000001,310701.4119170001,4.215529213226812,1.968555450666822,1296.0,46656.0,3.6109179126442243,1.4333294145603401
77.01833333333333,3.0,37.0,12.0,52.0,15.0,7.0,4.1,40.54054054,22.0,5.9,2.9,59.45945946,20.0,54.05405405,2019.8333333333333,107.61111111111111,33.132777777777775,66.86944444444445,24.870555555555555,1.248888888888889,36.75222222222222,56.714444444444446,5.2844444444444445,40.735361,-73.987064,10003.0,10003.0,common_core_english,5931.823669444444,456859.17264782864,4.344043488751606,2.1601622472297324,1369.0,50653.0,3.6375861597263857,1.4477346146633245
55.64399999999999,1.0,15.0,6.0,22.0,8.0,21.7,16.7,53.33333333,7.0,11.3,6.9,46.66666667,5.0,33.33333333,2019.6,56.93333333333333,52.949333333333335,47.05333333333333,17.764666666666663,0.5126666666666667,55.57,43.91733333333333,0.0,40.711441,-74.000851,10038.0,10038.0,common_core_algebra,3096.254735999999,172287.99852998392,4.018974255197324,1.7444511867037764,225.0,3375.0,2.772588722239781,1.161834242728283
74.72666666666667,3.0,32.0,6.0,41.0,17.0,11.9,7.599999999999999,53.125,15.0,8.3,6.0,46.875,11.0,34.375,2019.8333333333333,86.33333333333333,43.16222222222222,56.84,19.93555555555556,1.0983333333333334,37.475,61.42666666666667,0.0,40.765474,-73.9927,10019.0,10019.0,common_core_english,5584.074711111112,417279.2895789631,4.313837011924839,2.1112214508714717,1024.0,32768.0,3.4965075614664802,1.3771277643359572
62.76666666666667,4.0,53.0,11.0,68.0,19.0,5.9,4.0,35.8490566,34.0,7.5,5.7,64.1509434,16.0,30.18867925,2019.857142857143,74.64285714285714,22.71,77.28999999999999,34.28142857142857,0.0,7.939999999999999,92.06,0.0,40.813612,-73.920851,10454.0,10454.0,living_environment,3939.6544444444453,247278.97729629636,4.1394241469949975,1.873234595212853,2809.0,148877.0,3.9889840465642745,1.6989323086185506
71.96000000000001,4.0,38.0,9.0,51.0,18.0,12.5,6.7,47.36842105,20.0,10.9,7.0,52.63157895,15.0,46.66666667,2019.7222222222224,143.16666666666666,37.22222222222222,62.77777777777778,16.58888888888889,0.0,0.0,100.0,0.0,40.8381,-73.9383,10032.0,10032.0,common_core_english,5178.241600000001,372626.26553600014,4.2761104090823325,2.0536116016923756,1444.0,54872.0,3.6635616461296463,1.4622845894342245
55.325,4.0,27.0,9.0,40.0,8.0,14.6,4.9,29.62962963,19.0,13.2,6.0,70.37037037,8.0,29.62962963,2019.8333333333333,166.44444444444446,63.54277777777778,36.45722222222222,7.506111111111112,11.72222222222222,23.99888888888889,62.30277777777778,1.9744444444444444,40.693002,-73.869305,11208.0,11208.0,common_core_english,3060.855625,169341.83745312502,4.013224885937113,1.7388952538425817,729.0,19683.0,3.332204510175204,1.3099644507332473
59.11166666666667,3.0,16.0,3.0,22.0,7.0,9.7,5.2,43.75,9.0,12.0,3.6,56.25,15.0,46.66666667,2019.7058823529408,60.52941176470589,63.44823529411764,36.55352941176471,5.159411764705882,0.0,87.96764705882353,12.032352941176471,0.0,40.678478,-73.931604,11213.0,11213.0,common_core_english,3494.1891361111116,206547.34348408802,4.0794283104575,1.8060039942838197,256.0,4096.0,2.833213344056216,1.1735108709918103
69.62857142857143,13.0,196.0,61.0,270.0,75.0,13.2,10.2,38.26530612,121.0,11.3,8.7,61.73469388,92.0,46.93877551,2020.0,733.3809523809524,37.34904761904762,62.651428571428575,28.03285714285714,30.947142857142858,17.823809523809523,47.273809523809526,3.9557142857142855,40.737448,-73.823841,11367.0,11367.0,common_core_english,4848.137959183674,337568.920186589,4.243174992135793,2.006286928158841,38416.0,7529536.0,5.2832037287379885,7.099327065156633
60.855,3.0,26.0,8.0,37.0,9.0,18.6,9.7,34.61538462,17.0,17.2,6.5,65.38461538,7.0,26.92307692,2019.8333333333333,117.44444444444444,46.11888888888889,53.88111111111111,17.430555555555557,4.357777777777778,79.23333333333333,16.409444444444446,0.0,40.66903,-73.757744,11413.0,11413.0,living_environment,3703.3310249999995,225366.20952637497,4.10849398532652,1.83776470707212,676.0,17576.0,3.295836866004329,1.2969300866657718
73.31428571428572,3.0,29.0,8.0,40.0,12.0,1.9,1.7,41.37931034,17.0,3.7,3.0,58.62068966,19.0,65.51724138,2020.0,132.7,31.8615,68.1385,21.891,0.3155,35.1965,64.14450000000001,0.344,40.859466,-73.888625,10458.0,10458.0,common_core_english,5374.984489795918,394063.14859475225,4.294755483686168,2.081612548686058,841.0,24389.0,3.4011973816621555,1.336427488025472
55.94333333333333,3.0,29.0,5.0,37.0,13.0,10.2,6.8,44.82758621,16.0,8.3,6.6,55.17241379,14.0,48.27586207,2019.8333333333333,137.77777777777777,66.86222222222221,33.13777777777778,7.180000000000001,0.0,15.528888888888888,83.89333333333333,0.5777777777777778,40.696457,-73.911751,11237.0,11237.0,common_core_algebra,3129.6565444444436,175083.41928470365,4.024339273651978,1.7496807335730435,841.0,24389.0,3.4011973816621555,1.336427488025472
62.95666666666667,3.0,54.0,13.0,70.0,18.0,9.3,7.2,33.33333333,36.0,10.1,6.7,66.66666667,22.0,40.74074074,2019.7058823529408,133.64705882352942,40.43941176470588,59.56058823529412,23.803529411764707,2.2758823529411765,37.35058823529412,46.16058823529412,14.212352941176473,40.669255,-73.97858,11215.0,11215.0,common_core_algebra,3963.541877777778,249531.38481862968,4.142446659039645,1.8767971242746389,2916.0,157464.0,4.007333185232471,1.7160068621848585
64.47857142857143,2.0,38.0,10.0,50.0,19.0,7.3,4.8,50.0,19.0,7.2,4.8,50.0,18.0,47.36842105,2020.0,94.5,28.4615,71.539,30.4,2.464,26.6475,65.4015,5.487,40.763655,-73.990318,10019.0,10019.0,common_core_algebra,4157.486173469388,268068.76919934404,4.16633294268885,1.9055786472367167,1444.0,54872.0,3.6635616461296463,1.4622845894342245
66.00333333333333,2.0,27.0,7.0,36.0,10.0,8.1,5.7,37.03703704,17.0,7.5,6.0,62.96296295999999,18.0,66.66666667,2019.8235294117649,59.64705882352941,29.592352941176472,70.40764705882353,25.95058823529412,0.0,66.44117647058823,31.701176470588237,1.8564705882352943,40.685006,-73.993293,11201.0,11201.0,living_environment,4356.440011111111,287539.562200037,4.189705245801593,1.9348568285547414,729.0,19683.0,3.332204510175204,1.3099644507332473
60.20666666666667,2.0,9.0,2.0,13.0,14.0,11.0,6.8,40.477524155,20.0,9.95,6.049999999999999,59.522475845,6.0,66.66666667,2019.5625,56.0625,58.02375,41.97625,5.468125000000001,0.0,25.744375,74.255625,0.0,40.810671,-73.907528,10455.0,10455.0,common_core_english,3624.8427111111114,218239.69682696302,4.097783088154543,1.8258884064959247,81.0,729.0,2.302585092994046,1.0941742837052104
60.712,2.0,11.0,3.0,16.0,14.0,11.0,6.8,40.477524155,20.0,9.95,6.049999999999999,59.522475845,15.0,46.66666667,2019.5625,29.5,53.235625,46.764375,12.443125,0.0,24.685625,75.314375,0.0,40.677968,-74.014363,11238.5,11231.0,common_core_algebra,3685.9469440000003,223781.21086412805,4.106141372101612,1.8351385816681844,121.0,1331.0,2.4849066497880004,1.1162780704588713
66.83333333333333,2.0,17.0,4.0,23.0,8.0,16.8,9.5,47.05882353,9.0,10.4,6.3,52.94117647,9.0,52.94117647,2019.8333333333333,77.27777777777777,45.07944444444445,54.92333333333333,15.43388888888889,7.41,30.487777777777776,45.452777777777776,16.648333333333333,40.593028,-73.986313,11214.0,11214.0,common_core_english,4466.694444444443,298524.07870370365,4.202201958078514,1.9509829711461093,289.0,4913.0,2.8903717578961645,1.1853048513203654
60.375,4.0,29.0,8.0,41.0,11.0,10.2,8.2,37.93103448,18.0,8.5,5.8,62.06896552,9.0,31.03448276,2019.8947368421047,125.42105263157896,45.37684210526316,54.62894736842105,8.863157894736842,5.930526315789473,8.693157894736842,85.12842105263158,0.2478947368421052,40.832508,-73.878191,10472.0,10472.0,living_environment,3645.140625,220075.365234375,4.100575111972737,1.8289645736945297,841.0,24389.0,3.4011973816621555,1.336427488025472
60.124,2.0,26.0,8.0,36.0,7.0,8.2,5.0,26.92307692,19.0,6.1,4.1,73.07692308,7.0,26.92307692,2019.8235294117649,102.52941176470588,50.95411764705882,49.04588235294118,13.124117647058824,0.0,17.382941176470588,82.61705882352942,0.0,40.839307,-73.911366,10457.0,10457.0,living_environment,3614.8953760000004,217341.96958662404,4.09640909627098,1.8243796291271224,676.0,17576.0,3.295836866004329,1.2969300866657718
53.142857142857146,6.0,71.0,12.0,89.0,24.0,11.0,7.7,33.8028169,47.0,10.7,7.5,66.1971831,27.0,38.02816901,2019.95,324.9,44.8805,55.1195,17.592499999999998,21.3255,0.0,74.9235,3.7505,40.751838,-73.936592,11101.0,11101.0,common_core_english,2824.163265306123,150084.10495626825,3.972983705217833,1.7013610892039375,5041.0,357911.0,4.276666119016055,2.0339912586467506
70.63,3.0,40.0,11.0,54.0,14.0,13.6,8.6,35.0,26.0,13.7,8.4,65.0,26.0,65.0,2019.7058823529408,158.76470588235293,24.51,75.49,38.15058823529412,27.59117647058824,7.495882352941177,44.82470588235294,20.08823529411765,40.670905,-73.845992,11417.0,11417.0,common_core_algebra,4988.5969,352344.59904699994,4.257454983420831,2.0264793965045014,1600.0,64000.0,3.713572066704308,1.4918246976412703
60.85333333333333,10.0,128.0,47.0,185.0,47.0,13.0,9.4,36.71875,81.0,9.6,7.199999999999999,63.28125,94.0,73.4375,2019.8333333333333,442.72222222222223,48.903888888888886,51.09777777777778,16.95888888888889,6.419444444444444,23.135,52.805,17.641111111111112,40.635562,-74.141924,10302.0,10302.0,living_environment,3703.1281777777776,225347.69337837034,4.108466597445656,1.8377340779155793,16384.0,2097152.0,4.859812404361672,3.5966397255692817
57.79,1.0,13.0,4.0,18.0,8.0,12.7,4.2,61.53846154,5.0,9.7,4.1,38.46153846,15.0,46.66666667,2019.5625,31.625,66.069375,33.930625,6.29625,0.0,28.415,71.585,0.0,40.818645,-73.919949,10451.0,10451.0,living_environment,3339.6841,193000.344139,4.056815750329687,1.7822916855049344,169.0,2197.0,2.6390573296152584,1.1388283833246218
81.828,10.0,97.0,20.0,127.0,43.0,12.4,9.6,44.32989691,54.0,11.6,9.1,55.67010309,54.0,55.67010309,2019.7058823529408,338.0,29.46588235294118,70.53529411764706,37.25941176470588,19.27529411764706,16.299411764705884,60.00764705882353,4.416470588235294,40.732665,-73.98259,10003.0,10003.0,common_core_english,6695.821584,547905.6885755521,4.404619483326516,2.266597934410484,9409.0,912673.0,4.584967478670572,2.6379444593541526
62.41,2.0,33.0,11.0,46.0,14.0,9.4,5.9,42.42424242,19.0,11.7,7.599999999999999,57.57575758,10.0,30.303030300000003,2019.8333333333333,125.27777777777776,42.78666666666666,57.21388888888888,14.913333333333334,0.0,29.35777777777778,63.32888888888889,7.313888888888889,40.851577,-73.864438,10462.0,10462.0,common_core_algebra,3895.0080999999996,243087.45552099997,4.133725518945951,1.8665652924832052,1089.0,35937.0,3.5263605246161616,1.3909681284637803
57.34666666666666,3.0,27.0,7.0,37.0,12.0,10.9,5.5,44.44444444,15.0,12.6,5.1,55.55555556,10.0,37.03703704,2019.8333333333333,112.11111111111111,59.535,40.46666666666667,12.594444444444443,3.7583333333333337,28.24888888888889,61.02944444444445,6.963333333333334,40.839775,-73.839583,10461.0,10461.0,living_environment,3288.6401777777764,188592.55206162954,4.0491147192474255,1.7744076814877394,729.0,19683.0,3.332204510175204,1.3099644507332473
64.06166666666667,8.0,103.0,22.0,133.0,46.0,13.4,11.6,44.66019417,57.0,10.6,9.1,55.33980583,57.0,55.33980583,2019.8333333333333,378.44444444444446,33.294999999999995,66.705,26.665,9.178888888888888,2.6844444444444444,84.41777777777777,3.717777777777778,40.741658,-73.927995,11101.0,11101.0,living_environment,4103.897136111112,262902.49036783795,4.15984616111804,1.8976507365160904,10609.0,1092727.0,4.6443908991413725,2.801065834699079
67.28333333333333,15.0,224.0,71.0,310.0,94.0,13.5,11.8,41.96428571,130.0,12.5,10.3,58.03571429,159.0,70.98214286,2019.8947368421047,903.0,30.27578947368421,69.7257894736842,36.28736842105263,28.38684210526316,3.008421052631579,34.57526315789473,34.02789473684211,40.626827,-74.038103,11209.0,11209.0,common_core_algebra,4527.046944444444,304594.80857870367,4.20891255863084,1.959782177882768,50176.0,11239424.0,5.41610040220442,9.393331287442784
62.798333333333325,3.0,18.0,3.0,24.0,8.0,7.5,6.1,44.44444444,10.0,13.7,5.6,55.55555556,15.0,46.66666667,2019.8235294117649,69.0,47.28352941176471,52.716470588235296,13.967058823529412,0.0,85.66882352941175,13.99235294117647,0.3394117647058823,40.675905,-73.939282,11213.0,11213.0,living_environment,3943.6306694444434,247653.43332332862,4.1399285338438485,1.8738278800998196,324.0,5832.0,2.9444389791664403,1.1972173631218102
79.34333333333333,4.0,64.0,16.0,84.0,15.0,11.1,7.599999999999999,23.4375,49.0,10.699999999999998,7.599999999999999,76.5625,26.0,40.625,2019.8333333333333,84.0,10.641666666666667,89.35833333333333,59.60166666666667,5.801666666666667,16.94666666666667,67.65166666666666,9.6,40.729152,-73.982472,10009.0,10009.0,common_core_english,6295.364544444445,499495.2075047037,4.373784427479847,2.210974422101641,4096.0,262144.0,4.174387269895637,1.8964808793049515
58.80833333333334,2.0,16.0,4.0,22.0,5.0,0.6,0.4,31.25,11.0,8.1,0.3,68.75,15.0,46.66666667,2019.8947368421047,117.63157894736842,52.01315789473684,47.990526315789474,13.891052631578948,1.4210526315789471,30.94105263157895,61.45947368421053,6.18,40.860443,-73.860729,10469.0,10469.0,common_core_algebra,3458.420069444445,203383.92025057875,4.074283568218784,1.8005340823949618,256.0,4096.0,2.833213344056216,1.1735108709918103
68.72857142857143,12.0,218.0,68.0,298.0,98.0,12.900000000000002,10.3,44.95412844,120.0,9.3,7.1,55.04587156,106.0,48.62385321,2020.0,689.5238095238095,34.9847619047619,65.01523809523809,29.225238095238097,41.39523809523809,5.063809523809524,34.739999999999995,18.8,40.621299,-73.982583,11204.0,11204.0,living_environment,4723.616530612245,324647.4161253644,4.2301649996500945,1.9883113572096232,47524.0,10360232.0,5.389071729816501,8.846306258720883
64.66166666666668,4.0,84.0,15.0,103.0,36.0,13.6,8.5,42.85714286,48.0,11.6,5.5,57.14285714,54.0,64.28571429,2019.8333333333333,112.11111111111111,34.03888888888889,65.96111111111111,27.695555555555558,7.614999999999999,36.26611111111111,54.58777777777778,1.53,40.716231,-73.993607,10002.0,10002.0,common_core_algebra,4181.131136111112,270358.9078128381,4.169168547818276,1.909070867066467,7056.0,592704.0,4.442651256490317,2.3163669767810915
65.95333333333333,3.0,22.0,8.0,33.0,8.0,10.6,7.800000000000001,36.36363636,14.0,12.9,8.3,63.63636364,8.0,36.36363636,2019.8333333333333,111.38888888888889,46.36944444444444,53.63111111111111,16.205555555555556,0.0,33.29222222222222,66.70777777777778,0.0,40.815712,-73.92996,10451.0,10451.0,common_core_english,4349.842177777778,286886.5910983704,4.188947421226967,1.933889641957263,484.0,10648.0,3.1354942159291497,1.2460767305873808
66.45166666666667,3.0,17.0,4.0,24.0,10.0,11.1,6.3,58.823529410000006,7.0,12.8,6.7,41.17647059,13.0,76.47058824,2019.8333333333333,46.388888888888886,50.27777777777778,49.72222222222222,9.844444444444443,0.3877777777777778,33.007222222222225,47.01166666666667,19.593888888888888,40.593157,-73.936635,11235.0,11235.0,common_core_english,4415.824002777778,293438.8646912546,4.196474866359642,1.9435509113422254,289.0,4913.0,2.8903717578961645,1.1853048513203654
70.88142857142857,12.0,204.0,50.0,266.0,73.0,12.3,10.0,35.78431373,131.0,12.2,9.9,64.21568627,124.0,60.78431373,2020.0,743.6666666666666,29.472380952380952,70.53,33.74809523809523,42.72380952380953,1.4514285714285715,31.03952380952381,24.78619047619048,40.613041,-74.002308,11214.0,11214.0,common_core_algebra,5024.176916326531,356120.83722481923,4.261008460882499,2.031580955402241,41616.0,8489664.0,5.3230099791384085,7.690609198878998
63.46833333333333,4.0,39.0,8.0,51.0,18.0,11.1,5.4,46.15384615,21.0,9.9,6.7,53.84615385,20.0,51.28205128,2019.8235294117649,124.11764705882354,34.15764705882353,65.84529411764706,25.671764705882357,0.0,42.29823529411765,57.70176470588235,0.0,40.715561,-73.954815,11211.0,11211.0,common_core_algebra,4028.22933611111,255665.00224741196,4.150541093848556,1.886424679050483,1521.0,59319.0,3.6888794541139363,1.4769807938826427
65.208,1.0,7.0,2.0,10.0,14.0,11.0,6.8,40.477524155,20.0,9.95,6.049999999999999,59.522475845,15.0,46.66666667,2019.7058823529408,108.47058823529412,43.21,56.79235294117648,11.975882352941175,0.5541176470588235,48.4264705882353,50.40823529411765,0.611764705882353,40.721448,-73.953328,11222.0,11222.0,common_core_english,4252.083264,277269.845478912,4.177582160792157,1.9195293005106246,49.0,343.0,2.0794415416798357,1.0725081812542165
59.40714285714286,3.0,27.0,16.0,46.0,12.0,13.7,6.1,44.44444444,15.0,10.5,5.1,55.55555556,7.0,25.92592593,2020.0,110.42857142857144,57.8947619047619,42.1052380952381,11.734285714285717,0.0,20.14190476190476,79.51904761904763,0.3385714285714285,40.818645,-73.919949,10451.0,10451.0,living_environment,3529.20862244898,209660.2008064869,4.084414469259383,1.8113481976220123,729.0,19683.0,3.332204510175204,1.3099644507332473
67.69,3.0,32.0,11.0,46.0,15.0,10.2,7.0,46.875,17.0,13.4,10.2,53.125,12.0,37.5,2019.8333333333333,110.33333333333331,29.68,70.32166666666666,23.99388888888889,0.0,23.065,76.77166666666666,0.1633333333333333,40.869061,-73.897066,10468.0,10468.0,common_core_algebra,4581.9361,310151.254609,4.214938458520516,1.9677681859499954,1024.0,32768.0,3.4965075614664802,1.3771277643359572
61.02833333333333,4.0,34.0,13.0,51.0,20.0,7.800000000000001,7.599999999999999,58.823529410000006,14.0,7.599999999999999,7.400000000000001,41.17647059,10.0,29.41176471,2019.8333333333333,136.94444444444446,59.25388888888889,40.74611111111111,7.535,0.0,5.97,94.03,0.0,40.694723,-73.929315,11221.0,11221.0,common_core_english,3724.457469444444,227297.43193107867,4.111338237209778,1.8409529282244743,1156.0,39304.0,3.5553480614894135,1.4049475905635938
61.38428571428572,4.0,65.0,9.0,78.0,30.0,7.199999999999999,6.0,46.15384615,35.0,4.8,3.9,53.84615385,22.0,33.84615385,2019.888888888889,87.38888888888889,43.46333333333334,56.53666666666666,17.50277777777778,0.0,15.95611111111111,84.04388888888889,0.0,40.839508,-73.901774,10457.0,10457.0,common_core_algebra,3768.0305326530615,231297.86279652774,4.11715386940457,1.8475175204846983,4225.0,274625.0,4.189654742026425,1.9155408290138962
55.915,4.0,42.0,19.0,65.0,13.0,18.4,7.900000000000001,30.95238095,29.0,9.8,6.8,69.04761905,5.0,11.9047619,2019.8333333333333,126.44444444444444,57.51833333333333,42.48166666666666,8.932777777777778,0.0,87.98055555555555,11.858333333333333,0.1611111111111111,40.678478,-73.931604,11213.0,11213.0,common_core_algebra,3126.487225,174817.53318587499,4.023832680480152,1.7491850609221395,1764.0,74088.0,3.7612001156935624,1.5219615556186337
56.22,3.0,16.0,5.0,24.0,7.0,15.8,7.2,43.75,9.0,15.0,8.0,56.25,15.0,46.66666667,2019.6470588235293,86.17647058823529,62.63999999999999,37.36,5.833529411764706,0.0,77.18235294117646,22.81764705882353,0.0,40.666868,-73.895122,11207.0,11207.0,common_core_english,3160.6884,177693.90184799998,4.029272565478386,1.754528219532773,256.0,4096.0,2.833213344056216,1.1735108709918103
79.08333333333333,2.0,37.0,8.0,47.0,15.0,8.9,5.5,40.54054054,22.0,9.2,5.2,59.45945946,21.0,56.75675676,2019.8235294117649,67.94117647058823,6.5194117647058825,93.48058823529412,64.82882352941176,5.685294117647059,13.395294117647058,30.61941176470588,50.29823529411765,40.72463,-74.005058,10013.0,10013.0,living_environment,6254.17361111111,494600.89641203696,4.370502148821927,2.20523335522525,1369.0,50653.0,3.6375861597263857,1.4477346146633245
58.41833333333333,3.0,29.0,11.0,43.0,16.0,9.5,4.9,55.17241379,13.0,8.1,5.0,44.82758621,10.0,34.48275862,2019.7058823529408,121.17647058823528,55.78588235294118,44.21470588235294,10.841176470588236,7.693529411764706,26.00764705882353,63.277058823529416,3.023529411764706,40.839775,-73.839583,10461.0,10461.0,living_environment,3412.701669444444,199364.34369282867,4.067629767510069,1.7935256747516801,841.0,24389.0,3.4011973816621555,1.336427488025472
58.3,2.0,6.0,4.0,12.0,14.0,11.0,6.8,40.477524155,20.0,9.95,6.049999999999999,59.522475845,15.0,46.66666667,2019.1,34.0,60.211,39.789,7.786999999999999,0.0,93.753,6.247,0.0,40.666251,-73.923881,11212.0,11212.0,common_core_algebra,3398.89,198155.28699999998,4.065602093356446,1.7914045912584664,36.0,216.0,1.9459101490553132,1.0618365465453596
73.61833333333333,7.0,74.0,17.0,98.0,21.0,13.5,8.7,28.37837838,53.0,10.5,5.9,71.62162162,43.0,58.10810811,2019.8333333333333,204.38888888888889,20.042777777777776,79.96166666666666,45.07222222222222,19.994444444444444,1.5811111111111111,45.27555555555556,33.14555555555555,40.751144,-73.937564,11101.0,11101.0,living_environment,5419.659002777777,398986.26301949524,4.298894088918919,2.08795127356598,5476.0,405224.0,4.31748811353631,2.0959355144943643
63.88333333333333,3.0,32.0,7.0,42.0,14.0,4.6,3.9,43.75,18.0,6.7,3.3,56.25,16.0,50.0,2019.8333333333333,110.66666666666669,37.75888888888889,62.24111111111111,18.401111111111117,0.3644444444444444,26.229444444444443,72.46611111111112,0.9405555555555556,40.859466,-73.888625,10458.0,10458.0,common_core_algebra,4081.0802777777776,260713.01174537037,4.157058503158455,1.894269608437917,1024.0,32768.0,3.4965075614664802,1.3771277643359572
58.35,2.0,16.0,4.0,22.0,5.0,0.6,0.4,31.25,11.0,8.1,0.3,68.75,15.0,46.66666667,2019.8947368421047,117.63157894736842,52.01315789473684,47.990526315789474,13.891052631578948,1.4210526315789471,30.94105263157895,61.45947368421053,6.18,40.860443,-73.860729,10469.0,10469.0,living_environment,3404.7225000000003,198665.55787500003,4.066459358732565,1.7923005175169953,256.0,4096.0,2.833213344056216,1.1735108709918103
83.89571428571428,3.0,34.0,10.0,47.0,13.0,11.5,8.2,38.23529412,21.0,8.9,4.9,61.76470588,20.0,58.823529410000006,2019.95,89.45,22.7375,77.2635,41.8715,1.077,31.1905,54.3275,13.404,40.765638,-73.959777,10065.0,10065.0,common_core_english,7038.490875510202,590499.2194944109,4.429574530949332,2.3139525960797704,1156.0,39304.0,3.5553480614894135,1.4049475905635938
81.86428571428571,8.0,97.0,21.0,126.0,42.0,11.2,8.6,43.29896907,55.0,8.4,6.0,56.70103093,58.0,59.79381443,2019.95,240.35,19.6365,80.3635,47.04600000000001,7.537999999999999,15.255,60.012,17.194,40.759248,-73.967204,10022.0,10022.0,common_core_english,6701.761275510204,548634.8998473032,4.405062823887395,2.2674205348951753,9409.0,912673.0,4.584967478670572,2.6379444593541526
68.39,4.0,37.0,10.0,51.0,16.0,3.3,3.3,43.24324324,21.0,3.8,2.6,56.75675676,18.0,48.64864865,2019.8235294117649,136.58823529411765,31.87117647058823,68.12941176470588,25.27058823529412,0.0,89.72941176470589,10.270588235294117,0.0,40.658671,-73.943839,11203.0,11203.0,common_core_algebra,4677.1921,319873.167719,4.225226615110005,1.9815908862600837,1369.0,50653.0,3.6375861597263857,1.4477346146633245
63.48333333333333,2.0,23.0,5.0,30.0,9.0,5.5,4.6,39.13043478,14.0,3.6,3.6,60.86956522,9.0,39.13043478,2020.2666666666669,125.13333333333334,46.92,53.080000000000005,16.806666666666665,0.0,0.0,100.0,0.0,40.849416,-73.915217,10453.0,10453.0,common_core_english,4030.1336111111104,255846.31541203696,4.1507774042565035,1.8867076639756795,529.0,12167.0,3.1780538303479458,1.2586000099294778
77.00166666666667,3.0,18.0,6.0,27.0,5.0,12.1,7.5,27.77777778,13.0,9.2,4.5,72.22222222,10.0,55.55555556,2019.8333333333333,62.44444444444444,15.980555555555554,84.01944444444445,44.952777777777776,56.077777777777776,9.128888888888888,29.945,4.849444444444445,40.716231,-73.993607,10002.0,10002.0,common_core_algebra,5929.256669444444,456562.64564167126,4.3438270666410785,2.159802250189114,324.0,5832.0,2.9444389791664403,1.1972173631218102
55.152,3.0,13.0,4.0,20.0,7.0,12.1,5.9,53.84615385,6.0,11.2,8.1,46.15384615,7.0,53.84615385,2019.6875,24.0,62.479375000000005,37.520625,5.725625,0.0,88.110625,11.889375,0.0,40.692015,-73.95818,11205.0,11205.0,common_core_algebra,3041.743104,167758.21567180802,4.0100930097745096,1.7358895657233009,169.0,2197.0,2.6390573296152584,1.1388283833246218
71.485,4.0,57.0,21.0,82.0,15.0,9.3,6.8,26.31578947,42.0,8.4,5.1,73.68421053,16.0,28.07017544,2019.6875,100.9375,39.585625,60.414375,25.881875,0.0,9.369375,90.630625,0.0,40.842503,-73.916084,10457.0,10457.0,common_core_english,5110.105225,365295.872009125,4.269487637481127,2.0438800772521684,3249.0,185193.0,4.060443010546419,1.768267051433735
67.155,3.0,34.0,7.0,44.0,16.0,9.4,5.9,47.05882353,18.0,13.7,5.5,52.94117647,19.0,55.88235294,2019.8333333333333,114.11111111111111,46.39611111111111,53.60611111111111,14.28111111111111,0.0,25.079444444444444,72.09611111111111,2.8244444444444445,40.786134,-73.974483,10024.0,10024.0,common_core_english,4509.794025,302855.21774887503,4.207003380361039,1.957268737223866,1156.0,39304.0,3.5553480614894135,1.4049475905635938
72.224,4.0,57.0,16.0,77.0,21.0,10.9,4.2,36.84210526,36.0,8.4,4.9,63.15789474,28.0,49.12280702,2019.9444444444443,98.22222222222224,45.39111111111111,54.60888888888889,14.841111111111111,0.0,14.120555555555557,85.87944444444445,0.0,40.820388,-73.892961,10459.0,10459.0,common_core_english,5216.306176000001,376742.49725542404,4.279772400635125,2.059040299048366,3249.0,185193.0,4.060443010546419,1.768267051433735
62.42142857142857,4.0,34.0,7.0,45.0,15.0,10.6,7.1,44.11764706,19.0,11.6,9.2,55.88235294,15.0,44.11764706,2019.95,149.2,46.7405,53.2595,11.265,0.5015000000000001,23.0745,76.4235,0.0,40.839307,-73.911366,10457.0,10457.0,common_core_algebra,3896.4347448979593,243221.02311188047,4.13390862301824,1.8667786264211963,1156.0,39304.0,3.5553480614894135,1.4049475905635938
67.236,3.0,55.0,22.0,80.0,20.0,5.5,3.8,36.36363636,35.0,7.8,3.7,63.63636364,10.0,18.18181818,2019.6666666666667,123.2,55.68733333333333,44.314,14.251333333333331,0.49,8.245333333333333,91.26533333333332,0.0,40.792556,-73.942285,10029.0,10029.0,common_core_english,4520.679696,303952.42004025605,4.208208818371148,1.958854767156424,3025.0,166375.0,4.02535169073515,1.7332530178673953
63.458333333333336,2.0,14.0,3.0,19.0,7.0,16.9,8.8,50.0,7.0,11.6,6.1,50.0,6.0,42.85714286,2019.5625,98.125,52.8275,47.1725,10.22125,0.358125,34.5625,65.07875,0.0,40.774891,-73.985608,10023.0,10023.0,common_core_english,4026.960069444445,255544.17440682874,4.150383522547216,1.8862360460143872,196.0,2744.0,2.70805020110221,1.1502737988572274
68.02166666666666,2.0,17.0,4.0,23.0,9.0,13.7,10.4,52.94117647,8.0,12.8,6.6,47.05882353,6.0,35.29411765,2019.3333333333333,32.0,34.948,65.05199999999999,13.844666666666669,0.0,6.717333333333333,93.28266666666669,0.0,40.743228,-73.871505,11373.0,11373.0,common_core_english,4626.94713611111,314732.6557768379,4.2198262818761405,1.9743054520737404,289.0,4913.0,2.8903717578961645,1.1853048513203654
55.69166666666666,2.0,17.0,5.0,24.0,14.0,11.0,6.8,40.477524155,20.0,9.95,6.049999999999999,59.522475845,11.0,64.70588235,2019.8333333333333,61.16666666666666,66.84444444444445,33.15555555555555,9.800555555555556,21.12833333333333,33.004444444444445,10.581666666666669,35.28611111111111,40.686147,-73.979829,11217.0,11217.0,common_core_algebra,3101.561736111111,172731.14235358793,4.0198305247290245,1.7452829066469437,289.0,4913.0,2.8903717578961645,1.1853048513203654
63.57500000000001,3.0,32.0,6.0,41.0,17.0,11.9,7.599999999999999,53.125,15.0,8.3,6.0,46.875,11.0,34.375,2019.8333333333333,86.33333333333333,43.16222222222222,56.84,19.93555555555556,1.0983333333333334,37.475,61.42666666666667,0.0,40.765474,-73.9927,10019.0,10019.0,living_environment,4041.7806250000012,256956.20323437513,4.1522203113081835,1.8884379389225154,1024.0,32768.0,3.4965075614664802,1.3771277643359572
64.00166666666667,4.0,35.0,10.0,49.0,18.0,16.9,9.3,51.42857143,17.0,11.4,7.8,48.57142857,13.0,37.14285714,2019.8947368421047,117.89473684210526,41.08105263157895,58.92421052631579,17.335789473684212,4.285263157894737,36.97368421052632,58.54526315789473,0.1947368421052631,40.875172,-73.861649,10467.0,10467.0,living_environment,4096.213336111111,262164.4805333379,4.15890912468726,1.896512487583008,1225.0,42875.0,3.58351893845611,1.4190675485932571
68.78285714285714,4.0,51.0,17.0,72.0,22.0,12.0,8.6,43.1372549,29.0,9.4,7.299999999999999,56.8627451,36.0,70.58823529,2020.0,743.6666666666666,29.472380952380952,70.53,33.74809523809523,42.72380952380953,1.4514285714285715,31.03952380952381,24.78619047619048,40.613041,-74.002308,11214.0,11214.0,living_environment,4731.081436734693,325417.29859414574,4.230954544456221,1.9893910192567212,2601.0,132651.0,3.9512437185814275,1.6652911949458864
64.99666666666667,3.0,27.0,7.0,37.0,12.0,10.9,5.5,44.44444444,15.0,12.6,5.1,55.55555556,10.0,37.03703704,2019.8333333333333,112.11111111111111,59.535,40.46666666666667,12.594444444444443,3.7583333333333337,28.24888888888889,61.02944444444445,6.963333333333334,40.839775,-73.839583,10461.0,10461.0,common_core_english,4224.566677777778,274582.75216662965,4.174335986529385,1.9154769787171064,729.0,19683.0,3.332204510175204,1.3099644507332473
59.105,3.0,25.0,11.0,39.0,12.0,11.2,8.4,48.0,13.0,16.8,7.300000000000001,52.0,15.0,46.66666667,2019.8333333333333,155.22222222222223,48.361666666666665,51.638888888888886,14.812222222222225,0.1833333333333333,90.825,7.905555555555555,1.086666666666667,40.647728,-73.922212,11203.0,11203.0,living_environment,3493.4010249999997,206477.46758262496,4.07931552320234,1.805883598030787,625.0,15625.0,3.258096538021482,1.2840254166877414
61.04166666666666,4.0,28.0,6.0,38.0,9.0,6.8,4.8,32.14285714,19.0,8.1,2.8,67.85714286,15.0,46.66666667,2019.8333333333333,85.16666666666667,59.69111111111111,40.31444444444444,9.102222222222222,0.0,89.9511111111111,7.241666666666666,2.8072222222222223,40.640543,-73.898601,11236.0,11236.0,common_core_english,3726.0850694444434,227446.4427806712,4.111556691103222,1.8411984049796575,784.0,21952.0,3.367295829986474,1.3231298123374369
67.54,14.0,223.0,63.0,300.0,90.0,13.9,10.5,40.35874439,133.0,13.5,9.5,59.64125561,130.0,58.29596413,2019.8333333333333,652.7222222222222,31.45888888888889,68.5411111111111,31.735,28.296666666666667,21.38888888888889,23.388333333333332,26.924444444444443,40.619671,-73.959141,11230.0,11230.0,living_environment,4561.651600000001,308093.9490640001,4.212720014957422,1.9648187463038251,49729.0,11089567.0,5.4116460518550396,9.299866079483586
60.995000000000005,3.0,47.0,9.0,59.0,16.0,9.7,7.2,34.04255319,31.0,9.9,5.3,65.95744681,33.0,70.21276596,2019.6875,134.125,44.2875,55.71375,16.260625,4.301875,34.26625,61.43125,0.0,40.717329,-73.989329,10002.0,10002.0,living_environment,3720.3900250000006,226925.18957487505,4.110791893600701,1.8403393795121992,2209.0,103823.0,3.871201010907891,1.5999941932173602
56.45333333333334,4.0,34.0,13.0,51.0,20.0,7.800000000000001,7.599999999999999,58.823529410000006,14.0,7.599999999999999,7.400000000000001,41.17647059,10.0,29.41176471,2019.8333333333333,136.94444444444446,59.25388888888889,40.74611111111111,7.535,0.0,5.97,94.03,0.0,40.694723,-73.929315,11221.0,11221.0,common_core_algebra,3186.9788444444453,179915.57903170376,4.0334143381585,1.758626898644394,1156.0,39304.0,3.5553480614894135,1.4049475905635938
89.012,5.0,73.0,24.0,102.0,16.0,11.4,8.0,21.91780822,57.0,10.6,7.4,78.08219178,49.0,67.12328767,2019.8235294117649,172.64705882352942,2.8341176470588234,97.16529411764704,84.02941176470588,18.29823529411765,14.551176470588237,17.53058823529412,49.62235294117647,40.584543,-73.825162,11694.0,11694.0,common_core_english,7923.136144,705254.194449728,4.4887711921038695,2.435421884381664,5329.0,389017.0,4.30406509320417,2.0750806076741224
57.76,3.0,29.0,9.0,41.0,11.0,7.7,4.9,37.93103448,18.0,7.8,4.8,62.06896551999999,11.0,37.93103448,2019.95,138.4,56.658,43.3435,8.372,11.101,15.5625,73.12,0.216,40.693002,-73.869305,11208.0,11208.0,living_environment,3336.2176,192699.92857599998,4.05629649458457,1.781757078194389,841.0,24389.0,3.4011973816621555,1.336427488025472
60.09166666666667,3.0,15.0,2.0,20.0,8.0,8.5,2.6,53.33333333,7.0,7.599999999999999,2.9,46.66666667,15.0,46.66666667,2019.8333333333333,61.94444444444444,60.803333333333335,39.196666666666665,7.813333333333333,0.0,15.88888888888889,84.11111111111111,0.0,40.827455,-73.90392,10456.0,10456.0,common_core_english,3611.008402777778,216991.51327025465,4.095871174134714,1.8237898417344713,225.0,3375.0,2.772588722239781,1.161834242728283
58.1025,2.0,8.0,4.0,14.0,14.0,11.0,6.8,40.477524155,20.0,9.95,6.049999999999999,59.522475845,15.0,46.66666667,2019.071428571429,33.57142857142857,58.300714285714285,41.70214285714286,7.176428571428572,0.0,38.04285714285714,61.957142857142856,0.0,40.823124,-73.898265,10459.0,10459.0,living_environment,3375.90050625,196148.25916439062,4.06220869219203,1.787870058690549,64.0,512.0,2.1972245773362196,1.0832870676749586
69.0,2.0,33.0,7.0,42.0,10.0,12.0,7.7,30.3030303,23.0,9.5,5.1,69.6969697,8.0,24.24242424,2019.7142857142856,122.07142857142856,27.742857142857144,72.25714285714285,30.61428571428572,0.0,0.0,100.0,0.0,40.765474,-73.9927,10019.0,10019.0,living_environment,4761.0,328509.0,4.23410650459726,1.9937155332430823,1089.0,35937.0,3.5263605246161616,1.3909681284637803
61.45428571428572,3.0,32.0,12.0,47.0,12.0,12.3,5.8,37.5,20.0,12.7,4.7,62.5,6.0,18.75,2019.95,88.95,51.0465,48.953500000000005,12.8625,0.0,64.6195,35.3805,0.0,40.845366,-73.897479,10457.0,10457.0,living_environment,3776.6292326530615,232090.05190038486,4.118293576692974,1.8488112354964652,1024.0,32768.0,3.4965075614664802,1.3771277643359572
66.94333333333333,3.0,33.0,10.0,46.0,12.0,14.7,10.4,36.36363636,21.0,11.7,7.2,63.63636363999999,17.0,51.51515152,2019.7058823529408,102.88235294117646,30.171176470588232,69.82941176470588,30.51176470588236,10.800588235294116,12.304117647058822,75.96470588235294,0.9323529411764708,40.877379,-73.912686,10463.0,10463.0,living_environment,4481.409877777777,300000.5152513703,4.203846490380477,1.9531302331919798,1089.0,35937.0,3.5263605246161616,1.3909681284637803
59.60166666666667,3.0,26.0,8.0,37.0,9.0,18.6,9.7,34.61538462,17.0,17.2,6.5,65.38461538,7.0,26.92307692,2019.8333333333333,117.44444444444444,46.11888888888889,53.88111111111111,17.430555555555557,4.357777777777778,79.23333333333333,16.409444444444446,0.0,40.66903,-73.757744,11413.0,11413.0,common_core_algebra,3552.3586694444443,211726.4972966713,4.08768353788613,1.8148751303896118,676.0,17576.0,3.295836866004329,1.2969300866657718
68.125,4.0,50.0,10.0,64.0,16.0,12.9,8.7,32.0,34.0,9.4,8.0,68.0,21.0,42.0,2019.6875,110.9375,31.859375,68.140625,25.54875,0.0,7.0175,92.9825,0.0,40.833695,-73.942074,10032.0,10032.0,common_core_algebra,4641.015625,316169.189453125,4.221344252983408,1.976346622130453,2500.0,125000.0,3.9318256327243257,1.6487212707001282
57.35166666666667,2.0,17.0,4.0,23.0,8.0,16.8,9.5,47.05882353,9.0,10.4,6.3,52.94117647,9.0,52.94117647,2019.8333333333333,77.27777777777777,45.07944444444445,54.92333333333333,15.43388888888889,7.41,30.487777777777776,45.452777777777776,16.648333333333333,40.593028,-73.986313,11214.0,11214.0,living_environment,3289.2136694444443,188641.8859654213,4.049201904472492,1.7744964040898605,289.0,4913.0,2.8903717578961645,1.1853048513203654
64.31833333333333,3.0,10.0,4.0,17.0,14.0,11.0,6.8,40.477524155,20.0,9.95,6.049999999999999,59.522475845,5.0,50.0,2019.7777777777776,63.77777777777778,57.641666666666666,42.361666666666665,9.226666666666668,0.0,79.88888888888889,20.11111111111111,0.0,40.69733,-73.984528,11201.0,11201.0,common_core_english,4136.848002777777,266075.1687919953,4.16384471242885,1.9025276294083697,100.0,1000.0,2.3978952727983707,1.1051709180756477
60.468,2.0,16.0,8.0,26.0,7.0,16.3,8.4,43.75,9.0,9.7,3.4,56.25,15.0,46.66666667,2019.8235294117649,66.29411764705883,52.10941176470588,47.89411764705883,9.372941176470588,0.0,28.70705882352941,71.29294117647059,0.0,40.827455,-73.90392,10456.0,10456.0,living_environment,3656.3790240000003,221093.92682323203,4.102114299486462,1.8306663019290426,256.0,4096.0,2.833213344056216,1.1735108709918103
73.418,3.0,70.0,17.0,90.0,24.0,7.0,4.6,34.28571429,46.0,7.6,5.5,65.71428571,37.0,52.85714286,2019.8125,138.4375,28.14875,71.855,34.773125,19.4,18.2875,46.370000000000005,15.94125,40.708431,-73.855543,11375.0,11375.0,living_environment,5390.202724000001,395737.9035906321,4.296169137163743,2.0837725982186144,4900.0,343000.0,4.2626798770413155,2.0137527074704766
62.65333333333333,2.0,25.0,6.0,33.0,13.0,13.7,8.2,52.0,12.0,13.2,7.199999999999999,48.0,17.0,68.0,2019.8333333333333,99.77777777777776,55.562777777777775,44.44111111111111,10.72,0.2055555555555555,35.620555555555555,64.17388888888888,0.0,40.875636,-73.901565,10463.0,10463.0,common_core_english,3925.440177777777,245941.91193837032,4.137616885566505,1.8711127985834792,625.0,15625.0,3.258096538021482,1.2840254166877414
55.8,2.0,18.0,8.0,28.0,5.0,15.199999999999998,12.0,27.77777778,13.0,17.4,11.7,72.22222222,15.0,46.66666667,2019.8333333333333,68.55555555555556,65.46111111111111,34.53833333333333,6.142777777777777,0.0,82.38722222222222,17.612777777777776,0.0,40.665568,-73.912102,11212.0,11212.0,common_core_english,3113.64,173741.11199999996,4.021773869387265,1.747174654307446,324.0,5832.0,2.9444389791664403,1.1972173631218102
77.90166666666666,13.0,110.0,34.0,157.0,29.0,8.8,7.1,26.36363636,81.0,9.3,6.6,73.63636364,67.0,60.90909091000001,2019.95,295.75,30.5185,69.4845,28.409,3.085,32.8155,61.177,2.9215,40.745677,-73.996354,10011.0,10011.0,common_core_english,6068.669669444443,472759.4816991711,4.355447347598625,2.1793282054394223,12100.0,1331000.0,4.709530201312334,3.0041660239464334
75.06333333333333,8.0,88.0,14.0,110.0,30.0,12.5,9.8,34.09090909,58.0,7.199999999999999,5.4,65.90909091,39.0,44.31818182,2019.8333333333333,276.5,16.923333333333332,83.07666666666667,58.818333333333335,19.27111111111111,18.44333333333333,58.39777777777778,3.8866666666666654,40.794184,-73.932868,10029.0,10029.0,living_environment,5634.504011111111,422944.652754037,4.318332201638139,2.1183412079556243,7744.0,681472.0,4.48863636973214,2.4108997064172097
64.80600000000001,3.0,19.0,5.0,27.0,9.0,17.1,5.9,47.36842105,10.0,14.0,6.9,52.63157895,12.0,63.15789474,2019.5625,54.1875,41.23625,58.76375,9.5525,2.34625,78.230625,19.4225,0.0,40.673949,-73.782684,11434.0,11434.0,living_environment,4199.817636000002,272173.3817186161,4.171398191664392,1.9118282821404549,361.0,6859.0,2.995732273553991,1.2092495976572515
66.81,2.0,31.0,6.0,39.0,11.0,5.2,1.8,35.48387097,20.0,8.8,4.9,64.51612903,18.0,58.06451613,2019.6875,89.875,24.488125,75.511875,34.186875,1.1925,13.476875,56.056875,29.274375,40.786134,-73.974483,10024.0,10024.0,common_core_algebra,4463.5761,298211.519241,4.2018527699373855,1.950527794892137,961.0,29791.0,3.4657359027997265,1.3634251141321778
63.653333333333336,3.0,53.0,16.0,72.0,15.0,11.7,7.900000000000001,28.30188679,38.0,11.8,7.599999999999999,71.69811321,6.0,11.32075472,2019.888888888889,105.66666666666669,43.31111111111111,56.69277777777778,16.109444444444446,1.5233333333333332,72.60833333333333,25.86888888888889,0.0,40.673766,-73.895976,11207.0,11207.0,common_core_algebra,4051.746844444445,257907.19247170375,4.153451693362465,1.8899177948425687,2809.0,148877.0,3.9889840465642745,1.6989323086185506
64.94142857142857,13.0,196.0,61.0,270.0,75.0,13.2,10.2,38.26530612,121.0,11.3,8.7,61.73469388,92.0,46.93877551,2020.0,733.3809523809524,37.34904761904762,62.651428571428575,28.03285714285714,30.947142857142858,17.823809523809523,47.273809523809526,3.9557142857142855,40.737448,-73.823841,11367.0,11367.0,common_core_algebra,4217.389144897959,273883.27591130906,4.173485764760867,1.914419197895224,38416.0,7529536.0,5.2832037287379885,7.099327065156633
61.34666666666666,2.0,20.0,6.0,28.0,6.0,9.4,4.3,30.0,14.0,11.2,7.4,70.0,7.0,35.0,2019.7058823529408,106.17647058823528,43.72235294117647,56.27764705882353,16.02294117647059,1.4994117647058822,21.83529411764706,75.4664705882353,1.1994117647058824,40.757626,-73.98346,10036.0,10036.0,common_core_algebra,3763.41351111111,230872.87419496285,4.116540836619158,1.8468226327021748,400.0,8000.0,3.044522437723423,1.2214027581601699
69.27666666666666,3.0,18.0,8.0,29.0,8.0,14.9,4.8,44.44444444,10.0,7.400000000000001,1.7,55.55555556,10.0,55.55555556,2019.8333333333333,97.72222222222224,48.25277777777778,51.74722222222223,14.879444444444443,2.728333333333333,25.632777777777772,71.47222222222223,0.1683333333333333,40.743407,-74.00254,10011.0,10011.0,common_core_english,4799.256544444443,332476.49587729614,4.238108149162872,1.9992391169859023,324.0,5832.0,2.9444389791664403,1.1972173631218102
69.86666666666666,4.0,37.0,10.0,51.0,21.0,16.9,13.1,56.75675676000001,16.0,14.1,11.3,43.24324324,11.0,29.729729729999995,2019.9,102.0,53.2885,46.713,12.4945,0.0,20.2415,79.7585,0.0,40.818645,-73.919949,10451.0,10451.0,common_core_english,4881.35111111111,341043.73096296284,4.246588663778778,2.0110694930676307,1369.0,50653.0,3.6375861597263857,1.4477346146633245
60.211666666666666,3.0,36.0,6.0,45.0,12.0,9.1,6.9,33.33333333,24.0,12.7,6.4,66.66666667,18.0,50.0,2019.7058823529408,124.05882352941175,43.16294117647059,56.83705882352941,15.70705882352941,0.0,29.86764705882353,69.77235294117648,0.3594117647058823,40.821218,-73.85593,10473.0,10473.0,common_core_algebra,3625.4448027777776,218294.0739832546,4.097866131987894,1.8259797031986478,1296.0,46656.0,3.6109179126442243,1.4333294145603401
64.91333333333333,2.0,37.0,13.0,52.0,6.0,4.1,4.0,16.21621622,31.0,7.0,3.6,83.78378378,20.0,54.05405405,2019.8235294117649,95.6470588235294,53.47411764705882,46.52588235294118,12.39470588235294,3.574117647058824,65.57352941176471,12.506470588235295,18.34705882352941,40.694629,-73.988323,11201.0,11201.0,common_core_english,4213.740844444444,273527.96401570365,4.1730530468825,1.9138814128129713,1369.0,50653.0,3.6375861597263857,1.4477346146633245
68.42333333333333,3.0,25.0,4.0,32.0,11.0,5.9,4.1,44.0,14.0,8.8,3.6,56.0,12.0,48.0,2019.8235294117649,68.41176470588235,41.52411764705882,58.47588235294118,14.22764705882353,1.008823529411765,29.35,68.72235294117647,0.9194117647058824,40.711441,-74.000851,10038.0,10038.0,common_core_english,4681.7525444444445,320341.11493270367,4.225713897060977,1.9822515266561196,625.0,15625.0,3.258096538021482,1.2840254166877414
55.48333333333333,3.0,36.0,11.0,50.0,13.0,14.300000000000002,9.3,36.11111111,23.0,12.0,6.1,63.88888889,10.0,27.77777778,2019.8333333333333,125.5,56.998333333333335,43.001666666666665,8.318888888888889,0.0,14.46388888888889,83.75055555555555,1.7855555555555556,40.869061,-73.897066,10468.0,10468.0,living_environment,3078.4002777777773,170799.9087453703,4.016082675352924,1.7416506854688938,1296.0,46656.0,3.6109179126442243,1.4333294145603401
56.64833333333333,3.0,30.0,7.0,40.0,8.0,13.5,11.2,26.66666667,22.0,12.0,6.9,73.33333333,6.0,20.0,2019.8333333333333,115.94444444444444,56.39666666666667,43.60333333333333,11.157222222222222,14.295555555555556,61.10499999999999,24.087222222222223,0.5127777777777778,40.685838,-73.783438,11434.0,11434.0,common_core_algebra,3209.0336694444445,181786.4089845787,4.036862566623457,1.7620595668605346,900.0,27000.0,3.4339872044851463,1.3498588075760032
61.96333333333333,3.0,37.0,7.0,47.0,14.0,5.7,2.1,37.83783784,23.0,5.7,3.4,62.16216216000001,13.0,35.13513514,2019.7058823529408,109.23529411764706,46.73294117647059,53.27294117647059,14.937058823529412,0.9076470588235294,68.7464705882353,30.166470588235292,0.1794117647058823,40.669255,-73.97858,11215.0,11215.0,living_environment,3839.4546777777773,237905.41001737033,4.126542812250943,1.8582465598436673,1369.0,50653.0,3.6375861597263857,1.4477346146633245
77.12,8.0,88.0,14.0,110.0,30.0,12.5,9.8,34.09090909,58.0,7.199999999999999,5.4,65.90909091,39.0,44.31818182,2019.8333333333333,276.5,16.923333333333332,83.07666666666667,58.818333333333335,19.27111111111111,18.44333333333333,58.39777777777778,3.8866666666666654,40.794184,-73.932868,10029.0,10029.0,common_core_algebra,5947.4944000000005,458670.7681280001,4.34536265030229,2.162359528943359,7744.0,681472.0,4.48863636973214,2.4108997064172097
73.88428571428572,2.0,38.0,10.0,50.0,19.0,7.3,4.8,50.0,19.0,7.2,4.8,50.0,18.0,47.36842105,2020.0,94.5,28.4615,71.539,30.4,2.464,26.6475,65.4015,5.487,40.763655,-73.990318,10019.0,10019.0,common_core_english,5458.887675510206,403326.0166995891,4.3025001627753445,2.093511620351095,1444.0,54872.0,3.6635616461296463,1.4622845894342245
56.685,3.0,24.0,12.0,39.0,9.0,15.1,11.5,37.5,15.0,11.1,5.7,62.5,11.0,45.83333333,2019.7058823529408,83.6470588235294,50.95647058823529,49.04352941176471,9.207647058823529,0.0,29.848823529411764,70.15117647058823,0.0,40.877379,-73.912686,10463.0,10463.0,living_environment,3213.189225,182139.63121912503,4.037509625469562,1.7627057738324217,576.0,13824.0,3.2188758248682006,1.2712491503214047
69.47833333333334,6.0,71.0,12.0,89.0,24.0,11.0,7.7,33.8028169,47.0,10.7,7.5,66.1971831,27.0,38.02816901,2019.95,324.9,44.8805,55.1195,17.592499999999998,21.3255,0.0,74.9235,3.7505,40.751838,-73.936592,11101.0,11101.0,living_environment,4827.238802777779,335388.50661899545,4.241014953366906,2.003274984003263,5041.0,357911.0,4.276666119016055,2.0339912586467506
74.23,3.0,67.0,16.0,86.0,32.0,12.8,7.6,47.76119403,35.0,9.5,5.5,52.23880597,33.0,49.25373134,2019.8235294117649,201.94117647058823,15.560588235294116,84.44235294117647,48.87647058823529,32.96,11.518235294117646,41.853529411764704,13.67,40.689177,-73.841475,11416.0,11416.0,common_core_algebra,5510.092900000001,409014.1959670001,4.307168381129456,2.1007617141797903,4489.0,300763.0,4.219507705176107,1.9542373206359396
73.058,4.0,50.0,10.0,64.0,16.0,12.9,8.7,32.0,34.0,9.4,8.0,68.0,21.0,42.0,2019.6875,110.9375,31.859375,68.140625,25.54875,0.0,7.0175,92.9825,0.0,40.833695,-73.942074,10032.0,10032.0,common_core_english,5337.471364000001,389944.98291111214,4.29125364623197,2.0762845035226207,2500.0,125000.0,3.9318256327243257,1.6487212707001282
59.38833333333333,4.0,37.0,15.0,56.0,11.0,8.5,7.300000000000001,29.72972973,26.0,11.5,9.1,70.27027027,14.0,37.83783784,2019.8333333333333,144.38888888888889,58.22111111111112,41.778888888888886,9.260555555555555,0.0,8.972222222222221,91.02777777777776,0.0,40.856532,-73.92606,10040.0,10040.0,common_core_english,3526.9741361111105,209461.11565341198,4.084097798548176,1.8110075236920835,1369.0,50653.0,3.6375861597263857,1.4477346146633245
53.73,4.0,28.0,6.0,38.0,9.0,6.8,4.8,32.14285714,19.0,8.1,2.8,67.85714286,15.0,46.66666667,2019.8333333333333,85.16666666666667,59.69111111111111,40.31444444444444,9.102222222222222,0.0,89.9511111111111,7.241666666666666,2.8072222222222223,40.640543,-73.898601,11236.0,11236.0,living_environment,2886.9129,155113.83011699998,3.98397150474073,1.7113798928764092,784.0,21952.0,3.367295829986474,1.3231298123374369
60.62166666666667,1.0,27.0,5.0,33.0,12.0,4.3,2.9,44.44444444,15.0,7.400000000000001,3.8,55.55555556,11.0,40.74074074,2019.8333333333333,125.83333333333331,46.73555555555556,53.266666666666666,14.267222222222223,28.67055555555556,18.418333333333333,49.21166666666667,3.699444444444445,40.693013,-73.829409,11418.0,11418.0,common_core_algebra,3674.986469444445,222783.80475517132,4.104652364928167,1.8334815883374092,729.0,19683.0,3.332204510175204,1.3099644507332473
62.10285714285715,12.0,135.0,37.0,184.0,55.0,12.8,9.6,40.74074074,80.0,11.9,9.8,59.25925926000001,74.0,54.81481481,2020.0,549.2857142857143,43.30095238095238,56.69904761904762,17.061904761904763,13.025238095238096,9.66904761904762,70.51666666666667,6.788095238095239,40.765881,-73.933907,11106.0,11106.0,common_core_algebra,3856.764865306123,239516.11746369684,4.1287919966227244,1.8608410657901826,18225.0,2460375.0,4.912654885736052,3.8574255306969745
64.415,3.0,18.0,3.0,24.0,9.0,13.9,8.5,50.0,9.0,5.6,3.8,50.0,12.0,66.66666667,2019.5333333333333,28.53333333333333,49.746,50.26533333333334,7.939333333333334,0.0,81.92399999999999,18.076,0.0,40.690007,-73.989369,11201.0,11201.0,common_core_english,4149.292225000001,267276.6586733751,4.165346525243488,1.904367628639812,324.0,5832.0,2.9444389791664403,1.1972173631218102
86.438,4.0,46.0,10.0,60.0,20.0,6.9,5.6,43.47826087,26.0,7.1,4.3,56.52173913,27.0,58.69565217,2020.0,90.33333333333331,0.2586666666666666,99.74133333333332,92.46666666666668,61.578,12.152666666666669,11.351333333333333,14.918666666666669,40.709765,-73.944463,11206.0,11206.0,common_core_algebra,7471.527844,645823.923779672,4.4594273939346385,2.3735340385856523,2116.0,97336.0,3.8501476017100584,1.5840739849944818
62.72428571428571,3.0,38.0,10.0,51.0,17.0,5.2,3.3999999999999995,44.73684211,21.0,10.4,7.700000000000001,55.26315789,15.0,39.47368421,2020.0,119.33333333333331,40.71952380952381,59.28380952380952,17.793333333333333,0.0,22.80190476190476,77.19809523809525,0.0,40.827455,-73.90392,10456.0,10456.0,common_core_algebra,3934.3360183673467,246778.4165120787,4.138748704611492,1.8724408687573684,1444.0,54872.0,3.6635616461296463,1.4622845894342245
63.52166666666667,3.0,32.0,10.0,45.0,16.0,14.6,9.5,50.0,16.0,9.0,6.7,50.0,16.0,50.0,2019.8333333333333,126.11111111111111,47.25611111111111,52.74611111111111,15.723333333333333,5.626111111111111,32.15611111111111,51.392222222222216,10.825555555555557,40.860443,-73.860729,10469.0,10469.0,living_environment,4035.002136111111,256310.060689338,4.151381055049738,1.887431040551856,1024.0,32768.0,3.4965075614664802,1.3771277643359572
62.915,9.0,71.0,18.0,98.0,25.0,19.7,14.699999999999998,35.21126761,46.0,14.0,10.3,64.78873239,41.0,57.74647887,2019.8333333333333,305.8333333333333,44.84888888888889,55.15555555555555,19.257777777777772,32.37166666666666,46.02111111111111,17.827222222222222,3.7816666666666654,40.733888,-73.739726,11427.0,11427.0,living_environment,3958.297225,249036.26991087498,4.141784609043931,1.8760152883666497,5041.0,357911.0,4.276666119016055,2.0339912586467506
59.41,2.0,6.0,4.0,12.0,14.0,11.0,6.8,40.477524155,20.0,9.95,6.049999999999999,59.522475845,15.0,46.66666667,2019.1,34.0,60.211,39.789,7.786999999999999,0.0,93.753,6.247,0.0,40.666251,-73.923881,11212.0,11212.0,living_environment,3529.5480999999995,209690.45262099997,4.08446256236765,1.8113999511669914,36.0,216.0,1.9459101490553132,1.0618365465453596
60.086,2.0,11.0,3.0,16.0,14.0,11.0,6.8,40.477524155,20.0,9.95,6.049999999999999,59.522475845,15.0,46.66666667,2019.5625,29.5,53.235625,46.764375,12.443125,0.0,24.685625,75.314375,0.0,40.677968,-74.014363,11238.5,11231.0,living_environment,3610.3273959999997,216930.13191605598,4.095776869313726,1.8236864965715802,121.0,1331.0,2.4849066497880004,1.1162780704588713
63.01166666666666,4.0,52.0,21.0,77.0,18.0,11.1,6.9,34.61538462,34.0,7.800000000000001,5.7,65.38461538,28.0,53.84615385,2019.8333333333333,81.61111111111111,43.74611111111111,56.253888888888895,19.28833333333333,8.242777777777778,27.074444444444445,64.68333333333334,0.0,40.815043,-73.85607,10473.0,10473.0,common_core_algebra,3970.4701361111106,250185.94072658793,4.143319894432058,1.877829646610604,2704.0,140608.0,3.970291913552122,1.6820276496988864
67.395,5.0,49.0,15.0,69.0,28.0,14.5,10.8,57.14285714,21.0,14.300000000000002,10.4,42.85714286,33.0,67.34693878,2019.8333333333333,180.77777777777777,32.474999999999994,67.52555555555556,25.70111111111111,6.286666666666666,5.650555555555556,85.64111111111112,2.420555555555556,40.737673,-73.853412,11368.0,11368.0,common_core_algebra,4542.086025,306113.88765487494,4.210570831190233,1.9619718236394206,2401.0,117649.0,3.912023005428146,1.632316219955379
56.080000000000005,4.0,31.0,15.0,50.0,15.0,17.0,11.9,48.38709677,16.0,9.0,6.8,51.61290323,12.0,38.70967742,2019.8333333333333,215.77777777777777,63.4388888888889,36.56555555555556,7.748888888888889,0.0,25.172222222222224,74.60055555555556,0.2272222222222222,40.711134,-73.938921,11211.0,11211.0,common_core_english,3144.9664000000007,176369.71571200006,4.0267792427263345,1.7520735986609588,961.0,29791.0,3.4657359027997265,1.3634251141321778
73.47333333333333,3.0,28.0,10.0,41.0,10.0,12.7,6.0,35.71428571,18.0,9.9,5.9,64.28571429,13.0,46.42857143,2019.8333333333333,92.11111111111111,38.43111111111111,61.56888888888889,21.165000000000003,0.0,25.0,75.0,0.0,40.833884,-73.902794,10456.0,10456.0,common_core_english,5398.330711111111,396633.351781037,4.296922528595286,2.084925938117573,784.0,21952.0,3.367295829986474,1.3231298123374369
56.94166666666666,3.0,24.0,12.0,39.0,8.0,6.4,6.9,33.33333333,16.0,6.2,4.0,66.66666667,9.0,37.5,2019.7058823529408,98.23529411764706,66.93117647058823,33.08,3.94235294117647,0.0,14.09235294117647,85.39176470588235,0.5158823529411765,40.696457,-73.911751,11237.0,11237.0,living_environment,3242.3534027777773,184625.0066765046,4.042027351998732,1.7672358631129,576.0,13824.0,3.2188758248682006,1.2712491503214047
66.69666666666667,2.0,20.0,6.0,28.0,9.0,11.5,5.3,45.0,11.0,12.1,8.7,55.0,7.0,35.0,2019.8333333333333,99.33333333333331,41.90166666666667,58.09833333333333,18.817777777777778,6.918888888888889,24.76,68.32277777777777,0.0,40.708971,-74.012465,10006.0,10006.0,living_environment,4448.445344444445,296696.4763232964,4.200154976660292,1.9483184489237897,400.0,8000.0,3.044522437723423,1.2214027581601699
60.403333333333336,3.0,51.0,16.0,70.0,18.0,11.0,6.1,35.29411765,33.0,8.4,4.2,64.70588235,33.0,64.70588235,2019.8235294117649,88.94117647058823,39.86058823529412,60.14058823529412,26.18,5.597647058823529,27.857647058823527,51.26235294117648,15.282352941176471,40.743407,-74.00254,10011.0,10011.0,common_core_algebra,3648.562677777778,220385.3476133704,4.101044291055957,1.8294828537432828,2601.0,132651.0,3.9512437185814275,1.6652911949458864
61.54,1.0,7.0,2.0,10.0,14.0,11.0,6.8,40.477524155,20.0,9.95,6.049999999999999,59.522475845,15.0,46.66666667,2019.7058823529408,108.47058823529412,43.21,56.79235294117648,11.975882352941175,0.5541176470588235,48.4264705882353,50.40823529411765,0.611764705882353,40.721448,-73.953328,11222.0,11222.0,common_core_algebra,3787.1715999999997,233062.54026399998,4.119687369893896,1.85039661019041,49.0,343.0,2.0794415416798357,1.0725081812542165
64.94500000000001,4.0,45.0,11.0,60.0,18.0,10.5,5.1,40.0,27.0,11.2,5.2,60.0,27.0,60.0,2019.8333333333333,129.55555555555554,35.675,64.32833333333332,29.151666666666667,15.898333333333332,8.148888888888889,71.32055555555556,4.632222222222222,40.764892,-73.826811,11354.0,11354.0,common_core_algebra,4217.853025000001,273928.4647086251,4.173540757859247,1.91448757123038,2025.0,91125.0,3.828641396489095,1.568312185490169
61.15599999999999,2.0,16.0,5.0,23.0,14.0,11.0,6.8,40.477524155,20.0,9.95,6.049999999999999,59.522475845,7.0,43.75,2019.5625,43.9375,48.825,51.175,12.14375,0.0,98.828125,1.171875,0.0,40.645965,-73.898607,11236.0,11236.0,living_environment,3740.056335999999,228726.8852844159,4.113427976698367,1.843304712365624,256.0,4096.0,2.833213344056216,1.1735108709918103
71.005,4.0,44.0,8.0,56.0,14.0,10.9,4.2,31.81818182,30.0,6.5,2.3,68.18181818,14.0,31.81818182,2019.875,83.0625,51.67625,48.32375,13.1475,0.0,81.939375,18.060625,0.0,40.657266,-73.874064,11239.0,11239.0,common_core_english,5041.710024999999,357986.62032512494,4.262750297096976,2.0340929607522145,1936.0,85184.0,3.8066624897703196,1.552707218511336
77.73833333333333,4.0,97.0,25.0,126.0,29.0,10.3,7.2,29.89690722,68.0,9.0,6.3,70.10309278,60.0,61.8556701,2019.95,170.25,32.7735,67.2265,23.444,2.87,46.139,38.826,12.167,40.586012,-73.825317,11694.0,11694.0,common_core_english,6043.248469444444,469792.0639338286,4.353348486209609,2.175771541436839,9409.0,912673.0,4.584967478670572,2.6379444593541526
57.852,2.0,24.0,4.0,30.0,8.0,14.3,8.5,33.33333333,16.0,9.8,7.7,66.66666667,5.0,20.83333333,2019.9411764705883,50.52941176470589,50.85294117647059,49.15294117647059,15.533529411764706,0.0,92.45470588235294,7.545294117647059,0.0,40.665568,-73.912102,11212.0,11212.0,living_environment,3346.8539039999996,193622.19205420796,4.0578880252114855,1.7833970489772153,576.0,13824.0,3.2188758248682006,1.2712491503214047
55.58,3.0,10.0,5.0,18.0,14.0,11.0,6.8,40.477524155,20.0,9.95,6.049999999999999,59.522475845,5.0,50.0,2019.5,81.3125,61.504375,38.4975,8.231875,0.0,88.10375,7.834375,4.0625,40.640543,-73.898601,11236.0,11236.0,living_environment,3089.1364,171694.20111199998,4.017823424314358,1.743335095131685,100.0,1000.0,2.3978952727983707,1.1051709180756477
63.873333333333335,1.0,7.0,2.0,10.0,14.0,11.0,6.8,40.477524155,20.0,9.95,6.049999999999999,59.522475845,15.0,46.66666667,2019.7058823529408,108.47058823529412,43.21,56.79235294117648,11.975882352941175,0.5541176470588235,48.4264705882353,50.40823529411765,0.611764705882353,40.721448,-73.953328,11222.0,11222.0,living_environment,4079.8027111111114,260590.59850103705,4.156901955554618,1.8940801909481053,49.0,343.0,2.0794415416798357,1.0725081812542165
69.16,3.0,32.0,13.0,48.0,15.0,8.0,4.1,46.875,17.0,6.0,4.3,53.125,16.0,50.0,2019.6875,113.8125,32.96375,67.0375,27.565,8.689375,25.928125,59.6975,5.684375,40.735361,-73.987064,10003.0,10003.0,living_environment,4783.1056,330799.58329599997,4.23642266081509,1.9969080314137415,1024.0,32768.0,3.4965075614664802,1.3771277643359572
68.97999999999999,2.0,20.0,7.0,29.0,8.0,12.3,6.6,40.0,12.0,11.9,6.6,60.0,12.0,60.0,2019.8125,59.875,30.62,69.38,21.619375,4.825,36.056875,56.576875,2.54125,40.74651,-73.98107,10016.0,10016.0,living_environment,4758.240399999999,328223.4227919999,4.233816607508695,1.993316830008086,400.0,8000.0,3.044522437723423,1.2214027581601699
64.42,5.0,33.0,12.0,50.0,18.0,13.1,6.8,54.54545455,15.0,12.8,4.3,45.45454545,10.0,30.3030303,2019.95,132.9,44.6575,55.346500000000006,12.7465,1.1895,89.937,8.8735,0.0,40.675905,-73.939282,11213.0,11213.0,common_core_algebra,4149.9364000000005,267338.902888,4.165424143903053,1.9044628494017428,1089.0,35937.0,3.5263605246161616,1.3909681284637803
68.57166666666667,13.0,209.0,101.0,323.0,89.0,11.2,9.4,42.58373206,120.0,9.4,8.2,57.41626794,169.0,80.86124402,2019.8333333333333,662.9444444444445,34.69444444444444,65.30777777777777,31.555,11.702222222222224,10.697222222222225,30.695555555555558,46.90444444444445,40.570909,-74.105878,10306.0,10306.0,living_environment,4702.073469444445,322429.0145889214,4.227879427062818,1.9851940482513124,43681.0,9129329.0,5.3471075307174685,8.084915164305059
66.63833333333334,10.0,97.0,20.0,127.0,43.0,12.4,9.6,44.32989691,54.0,11.6,9.1,55.67010309,54.0,55.67010309,2019.7058823529408,338.0,29.46588235294118,70.53529411764706,37.25941176470588,19.27529411764706,16.299411764705884,60.00764705882353,4.416470588235294,40.732665,-73.98259,10003.0,10003.0,common_core_algebra,4440.667469444445,295918.67905132874,4.19927998754183,1.947182261248874,9409.0,912673.0,4.584967478670572,2.6379444593541526
66.74428571428572,13.0,230.0,130.0,373.0,81.0,13.6,10.9,35.2173913,149.0,11.9,9.2,64.7826087,195.0,84.7826087,2019.95,684.25,30.740500000000004,69.2595,35.1275,8.243,1.4745,16.145500000000002,74.136,40.528152,-74.193431,10312.0,10312.0,common_core_algebra,4454.799675510205,297332.4223421605,4.200868686339229,1.9492464405466041,52900.0,12167000.0,5.442417710521793,9.974182454814718
77.32666666666667,2.0,25.0,5.0,32.0,14.0,11.2,6.2,56.0,11.0,7.9,4.2,44.0,13.0,52.0,2019.8235294117649,49.94117647058823,30.358823529411765,69.64294117647059,26.324117647058824,12.06,20.983529411764707,66.95764705882353,0.0,40.713362,-73.986051,10002.0,10002.0,common_core_english,5979.413377777778,462368.10512562963,4.3480388723856205,2.1668330263249027,625.0,15625.0,3.258096538021482,1.2840254166877414
65.24166666666666,2.0,24.0,7.0,33.0,12.0,8.0,4.1,50.0,12.0,7.8,4.8,50.0,15.0,62.5,2019.7058823529408,66.41176470588235,35.735882352941175,64.26588235294118,21.105882352941176,1.8205882352941176,40.03470588235295,57.765882352941176,0.3794117647058823,40.717329,-73.989329,10002.0,10002.0,living_environment,4256.475069444444,277699.52765567123,4.178098324125868,1.9201756508379968,576.0,13824.0,3.2188758248682006,1.2712491503214047
51.833333333333336,3.0,31.0,5.0,39.0,11.0,11.699999999999998,7.900000000000001,35.48387097,20.0,11.699999999999998,9.4,64.51612903,13.0,41.93548387,2019.8333333333333,141.08333333333334,55.54166666666666,44.458333333333336,13.868333333333332,42.88,0.0,55.20166666666666,1.9175,40.759963,-73.818399,11355.0,11355.0,common_core_english,2686.694444444445,139260.32870370374,3.948033442951179,1.6792266051349147,961.0,29791.0,3.4657359027997265,1.3634251141321778
65.272,3.0,14.0,5.0,22.0,6.0,8.0,7.1,42.85714286,8.0,20.6,7.2,57.14285714,15.0,46.66666667,2019.4666666666667,79.73333333333333,61.084,38.916,8.047333333333334,0.0,91.48266666666667,8.517333333333333,0.0,40.669561,-73.955188,11225.0,11225.0,common_core_english,4260.433984000001,278087.04700364807,4.1785631541265,1.9207581924664314,196.0,2744.0,2.70805020110221,1.1502737988572274
69.57666666666667,3.0,28.0,6.0,37.0,14.0,8.2,4.8,50.0,14.0,8.7,5.8,50.0,12.0,42.85714286,2019.8333333333333,104.88888888888889,44.50833333333333,55.49722222222223,14.021666666666668,12.981111111111112,3.066666666666667,76.625,7.326666666666666,40.744175,-73.937004,11101.0,11101.0,common_core_english,4840.912544444444,336814.5584672963,4.242429262089705,2.005245839916214,784.0,21952.0,3.367295829986474,1.3231298123374369
94.352,11.0,154.0,32.0,197.0,76.0,16.2,11.5,49.35064935,78.0,15.5,11.3,50.64935065,99.0,64.28571429,2019.8823529411768,359.88235294117646,0.0635294117647058,99.9364705882353,98.81411764705882,74.64470588235294,1.3541176470588234,1.6929411764705884,22.30764705882353,40.718025,-74.013921,10282.0,10282.0,common_core_english,8902.299904000001,839949.8005422081,4.5470324692581485,2.5690084311436543,23716.0,3652264.0,5.043425116919247,4.664590270988126
75.134,3.0,35.0,8.0,46.0,19.0,10.1,6.4,54.28571429,16.0,13.4,10.0,45.71428571,23.0,65.71428571,2019.8125,75.0,10.54375,89.4625,50.5725,1.95625,27.96875,70.075,0.0,40.790191,-73.944092,10029.0,10029.0,common_core_algebra,5645.117956,424140.292506104,4.319273186012664,2.119838698126789,1225.0,42875.0,3.58351893845611,1.4190675485932571
64.66666666666667,3.0,68.0,12.0,83.0,15.0,5.9,4.8,22.05882353,53.0,7.699999999999999,4.8,77.94117647,41.0,60.29411765,2019.8333333333333,124.94444444444444,49.57055555555556,50.42944444444444,15.446666666666667,3.045555555555556,38.626666666666665,29.361666666666665,28.96611111111111,40.685006,-73.993293,11201.0,11201.0,common_core_english,4181.777777777778,270421.62962962966,4.169245870395218,1.9091663229961986,4624.0,314432.0,4.23410650459726,1.9738777322304477
64.515,3.0,27.0,4.0,34.0,5.0,9.8,8.8,18.51851852,22.0,5.3,3.6,81.48148148,14.0,51.85185185,2019.8333333333333,63.27777777777778,40.35277777777778,59.655,22.194444444444443,1.3277777777777775,48.73888888888889,46.89611111111111,3.037777777777778,40.705005,-73.93879,11206.0,11206.0,living_environment,4162.185225,268523.379790875,4.166897754903809,1.9062729487697396,729.0,19683.0,3.332204510175204,1.3099644507332473
61.428333333333335,3.0,57.0,12.0,72.0,26.0,8.4,6.4,45.61403509,31.0,8.0,4.8,54.38596491,25.0,43.85964912,2019.8235294117649,150.88235294117646,44.35411764705882,55.64588235294118,16.71764705882353,0.0,19.56882352941177,80.43117647058823,0.0,40.827461,-73.919024,10451.0,10451.0,living_environment,3773.4401361111113,231796.13849441207,4.117871183655791,1.8483314872172818,3249.0,185193.0,4.060443010546419,1.768267051433735
68.605,3.0,38.0,5.0,46.0,11.0,7.599999999999999,4.9,28.94736842,27.0,9.9,5.8,71.05263158,16.0,42.10526316,2019.8333333333333,109.33333333333331,27.385,72.615,33.343333333333334,6.671666666666667,81.125,12.201666666666668,0.0,40.698786,-73.74633,11411.0,11411.0,common_core_english,4706.646025000001,322899.45054512506,4.228365418373139,1.9858558899015428,1444.0,54872.0,3.6635616461296463,1.4622845894342245
70.57666666666667,3.0,34.0,8.0,45.0,19.0,10.0,6.6,55.88235294,15.0,10.9,7.300000000000001,44.11764706,16.0,47.05882353,2019.8333333333333,97.66666666666669,38.79277777777778,61.20722222222222,15.435,0.0,25.89555555555556,73.54833333333333,0.5561111111111112,40.859466,-73.888625,10458.0,10458.0,common_core_english,4981.065877777778,351547.02610062965,4.2566995893997355,2.025398895652205,1156.0,39304.0,3.5553480614894135,1.4049475905635938
67.93,2.0,33.0,11.0,46.0,14.0,9.4,5.9,42.42424242,19.0,11.7,7.599999999999999,57.57575758,10.0,30.303030300000003,2019.8333333333333,125.27777777777776,42.78666666666666,57.21388888888888,14.913333333333334,0.0,29.35777777777778,63.32888888888889,7.313888888888889,40.851577,-73.864438,10462.0,10462.0,common_core_english,4614.484900000001,313461.95925700007,4.218477763203211,1.9724965013051103,1089.0,35937.0,3.5263605246161616,1.3909681284637803
57.21833333333333,2.0,17.0,7.0,26.0,6.0,15.199999999999998,5.8,35.29411765,11.0,16.0,7.800000000000001,64.70588235,6.0,35.29411765,2019.8333333333333,59.22222222222222,58.51111111111111,41.49,10.062777777777775,9.381111111111112,34.123333333333335,46.62111111111111,9.873888888888889,40.815043,-73.85607,10473.0,10473.0,living_environment,3273.9376694444436,187329.25688282863,4.046874359853003,1.7721319855137423,289.0,4913.0,2.8903717578961645,1.1853048513203654
71.94200000000001,4.0,39.0,8.0,51.0,18.0,11.1,5.4,46.15384615,21.0,9.9,6.7,53.84615385,20.0,51.28205128,2019.8235294117649,124.11764705882354,34.15764705882353,65.84529411764706,25.671764705882357,0.0,42.29823529411765,57.70176470588235,0.0,40.715561,-73.954815,11211.0,11211.0,living_environment,5175.651364000001,372346.7104288881,4.275860238826271,2.0532419848705827,1521.0,59319.0,3.6888794541139363,1.4769807938826427
76.09333333333333,1.0,15.0,4.0,20.0,14.0,11.0,6.8,40.477524155,20.0,9.95,6.049999999999999,59.522475845,5.0,33.33333333,2019.8333333333333,38.16666666666666,16.326666666666668,83.67333333333333,50.81166666666667,0.0,38.583333333333336,35.43333333333333,25.98333333333333,40.765638,-73.959777,10065.0,10065.0,common_core_english,5790.195377777778,440595.26694637036,4.331960657000398,2.140272876597187,225.0,3375.0,2.772588722239781,1.161834242728283
60.712,1.0,16.0,3.0,20.0,9.0,12.9,6.8,56.25,7.0,10.4,6.0,43.75,6.0,37.5,2019.5625,29.5,53.235625,46.764375,12.443125,0.0,24.685625,75.314375,0.0,40.677968,-74.014363,11238.5,11231.0,common_core_algebra,3685.9469440000003,223781.21086412805,4.106141372101612,1.8351385816681844,256.0,4096.0,2.833213344056216,1.1735108709918103
80.46833333333333,11.0,219.0,37.0,267.0,84.0,12.5,9.9,38.35616438,135.0,11.8,9.3,61.64383561999999,137.0,62.55707763000001,2019.8333333333333,778.6666666666666,29.782222222222224,70.21777777777778,36.684444444444445,22.552777777777777,7.606111111111111,42.66944444444445,27.171666666666667,40.730017,-73.843972,11375.0,11375.0,common_core_english,6475.152669444445,521044.7433890787,4.387863732291176,2.2359883237290012,47961.0,10503459.0,5.393627546352362,8.935213114698747
55.93333333333334,1.0,26.0,6.0,33.0,10.0,9.2,4.9,38.46153846,16.0,9.1,5.7,61.53846153999999,6.0,23.07692308,2019.7777777777776,57.0,50.19277777777778,49.80722222222222,18.84722222222222,1.9961111111111112,18.731111111111108,79.27277777777778,0.0,40.765474,-73.9927,10019.0,10019.0,common_core_algebra,3128.537777777778,174989.5463703704,4.024160505364996,1.7495057742477986,676.0,17576.0,3.295836866004329,1.2969300866657718
56.385714285714286,3.0,35.0,9.0,47.0,13.0,8.2,5.8,37.14285714,22.0,10.9,5.7,62.85714286,13.0,37.14285714,2020.0,113.14285714285714,58.08809523809524,41.91190476190476,11.80904761904762,0.1623809523809523,30.934285714285718,68.58333333333333,0.320952380952381,40.836245,-73.890591,10460.0,10460.0,common_core_algebra,3179.348775510204,179269.85167055394,4.032215833613488,1.757438133845371,1225.0,42875.0,3.58351893845611,1.4190675485932571
75.962,3.0,32.0,8.0,43.0,11.0,13.5,5.6,34.375,21.0,13.4,5.3,65.625,17.0,53.125,2019.875,78.125,9.2025,90.7975,63.741875,27.10625,5.8275,35.26625,31.800625,40.742512,-74.002222,10011.0,10011.0,common_core_algebra,5770.225444000001,438317.86517712806,4.3302332152446485,2.13746382989702,1024.0,32768.0,3.4965075614664802,1.3771277643359572
63.225,2.0,23.0,5.0,30.0,9.0,5.5,4.6,39.13043478,14.0,3.6,3.6,60.86956522,9.0,39.13043478,2020.2666666666669,125.13333333333334,46.92,53.080000000000005,16.806666666666665,0.0,0.0,100.0,0.0,40.849416,-73.915217,10453.0,10453.0,common_core_algebra,3997.400625,252735.654515625,4.146699792556029,1.881839959335999,529.0,12167.0,3.1780538303479458,1.2586000099294778
61.06666666666666,3.0,35.0,11.0,49.0,14.0,7.199999999999999,3.9,40.0,21.0,6.2,2.9,60.0,20.0,57.14285714,2019.8333333333333,113.0,49.22277777777778,50.77722222222222,11.957777777777778,0.7905555555555556,30.65833333333333,67.04055555555556,1.511111111111111,40.763655,-73.990318,10019.0,10019.0,living_environment,3729.1377777777775,227726.0136296296,4.11196616357192,1.8416587621231477,1225.0,42875.0,3.58351893845611,1.4190675485932571
64.88428571428571,12.0,145.0,32.0,189.0,61.0,7.4,6.200000000000001,42.06896552,84.0,9.1,7.6,57.93103448,67.0,46.20689655,2020.0,602.3809523809524,40.0,60.00285714285714,21.554285714285715,29.18,3.61,56.68,10.52904761904762,40.757072,-73.911165,11103.0,11103.0,common_core_algebra,4209.97053265306,273160.93088938476,4.172605463641056,1.9133255565665652,21025.0,3048625.0,4.983606621708336,4.263114515168817
62.305,5.0,33.0,12.0,50.0,18.0,13.1,6.8,54.54545455,15.0,12.8,4.3,45.45454545,10.0,30.3030303,2019.95,132.9,44.6575,55.346500000000006,12.7465,1.1895,89.937,8.8735,0.0,40.675905,-73.939282,11213.0,11213.0,living_environment,3881.913025,241862.59102262498,4.132041679394831,1.8646064275101795,1089.0,35937.0,3.5263605246161616,1.3909681284637803
64.90428571428572,4.0,97.0,25.0,126.0,29.0,10.3,7.2,29.89690722,68.0,9.0,6.3,70.10309278,60.0,61.8556701,2019.95,170.25,32.7735,67.2265,23.444,2.87,46.139,38.826,12.167,40.586012,-73.825317,11694.0,11694.0,living_environment,4212.5663040816335,273413.60699048697,4.172913657189042,1.9137082599469413,9409.0,912673.0,4.584967478670572,2.6379444593541526
56.06833333333333,3.0,30.0,7.0,40.0,18.0,8.2,1.9,60.0,12.0,5.3,2.0,40.0,11.0,36.66666667,2019.8333333333333,92.33333333333331,55.09444444444444,44.90555555555555,12.40388888888889,34.585,35.56666666666667,29.33055555555556,0.5177777777777778,40.675021,-73.81673,11420.0,11420.0,common_core_algebra,3143.6580027777773,176259.66478574532,4.026571184944966,1.7518692019978186,900.0,27000.0,3.4339872044851463,1.3498588075760032
60.086,3.0,12.0,7.0,22.0,14.0,11.0,6.8,40.477524155,20.0,9.95,6.049999999999999,59.522475845,7.0,58.33333333,2019.5625,29.5,53.235625,46.764375,12.443125,0.0,24.685625,75.314375,0.0,40.677968,-74.014363,11238.5,11231.0,living_environment,3610.3273959999997,216930.13191605598,4.095776869313726,1.8236864965715802,144.0,1728.0,2.5649493574615367,1.1274968515793757
68.794,5.0,51.0,14.0,70.0,24.0,9.0,7.3,47.05882353,27.0,8.2,6.3,52.94117647,23.0,45.09803922,2019.8125,89.5625,21.71,78.29,23.72375,0.0,19.381875,80.191875,0.42625,40.813612,-73.920851,10454.0,10454.0,common_core_algebra,4732.614436,325575.47751018393,4.2311165318340205,1.989612706606933,2601.0,132651.0,3.9512437185814275,1.6652911949458864
62.66666666666666,4.0,41.0,11.0,56.0,25.0,10.4,5.9,60.97560976,16.0,12.0,6.0,39.02439024,27.0,65.85365854,2019.6875,107.8125,27.330625,72.670625,30.07,4.709375,20.68125,47.67125,26.93875,40.689493,-74.018941,10004.0,10004.0,common_core_algebra,3927.11111111111,246098.96296296286,4.137829674161839,1.8713622969228099,1681.0,68921.0,3.7376696182833684,1.5068177851128535
67.96,6.0,112.0,17.0,135.0,46.0,7.8,5.9,41.07142857,66.0,8.2,6.0,58.928571430000005,50.0,44.64285714,2019.8947368421047,299.2631578947368,49.84315789473684,50.1578947368421,16.432105263157894,9.572631578947368,4.6031578947368414,80.87210526315789,4.950526315789474,40.655583,-74.004342,11232.0,11232.0,common_core_english,4618.561599999999,313877.44633599994,4.2189192968037315,1.9730883390267213,12544.0,1404928.0,4.727387818712341,3.0648542032930024
75.66,2.0,20.0,5.0,27.0,7.0,15.2,10.4,35.0,13.0,15.1,9.2,65.0,13.0,65.0,2019.6875,64.5625,38.075625,61.924375,21.49,0.350625,20.07875,79.570625,0.0,40.765474,-73.9927,10019.0,10019.0,common_core_english,5724.4356,433110.79749599996,4.326249619204883,2.131018426588447,400.0,8000.0,3.044522437723423,1.2214027581601699
69.03,5.0,41.0,14.0,60.0,17.0,9.7,7.5,41.46341463,24.0,11.6,7.800000000000001,58.53658537,16.0,39.02439024,2019.888888888889,88.61111111111111,26.74944444444445,73.25555555555555,31.435,3.959444444444444,81.71944444444445,14.320555555555554,0.0,40.649602,-73.957173,11226.0,11226.0,common_core_algebra,4765.1409,328937.676327,4.234541192715384,1.9943137376292266,1681.0,68921.0,3.7376696182833684,1.5068177851128535
63.11666666666667,2.0,24.0,7.0,33.0,12.0,8.0,4.1,50.0,12.0,7.8,4.8,50.0,15.0,62.5,2019.7058823529408,66.41176470588235,35.735882352941175,64.26588235294118,21.105882352941176,1.8205882352941176,40.03470588235295,57.765882352941176,0.3794117647058823,40.717329,-73.989329,10002.0,10002.0,common_core_algebra,3983.7136111111113,251438.72408796297,4.144984865679694,1.8798024032555367,576.0,13824.0,3.2188758248682006,1.2712491503214047
64.90833333333335,5.0,70.0,14.0,89.0,18.0,11.7,7.900000000000001,25.71428571,52.0,13.3,9.8,74.28571429,37.0,52.85714286,2019.8333333333333,246.83333333333331,41.84111111111111,58.16055555555556,19.635555555555555,20.821111111111108,56.64055555555555,16.572222222222223,5.965555555555556,40.744197,-73.728834,11426.0,11426.0,living_environment,4213.091736111112,273464.7627714122,4.172976018137903,1.913785721134643,4900.0,343000.0,4.2626798770413155,2.0137527074704766
60.595,3.0,34.0,10.0,47.0,12.0,11.0,5.4,35.29411765,22.0,7.699999999999999,3.4,64.70588235,7.0,20.58823529,2019.8333333333333,103.22222222222224,55.52944444444445,44.47055555555556,9.071666666666664,0.0,28.567222222222224,71.43277777777777,0.0,40.817741,-73.897876,10459.0,10459.0,common_core_algebra,3671.7540249999997,222489.935144875,4.10421238142045,1.8329927250985145,1156.0,39304.0,3.5553480614894135,1.4049475905635938
56.11000000000001,4.0,42.0,19.0,65.0,13.0,18.4,7.900000000000001,30.95238095,29.0,9.8,6.8,69.04761905,5.0,11.9047619,2019.8333333333333,126.44444444444444,57.51833333333333,42.48166666666666,8.932777777777778,0.0,87.98055555555555,11.858333333333333,0.1611111111111111,40.678478,-73.931604,11213.0,11213.0,living_environment,3148.3321000000005,176652.91413100006,4.0273140497628805,1.7525992995917539,1764.0,74088.0,3.7612001156935624,1.5219615556186337
65.714,3.0,35.0,5.0,43.0,15.0,6.2,2.9,42.85714286,20.0,5.5,4.1,57.14285714,26.0,74.28571429,2019.6875,45.125,35.20375,64.798125,19.6175,0.0,16.259375,83.740625,0.0,40.738374,-73.981329,10010.0,10010.0,living_environment,4318.329796,283774.724214344,4.185311992592289,1.9292667337010772,1225.0,42875.0,3.58351893845611,1.4190675485932571
62.45285714285715,3.0,17.0,8.0,28.0,7.0,17.8,8.4,41.17647059,10.0,16.1,5.2,58.823529410000006,7.0,41.17647059,2020.0,88.38095238095238,59.09666666666666,40.903333333333336,6.605714285714286,0.0,90.09238095238096,9.907619047619049,0.0,40.634451,-73.916927,11236.0,11236.0,common_core_english,3900.359365306123,243588.58624726828,4.13441198641147,1.8673654204808794,289.0,4913.0,2.8903717578961645,1.1853048513203654
78.67,2.0,32.0,4.0,38.0,12.0,15.1,11.0,37.5,20.0,10.0,6.3,62.5,23.0,71.875,2019.8125,82.375,13.311875,86.68875,50.705,1.510625,22.634375,28.07375,47.781875,40.761327,-73.988665,10036.0,10036.0,living_environment,6188.9689,486886.18336300005,4.365261888341151,2.196137202356471,1024.0,32768.0,3.4965075614664802,1.3771277643359572
78.205,11.0,126.0,35.0,172.0,57.0,13.4,9.9,45.23809524,69.0,10.5,8.2,54.76190476,65.0,51.58730159,2019.8333333333333,362.3888888888889,25.226666666666667,74.775,44.66888888888889,41.53388888888889,26.51222222222222,27.84722222222222,4.108333333333333,40.716071,-73.799692,11432.0,11432.0,common_core_english,6116.022024999999,478303.50246512494,4.359333584126205,2.1859488705949524,15876.0,2000376.0,4.844187086458591,3.5254214873653824
56.5,2.0,15.0,3.0,20.0,9.0,8.6,4.6,60.0,6.0,16.4,5.8,40.0,7.0,46.66666667,2019.2727272727277,53.72727272727273,63.723636363636366,36.27636363636364,6.758181818181819,0.0,2.7618181818181817,97.2381818181818,0.0,40.865556,-73.925464,10034.0,10034.0,common_core_algebra,3192.25,180362.125,4.034240638152395,1.759447782721815,225.0,3375.0,2.772588722239781,1.161834242728283
78.34,3.0,29.0,5.0,37.0,9.0,6.7,3.5,31.03448276,20.0,8.8,4.5,68.96551724,16.0,55.17241379,2019.8235294117649,106.82352941176472,32.80294117647059,67.1970588235294,26.41235294117647,0.0,69.95588235294117,29.835882352941177,0.208235294117647,40.694629,-73.988323,11201.0,11201.0,common_core_english,6137.155600000001,480784.76970400003,4.361058328237685,2.188901894412842,841.0,24389.0,3.4011973816621555,1.336427488025472
63.81666666666666,3.0,26.0,5.0,34.0,8.0,6.2,5.1,30.76923077,18.0,8.2,3.8,69.23076923,9.0,34.61538462,2019.8333333333333,72.38888888888889,38.757777777777775,61.24222222222222,23.378888888888888,0.0,16.718333333333334,83.28166666666667,0.0,40.832508,-73.878191,10472.0,10472.0,living_environment,4072.566944444444,259897.64717129624,4.156014389255194,1.8930071828875648,676.0,17576.0,3.295836866004329,1.2969300866657718
68.43666666666667,3.0,45.0,17.0,65.0,17.0,12.0,9.0,37.77777778,28.0,11.1,7.3,62.22222221999999,30.0,66.66666667,2019.8235294117649,96.3529411764706,21.23588235294117,78.76411764705882,40.215294117647055,13.42411764705882,2.031764705882353,41.77411764705882,42.77058823529412,40.764884,-73.789365,11358.0,11358.0,common_core_algebra,4683.577344444445,320528.4215292963,4.225908743376563,1.9825158444804705,2025.0,91125.0,3.828641396489095,1.568312185490169
58.81666666666666,3.0,40.0,6.0,49.0,22.0,9.5,6.6,55.0,18.0,13.2,7.300000000000001,45.0,16.0,40.0,2019.8333333333333,129.77777777777777,51.47611111111112,48.531666666666666,13.11,1.926111111111111,71.26222222222222,26.810555555555556,0.0,40.688399,-73.920603,11221.0,11221.0,living_environment,3459.4002777777773,203470.3930046296,4.074425261453169,1.8006841331538561,1600.0,64000.0,3.713572066704308,1.4918246976412703
75.71799999999999,4.0,33.0,7.0,44.0,8.0,12.7,9.1,24.24242424,25.0,11.9,8.0,75.75757576,13.0,39.39393939,2019.7857142857144,83.35714285714286,15.114999999999998,84.885,52.16214285714285,32.84428571428571,60.99571428571428,6.159999999999999,0.0,40.69691,-73.78640299999999,11433.0,11433.0,living_environment,5733.215523999998,434107.6130462318,4.327015912891392,2.1322547757824752,1089.0,35937.0,3.5263605246161616,1.3909681284637803
61.91833333333333,4.0,24.0,8.0,36.0,7.0,4.0,2.4,29.16666667,17.0,5.6,2.3,70.83333333,15.0,46.66666667,2020.0,69.42105263157895,46.455263157894734,53.54473684210527,16.849473684210526,1.926842105263158,84.26263157894736,13.81,0.0,40.649602,-73.957173,11226.0,11226.0,common_core_algebra,3833.8800027777775,237387.45997199533,4.125816312467882,1.8574105370109828,576.0,13824.0,3.2188758248682006,1.2712491503214047
60.086,2.0,18.0,4.0,24.0,7.0,13.4,7.5,38.88888889,11.0,10.3,7.4,61.11111111,11.0,61.11111111,2019.5625,29.5,53.235625,46.764375,12.443125,0.0,24.685625,75.314375,0.0,40.677968,-74.014363,11238.5,11231.0,living_environment,3610.3273959999997,216930.13191605598,4.095776869313726,1.8236864965715802,324.0,5832.0,2.9444389791664403,1.1972173631218102
69.16428571428571,12.0,135.0,37.0,184.0,55.0,12.8,9.6,40.74074074,80.0,11.9,9.8,59.25925926000001,74.0,54.81481481,2020.0,549.2857142857143,43.30095238095238,56.69904761904762,17.061904761904763,13.025238095238096,9.66904761904762,70.51666666666667,6.788095238095239,40.765881,-73.933907,11106.0,11106.0,common_core_english,4783.698418367347,330861.0841789358,4.236484627002227,1.9969936150204377,18225.0,2460375.0,4.912654885736052,3.8574255306969745
86.928,6.0,86.0,19.0,111.0,38.0,14.5,8.9,44.18604651,48.0,12.2,8.2,55.81395349,54.0,62.79069767,2019.6666666666667,145.73333333333332,1.884,98.116,84.84200000000001,60.21266666666667,5.346666666666667,12.994,21.447333333333333,40.737038,-73.821532,11367.0,11367.0,living_environment,7556.477183999999,656869.448650752,4.465080189809167,2.385192896248574,7396.0,636056.0,4.465908118654584,2.3631606937057947
59.31166666666667,2.0,13.0,4.0,19.0,5.0,15.1,6.9,38.46153846,8.0,9.7,6.5,61.53846154,15.0,46.66666667,2019.8125,50.625,54.741875,45.258125,11.7275,0.78125,76.6875,22.53125,0.0,40.666868,-73.895122,11207.0,11207.0,living_environment,3517.8738027777777,208650.95836575463,4.082806026394382,1.8096196166895855,169.0,2197.0,2.6390573296152584,1.1388283833246218
57.544,2.0,16.0,7.0,25.0,5.0,14.8,6.8,31.25,11.0,15.3,6.1,68.75,15.0,46.66666667,2019.6470588235293,82.88235294117646,55.53470588235295,44.465294117647055,9.88764705882353,0.0,91.30529411764708,5.815294117647059,2.88,40.634451,-73.916927,11236.0,11236.0,living_environment,3311.3119359999996,190546.13404518398,4.052549872565055,1.7779126363973488,256.0,4096.0,2.833213344056216,1.1735108709918103
59.44,3.0,41.0,11.0,55.0,14.0,9.9,7.599999999999999,34.14634146,27.0,9.9,5.8,65.85365854,18.0,43.90243902,2019.8333333333333,124.16666666666669,51.178333333333335,48.821666666666665,12.04,1.01,22.995,75.995,0.0,40.831212,-73.885804,10460.0,10460.0,common_core_english,3533.1135999999997,210008.27238399998,4.084967400409504,1.8119434526734912,1681.0,68921.0,3.7376696182833684,1.5068177851128535
61.415,4.0,49.0,11.0,64.0,18.0,10.4,5.8,36.73469388,31.0,11.3,6.3,63.26530612,15.0,30.6122449,2019.8235294117649,121.82352941176472,46.14529411764706,53.86,17.224117647058822,5.930588235294117,90.24,3.828823529411765,0.0,40.705989,-73.752885,11412.0,11412.0,living_environment,3771.802225,231645.233648375,4.1176541049910576,1.8480850594478693,2401.0,117649.0,3.912023005428146,1.632316219955379
57.755,2.0,24.0,8.0,34.0,9.0,9.3,4.5,37.5,15.0,8.4,4.3,62.5,8.0,33.33333333,2019.8333333333333,77.05555555555556,57.75,42.25,9.326666666666666,0.0,71.47888888888889,28.52111111111111,0.0,40.815747,-73.95552,10027.0,10027.0,common_core_algebra,3335.640025,192649.88964387504,4.056209925740644,1.7816679925676386,576.0,13824.0,3.2188758248682006,1.2712491503214047
60.11333333333334,3.0,35.0,11.0,49.0,12.0,10.3,7.1,34.28571429,23.0,7.400000000000001,4.6,65.71428571,16.0,45.71428571,2019.8333333333333,103.0,54.76555555555555,45.236666666666665,10.749444444444444,0.0,16.965555555555554,82.38222222222223,0.6522222222222223,40.696457,-73.911751,11237.0,11237.0,living_environment,3613.612844444445,217226.31345570376,4.096231669403651,1.824185039011673,1225.0,42875.0,3.58351893845611,1.4190675485932571
65.07428571428571,13.0,110.0,34.0,157.0,29.0,8.8,7.1,26.36363636,81.0,9.3,6.6,73.63636364,67.0,60.90909091000001,2019.95,295.75,30.5185,69.4845,28.409,3.085,32.8155,61.177,2.9215,40.745677,-73.996354,10011.0,10011.0,common_core_algebra,4234.662661224489,275567.64792013983,4.175529474474414,1.9169643308649607,12100.0,1331000.0,4.709530201312334,3.0041660239464334
66.62833333333333,2.0,21.0,5.0,28.0,12.0,5.1,3.2,57.14285714,9.0,6.2,1.7,42.85714286,7.0,33.33333333,2019.8333333333333,58.44444444444444,56.68944444444444,43.31,11.943888888888887,0.0,59.84388888888889,40.15611111111111,0.0,40.807019,-73.938714,10035.0,10035.0,common_core_english,4439.334802777777,295785.47901774535,4.19912991250403,1.946987552758336,441.0,9261.0,3.091042453358316,1.2336780599567432
59.6,3.0,34.0,10.0,47.0,12.0,11.0,5.4,35.29411765,22.0,7.699999999999999,3.4,64.70588235,7.0,20.58823529,2019.8333333333333,103.22222222222224,55.52944444444445,44.47055555555556,9.071666666666664,0.0,28.567222222222224,71.43277777777777,0.0,40.817741,-73.897876,10459.0,10459.0,common_core_english,3552.1600000000003,211708.736,4.087655574071304,1.8148448827228365,1156.0,39304.0,3.5553480614894135,1.4049475905635938
54.41333333333333,3.0,28.0,7.0,38.0,11.0,12.4,9.1,39.28571429,17.0,7.1,4.8,60.71428571,5.0,17.85714286,2019.8333333333333,150.22222222222223,61.40222222222222,38.59833333333333,6.057222222222222,0.0,5.443888888888889,94.55611111111112,0.0,40.856532,-73.92606,10040.0,10040.0,common_core_english,2960.810844444444,161107.58741570366,3.996609221869495,1.7231143692775661,784.0,21952.0,3.367295829986474,1.3231298123374369
60.385,4.0,23.0,14.0,41.0,14.0,10.5,6.3,60.86956522,9.0,10.4,4.6,39.13043478,14.0,60.86956522,2019.8333333333333,144.27777777777777,54.35833333333333,45.641666666666666,8.166111111111112,3.395,79.25277777777778,16.279444444444444,1.0744444444444443,40.649602,-73.957173,11226.0,11226.0,common_core_algebra,3646.3482249999997,220184.73756662497,4.100740729727338,1.8291474792970268,529.0,12167.0,3.1780538303479458,1.2586000099294778
73.30833333333334,11.0,198.0,59.0,268.0,82.0,12.8,8.8,41.41414141,116.0,13.7,10.1,58.58585859,142.0,71.71717172,2019.95,792.95,31.729000000000003,68.271,31.9555,18.9195,12.391,15.271,53.419500000000006,40.610499,-73.947661,11229.0,11229.0,common_core_english,5374.111736111112,393967.1745214121,4.2946742904706285,2.0814886468647984,39204.0,7762392.0,5.293304824724492,7.242742985161012
64.20333333333333,4.0,84.0,15.0,103.0,36.0,13.6,8.5,42.85714286,48.0,11.6,5.5,57.14285714,54.0,64.28571429,2019.8333333333333,112.11111111111111,34.03888888888889,65.96111111111111,27.695555555555558,7.614999999999999,36.26611111111111,54.58777777777778,1.53,40.716231,-73.993607,10002.0,10002.0,living_environment,4122.068011111111,264650.50654003705,4.162055130428022,1.9003409801988327,7056.0,592704.0,4.442651256490317,2.3163669767810915
58.205000000000005,2.0,24.0,4.0,30.0,8.0,14.3,8.5,33.33333333,16.0,9.8,7.7,66.66666667,5.0,20.83333333,2019.9411764705883,50.52941176470589,50.85294117647059,49.15294117647059,15.533529411764706,0.0,92.45470588235294,7.545294117647059,0.0,40.665568,-73.912102,11212.0,11212.0,common_core_algebra,3387.822025000001,197188.18096512507,4.063971261700204,1.7897035650121693,576.0,13824.0,3.2188758248682006,1.2712491503214047
63.53333333333333,3.0,35.0,9.0,47.0,20.0,7.800000000000001,7.599999999999999,57.14285714,15.0,8.4,4.6,42.85714286,10.0,28.57142857,2019.8333333333333,113.72222222222224,39.653333333333336,60.34666666666666,18.078888888888887,5.451666666666666,38.38055555555556,55.94,0.2283333333333333,40.693002,-73.869305,11208.0,11208.0,common_core_algebra,4036.4844444444443,256451.3117037037,4.151564702551992,1.8876512536854366,1225.0,42875.0,3.58351893845611,1.4190675485932571
76.15285714285713,7.0,72.0,13.0,92.0,27.0,11.1,7.399999999999999,37.5,45.0,10.1,5.6,62.5,39.0,54.16666666999999,2019.8947368421047,238.6315789473684,35.36684210526316,64.63315789473684,28.169473684210526,8.865263157894736,16.948421052631577,69.2878947368421,4.897368421052632,40.767848,-73.98861,10019.0,10019.0,common_core_english,5799.257651020406,441630.0394327782,4.33274259856978,2.1415472277811016,5184.0,373248.0,4.290459441148391,2.0544332106438876
75.556,2.0,24.0,7.0,33.0,12.0,8.0,4.1,50.0,12.0,7.8,4.8,50.0,15.0,62.5,2019.7058823529408,66.41176470588235,35.735882352941175,64.26588235294118,21.105882352941176,1.8205882352941176,40.03470588235295,57.765882352941176,0.3794117647058823,40.717329,-73.989329,10002.0,10002.0,common_core_english,5708.7091359999995,431327.22747961595,4.324874103169573,2.1288033194801463,576.0,13824.0,3.2188758248682006,1.2712491503214047
59.74666666666667,4.0,44.0,8.0,56.0,14.0,10.9,4.2,31.81818182,30.0,6.5,2.3,68.18181818,14.0,31.81818182,2019.875,83.0625,51.67625,48.32375,13.1475,0.0,81.939375,18.060625,0.0,40.657266,-73.874064,11239.0,11239.0,common_core_algebra,3569.664177777778,213275.53574162966,4.090113401249833,1.8175086081386376,1936.0,85184.0,3.8066624897703196,1.552707218511336
89.72,10.0,138.0,24.0,172.0,73.0,12.8,9.7,52.89855072,65.0,10.3,8.6,47.10144928,91.0,65.94202899,2019.8125,412.3125,0.0668749999999999,99.933125,97.66125,60.140625,4.7325,10.165625,24.96125,40.879958,-73.889011,10468.0,10468.0,common_core_algebra,8049.6784,722217.146048,4.496693709652008,2.452725855097334,19044.0,2628072.0,4.9344739331306915,3.9749016274947477
62.22666666666667,4.0,30.0,12.0,46.0,13.0,17.1,7.8,43.33333333,17.0,9.9,6.3,56.66666667,14.0,46.66666667,2019.5,86.1875,41.764375,58.235625,22.43625,0.8262499999999999,85.62,13.55375,0.0,40.658671,-73.943839,11203.0,11203.0,living_environment,3872.1580444444444,240951.4879122963,4.130783632413505,1.863146391064229,900.0,27000.0,3.4339872044851463,1.3498588075760032
58.00333333333333,3.0,23.0,8.0,34.0,9.0,12.2,8.2,39.13043478,14.0,13.0,8.3,60.86956522,14.0,60.86956522,2019.8333333333333,166.44444444444446,63.54277777777778,36.45722222222222,7.506111111111112,11.72222222222222,23.99888888888889,62.30277777777778,1.9744444444444444,40.693002,-73.869305,11208.0,11208.0,common_core_algebra,3364.3866777777775,195145.64193337035,4.060500480159377,1.7860979663566863,529.0,12167.0,3.1780538303479458,1.2586000099294778
50.35,2.0,45.0,7.0,54.0,19.0,10.4,7.8,42.22222222,26.0,8.1,4.8,57.77777778,18.0,40.0,2020.5,64.75,50.33625,49.66375,18.3325,0.0,19.86375,80.13625,0.0,40.709765,-73.944463,11206.0,11206.0,common_core_algebra,2535.1225,127643.41787500001,3.9189986191645714,1.6545019053571652,2025.0,91125.0,3.828641396489095,1.568312185490169
68.29833333333333,4.0,34.0,11.0,49.0,14.0,11.8,9.1,41.17647059,20.0,10.5,8.5,58.82352941,19.0,55.88235294,2019.7058823529408,126.94117647058825,23.322352941176472,76.67764705882352,27.813529411764705,0.0,28.8,66.81764705882354,4.380588235294118,40.715561,-73.954815,11211.0,11211.0,common_core_algebra,4664.662336111111,318588.663119162,4.223885364131618,1.979775260236742,1156.0,39304.0,3.5553480614894135,1.4049475905635938
68.62833333333333,4.0,24.0,8.0,36.0,7.0,4.0,2.4,29.16666667,17.0,5.6,2.3,70.83333333,15.0,46.66666667,2020.0,69.42105263157895,46.455263157894734,53.54473684210527,16.849473684210526,1.926842105263158,84.26263157894736,13.81,0.0,40.649602,-73.957173,11226.0,11226.0,common_core_english,4709.848136111111,323229.027834412,4.228705471813384,1.9863193103394685,576.0,13824.0,3.2188758248682006,1.2712491503214047
86.805,5.0,73.0,24.0,102.0,16.0,11.4,8.0,21.91780822,57.0,10.6,7.4,78.08219178,49.0,67.12328767,2019.8235294117649,172.64705882352942,2.8341176470588234,97.16529411764704,84.02941176470588,18.29823529411765,14.551176470588237,17.53058823529412,49.62235294117647,40.584543,-73.825162,11694.0,11694.0,living_environment,7535.108025000001,654085.0521101252,4.463664223693912,2.382260912525828,5329.0,389017.0,4.30406509320417,2.0750806076741224
89.23400000000001,3.0,26.0,14.0,43.0,8.0,13.6,10.5,30.76923077,18.0,15.6,11.7,69.23076923,21.0,80.76923077,2019.6666666666667,93.26666666666668,6.954666666666666,93.04533333333332,69.94866666666667,20.222,1.3013333333333332,26.398666666666667,52.078,40.581958,-74.159343,10314.0,10314.0,common_core_english,7962.706756000001,710544.1746649042,4.491262132879972,2.4408345267750766,676.0,17576.0,3.295836866004329,1.2969300866657718
59.94,6.0,112.0,17.0,135.0,46.0,7.8,5.9,41.07142857,66.0,8.2,6.0,58.928571430000005,50.0,44.64285714,2019.8947368421047,299.2631578947368,49.84315789473684,50.1578947368421,16.432105263157894,9.572631578947368,4.6031578947368414,80.87210526315789,4.950526315789474,40.655583,-74.004342,11232.0,11232.0,living_environment,3592.8035999999997,215352.64778399997,4.0933440618885175,1.8210258570260722,12544.0,1404928.0,4.727387818712341,3.0648542032930024
58.00333333333333,4.0,27.0,9.0,40.0,8.0,14.6,4.9,29.62962963,19.0,13.2,6.0,70.37037037,8.0,29.62962963,2019.8333333333333,166.44444444444446,63.54277777777778,36.45722222222222,7.506111111111112,11.72222222222222,23.99888888888889,62.30277777777778,1.9744444444444444,40.693002,-73.869305,11208.0,11208.0,common_core_algebra,3364.3866777777775,195145.64193337035,4.060500480159377,1.7860979663566863,729.0,19683.0,3.332204510175204,1.3099644507332473
73.712,3.0,34.0,4.0,41.0,5.0,13.5,10.4,14.70588235,29.0,7.3,6.1,85.29411765,17.0,50.0,2019.8125,76.875,17.45125,82.54875,44.98125,5.085625,27.913125,66.571875,0.43125,40.792932,-73.947171,10029.0,10029.0,living_environment,5433.458944000001,400511.12568012805,4.300165608193561,2.089907904137818,1156.0,39304.0,3.5553480614894135,1.4049475905635938
57.106,2.0,14.0,6.0,22.0,7.0,12.0,5.4,50.0,7.0,15.2,8.4,50.0,15.0,46.66666667,2019.5625,37.4375,64.52312500000001,35.480000000000004,6.0175,0.0,59.695625,37.720625,2.583125,40.576976,-73.985413,11224.0,11224.0,living_environment,3261.095236,186228.104547016,4.04490918995068,1.7701424082717832,196.0,2744.0,2.70805020110221,1.1502737988572274
63.048333333333325,3.0,30.0,15.0,48.0,11.0,9.5,7.900000000000001,36.66666667,19.0,5.6,3.9,63.33333333,17.0,56.66666667,2019.8333333333333,98.94444444444444,47.242777777777775,52.75722222222223,13.419444444444444,0.2677777777777778,31.89,67.225,0.6177777777777778,40.774891,-73.985608,10023.0,10023.0,living_environment,3975.09233611111,250622.94663791193,4.143901628014491,1.878518310395006,900.0,27000.0,3.4339872044851463,1.3498588075760032
62.34666666666666,4.0,23.0,14.0,41.0,14.0,10.5,6.3,60.86956522,9.0,10.4,4.6,39.13043478,14.0,60.86956522,2019.8333333333333,144.27777777777777,54.35833333333333,45.641666666666666,8.166111111111112,3.395,79.25277777777778,16.279444444444444,1.0744444444444443,40.649602,-73.957173,11226.0,11226.0,common_core_english,3887.106844444443,242348.15472829618,4.132710209055649,1.8653835087356547,529.0,12167.0,3.1780538303479458,1.2586000099294778
68.89666666666666,10.0,97.0,20.0,127.0,43.0,12.4,9.6,44.32989691,54.0,11.6,9.1,55.67010309,54.0,55.67010309,2019.7058823529408,338.0,29.46588235294118,70.53529411764706,37.25941176470588,19.27529411764706,16.299411764705884,60.00764705882353,4.416470588235294,40.732665,-73.98259,10003.0,10003.0,living_environment,4746.750677777777,327035.29919662955,4.232607797555635,1.9916564245814288,9409.0,912673.0,4.584967478670572,2.6379444593541526
67.32666666666667,14.0,184.0,129.0,327.0,74.0,13.8,11.3,40.2173913,110.0,11.4,9.4,59.7826087,140.0,76.08695652,2019.8333333333333,655.6666666666666,34.88388888888889,65.11666666666666,33.685,13.202222222222222,11.777222222222225,35.92611111111111,39.09666666666666,40.588985,-74.130819,10314.0,10314.0,living_environment,4532.880044444445,305183.7037922963,4.209556393930301,1.9606316008548692,33856.0,6229504.0,5.220355825078324,6.296538261026657
64.99000000000001,1.0,45.0,7.0,53.0,17.0,8.3,3.3999999999999995,37.77777778,28.0,8.5,4.0,62.22222222,25.0,55.55555556,2020.2307692307693,33.38461538461539,60.715384615384615,39.29076923076924,8.73076923076923,1.3676923076923078,68.89076923076924,28.26076923076923,1.4807692307692308,40.62044300000001,-74.080695,10304.0,10304.0,common_core_english,4223.700100000001,274498.2694990001,4.174233411906258,1.91534928450838,2025.0,91125.0,3.828641396489095,1.568312185490169
56.90714285714286,3.0,27.0,16.0,46.0,12.0,13.7,6.1,44.44444444,15.0,10.5,5.1,55.55555556,7.0,25.92592593,2020.0,110.42857142857144,57.8947619047619,42.1052380952381,11.734285714285717,0.0,20.14190476190476,79.51904761904763,0.3385714285714285,40.818645,-73.919949,10451.0,10451.0,common_core_algebra,3238.422908163265,184289.39506669098,4.041420866771062,1.7666258512754036,729.0,19683.0,3.332204510175204,1.3099644507332473
66.65333333333334,3.0,39.0,10.0,52.0,13.0,5.7,3.8,33.33333333,26.0,6.8,3.5,66.66666667,21.0,53.84615385,2019.9473684210527,111.21052631578948,27.66526315789473,72.33842105263159,32.84105263157895,17.85421052631579,2.2321052631578944,69.75157894736842,10.160526315789474,40.756471,-73.932628,11106.0,11106.0,common_core_algebra,4442.666844444445,296118.55407170375,4.19950505787726,1.9474743604949571,1521.0,59319.0,3.6888794541139363,1.4769807938826427
66.21333333333332,3.0,30.0,5.0,38.0,11.0,12.2,7.5,36.66666667,19.0,12.8,7.3,63.33333333,14.0,46.66666667,2019.8235294117649,108.82352941176472,44.04352941176471,55.95647058823529,15.684117647058825,0.0,85.05,13.717647058823529,1.2329411764705882,40.640543,-73.898601,11236.0,11236.0,common_core_english,4384.205511111109,290292.86090903694,4.1928818525318015,1.9389242972420333,900.0,27000.0,3.4339872044851463,1.3498588075760032
78.404,4.0,34.0,11.0,49.0,14.0,11.8,9.1,41.17647059,20.0,10.5,8.5,58.82352941,19.0,55.88235294,2019.7058823529408,126.94117647058825,23.322352941176472,76.67764705882352,27.813529411764705,0.0,28.8,66.81764705882354,4.380588235294118,40.715561,-73.954815,11211.0,11211.0,common_core_english,6147.187215999999,481964.0664832639,4.361874946463028,2.1903032400080242,1156.0,39304.0,3.5553480614894135,1.4049475905635938
64.66166666666668,4.0,45.0,8.0,57.0,22.0,12.5,8.5,48.88888889,23.0,10.4,5.7,51.11111111,22.0,48.88888889,2019.8333333333333,112.11111111111111,34.03888888888889,65.96111111111111,27.695555555555558,7.614999999999999,36.26611111111111,54.58777777777778,1.53,40.716231,-73.993607,10002.0,10002.0,common_core_algebra,4181.131136111112,270358.9078128381,4.169168547818276,1.909070867066467,2025.0,91125.0,3.828641396489095,1.568312185490169
59.46833333333333,2.0,31.0,7.0,40.0,16.0,6.4,3.3,51.61290323,15.0,5.9,4.4,48.38709677,13.0,41.93548387,2019.7058823529408,95.47058823529412,42.86058823529412,57.138823529411766,20.46764705882353,0.0,23.71117647058824,76.28882352941177,0.0,40.839508,-73.901774,10457.0,10457.0,common_core_algebra,3536.4826694444437,210308.73021407862,4.085443957990883,1.8124569093880147,961.0,29791.0,3.4657359027997265,1.3634251141321778
63.766,2.0,20.0,5.0,27.0,7.0,15.2,10.4,35.0,13.0,15.1,9.2,65.0,13.0,65.0,2019.6875,64.5625,38.075625,61.924375,21.49,0.350625,20.07875,79.570625,0.0,40.765474,-73.9927,10019.0,10019.0,common_core_algebra,4066.1027559999998,259279.10833909598,4.155220132940382,1.8920483021851926,400.0,8000.0,3.044522437723423,1.2214027581601699
79.71799999999999,3.0,70.0,17.0,90.0,24.0,7.0,4.6,34.28571429,46.0,7.6,5.5,65.71428571,37.0,52.85714286,2019.8125,138.4375,28.14875,71.855,34.773125,19.4,18.2875,46.370000000000005,15.94125,40.708431,-73.855543,11375.0,11375.0,common_core_english,6354.959523999998,506604.6633342318,4.378495407222564,2.2192737439575754,4900.0,343000.0,4.2626798770413155,2.0137527074704766
78.04333333333334,3.0,37.0,8.0,48.0,20.0,17.7,13.3,54.05405405,17.0,14.1,8.9,45.94594595,28.0,75.67567568,2019.8333333333333,134.38888888888889,30.055,69.945,31.481666666666666,35.86277777777778,10.495555555555557,44.267222222222216,9.373333333333331,40.72528,-73.811408,11366.0,11366.0,common_core_english,6090.761877777778,475343.3594813704,4.357264227981291,2.1824177749921785,1369.0,50653.0,3.6375861597263857,1.4477346146633245
59.74400000000001,2.0,14.0,3.0,19.0,7.0,16.9,8.8,50.0,7.0,11.6,6.1,50.0,6.0,42.85714286,2019.5625,98.125,52.8275,47.1725,10.22125,0.358125,34.5625,65.07875,0.0,40.774891,-73.985608,10023.0,10023.0,living_environment,3569.3455360000007,213246.97970278407,4.090068767359313,1.8174601418886402,196.0,2744.0,2.70805020110221,1.1502737988572274
69.168,2.0,27.0,7.0,36.0,10.0,8.1,5.7,37.03703704,17.0,7.5,6.0,62.96296295999999,18.0,66.66666667,2019.8235294117649,59.64705882352941,29.592352941176472,70.40764705882353,25.95058823529412,0.0,66.44117647058823,31.701176470588237,1.8564705882352943,40.685006,-73.993293,11201.0,11201.0,common_core_algebra,4784.212224000001,330914.3911096321,4.236538327925276,1.9970677904465308,729.0,19683.0,3.332204510175204,1.3099644507332473
70.42857142857143,12.0,227.0,52.0,291.0,94.0,12.3,9.9,41.40969163,133.0,9.8,7.0,58.59030837,142.0,62.55506608,2019.95,668.2,24.653,75.34700000000001,46.7325,38.372,32.126999999999995,13.945,15.556,40.632829,-73.952356,11210.0,11210.0,common_core_algebra,4960.183673469388,349338.6501457726,4.254599024987376,2.0224015963119193,51529.0,11697083.0,5.429345628954441,9.67940081407284
63.32285714285714,10.0,171.0,52.0,233.0,65.0,10.4,8.1,38.01169591,106.0,9.8,6.8,61.98830409,85.0,49.70760234,2019.95,592.5,38.4205,61.5795,21.3125,40.5635,25.1915,31.7985,2.4465,40.680065,-73.838616,11417.0,11417.0,living_environment,4009.7842367346934,253910.99439643143,4.148246356276214,1.8836823754742202,29241.0,5000211.0,5.147494476813453,5.528961477624004
59.86666666666667,3.0,10.0,5.0,18.0,14.0,11.0,6.8,40.477524155,20.0,9.95,6.049999999999999,59.522475845,5.0,50.0,2019.2857142857144,41.85714285714285,59.87428571428571,40.12571428571429,7.359999999999999,0.0,13.30714285714286,86.69285714285715,0.0,40.695875,-73.915217,11221.0,11221.0,living_environment,3584.0177777777776,214563.19762962963,4.092119867199989,1.8196909275982014,100.0,1000.0,2.3978952727983707,1.1051709180756477
64.43571428571428,6.0,71.0,12.0,89.0,24.0,11.0,7.7,33.8028169,47.0,10.7,7.5,66.1971831,27.0,38.02816901,2019.95,324.9,44.8805,55.1195,17.592499999999998,21.3255,0.0,74.9235,3.7505,40.751838,-73.936592,11101.0,11101.0,common_core_algebra,4151.961275510203,267534.59047412535,4.165668049047334,1.9047621456507382,5041.0,357911.0,4.276666119016055,2.0339912586467506
75.08,4.0,35.0,9.0,48.0,15.0,7.699999999999999,4.5,42.85714286,20.0,9.6,4.9,57.14285714,12.0,34.28571429,2019.8333333333333,134.66666666666666,39.675,60.3261111111111,23.25555555555556,24.747777777777777,54.0,18.316666666666663,2.937222222222222,40.733888,-73.739726,11427.0,11427.0,common_core_english,5637.006399999999,423226.44051199994,4.3185542117183084,2.118694294246657,1225.0,42875.0,3.58351893845611,1.4190675485932571
57.53333333333333,3.0,27.0,10.0,40.0,12.0,8.3,6.3,44.44444444,15.0,9.9,4.0,55.55555556,8.0,29.62962963,2019.8333333333333,87.44444444444444,59.475,40.53111111111111,9.996111111111112,0.0,22.046666666666667,77.95333333333333,0.0,40.836245,-73.890591,10460.0,10460.0,common_core_algebra,3310.084444444444,190440.1917037037,4.052364489981218,1.7777230024967876,729.0,19683.0,3.332204510175204,1.3099644507332473
76.27666666666667,8.0,103.0,22.0,133.0,46.0,13.4,11.6,44.66019417,57.0,10.6,9.1,55.33980583,57.0,55.33980583,2019.8333333333333,378.44444444444446,33.294999999999995,66.705,26.665,9.178888888888888,2.6844444444444444,84.41777777777777,3.717777777777778,40.741658,-73.927995,11101.0,11101.0,common_core_english,5818.129877777778,443787.5533106297,4.334367081123323,2.144200309250836,10609.0,1092727.0,4.6443908991413725,2.801065834699079
64.26666666666667,4.0,38.0,9.0,51.0,18.0,12.5,6.7,47.36842105,20.0,10.9,7.0,52.63157895,15.0,46.66666667,2019.7222222222224,143.16666666666666,37.22222222222222,62.77777777777778,16.58888888888889,0.0,0.0,100.0,0.0,40.8381,-73.9383,10032.0,10032.0,living_environment,4130.204444444445,265434.47229629627,4.163041093508336,1.901544910690705,1444.0,54872.0,3.6635616461296463,1.4622845894342245
78.02000000000001,2.0,39.0,10.0,51.0,19.0,13.0,10.2,48.71794872,20.0,13.4,10.2,51.28205128,14.0,35.8974359,2019.8235294117649,75.0,15.618235294117646,84.38176470588235,38.43941176470588,0.2676470588235294,15.365882352941178,84.3664705882353,0.0,40.814857,-73.912038,10455.0,10455.0,living_environment,6087.120400000002,474917.1336080002,4.35696520407851,2.181908603583655,1521.0,59319.0,3.6888794541139363,1.4769807938826427
67.998,3.0,29.0,5.0,37.0,9.0,6.7,3.5,31.03448276,20.0,8.8,4.5,68.96551724,16.0,55.17241379,2019.8235294117649,106.82352941176472,32.80294117647059,67.1970588235294,26.41235294117647,0.0,69.95588235294117,29.835882352941177,0.208235294117647,40.694629,-73.988323,11201.0,11201.0,living_environment,4623.7280040000005,314404.25681599206,4.219478292978867,1.973838255070576,841.0,24389.0,3.4011973816621555,1.336427488025472
74.02000000000001,4.0,46.0,13.0,63.0,23.0,9.7,6.1,50.0,23.0,7.800000000000001,5.8,50.0,35.0,76.08695652,2019.9444444444443,112.77777777777776,15.725,84.275,42.074444444444445,1.5477777777777777,27.066111111111116,35.19555555555556,36.19166666666667,40.593028,-73.986313,11214.0,11214.0,living_environment,5478.960400000002,405552.64880800014,4.30433532695801,2.0963547435187686,2116.0,97336.0,3.8501476017100584,1.5840739849944818
59.32,3.0,25.0,6.0,34.0,10.0,6.1,3.1,40.0,15.0,10.1,5.5,60.0,12.0,48.0,2019.8333333333333,84.33333333333333,61.18,38.82,8.618888888888888,1.1944444444444444,64.09222222222223,32.12722222222222,2.5861111111111112,40.586012,-73.825317,11694.0,11694.0,common_core_english,3518.8624,208738.917568,4.082946517269732,1.8097704246078856,625.0,15625.0,3.258096538021482,1.2840254166877414
56.3,3.0,44.0,7.0,54.0,15.0,14.2,8.7,34.09090909,29.0,9.9,5.5,65.90909091,9.0,20.45454545,2020.4285714285716,131.07142857142858,56.04285714285714,43.957142857142856,6.835714285714286,0.0,0.0,100.0,0.0,40.869061,-73.897066,10468.0,10468.0,living_environment,3169.6899999999996,178453.54699999996,4.030694535145645,1.7559324037071788,1936.0,85184.0,3.8066624897703196,1.552707218511336
69.61333333333333,3.0,39.0,11.0,53.0,18.0,4.8,2.8,46.15384615,21.0,8.8,5.8,53.84615385,21.0,53.84615385,2019.8333333333333,111.77777777777776,30.94777777777778,69.05222222222223,31.46444444444445,36.638888888888886,12.965,49.83055555555556,0.5655555555555556,40.712269,-73.984128,10002.0,10002.0,living_environment,4846.016177777778,337347.3395223703,4.242956119874242,2.0059812315377417,1521.0,59319.0,3.6888794541139363,1.4769807938826427
60.566,3.0,18.0,3.0,24.0,9.0,13.9,8.5,50.0,9.0,5.6,3.8,50.0,12.0,66.66666667,2019.5333333333333,28.53333333333333,49.746,50.26533333333334,7.939333333333334,0.0,81.92399999999999,18.076,0.0,40.690007,-73.989369,11201.0,11201.0,common_core_algebra,3668.2403560000002,222170.64540149603,4.103733679518786,1.8324612342781297,324.0,5832.0,2.9444389791664403,1.1972173631218102
69.86666666666666,6.0,78.0,26.0,110.0,46.0,16.2,8.6,58.97435897,32.0,9.6,4.7,41.02564103,12.0,15.38461538,2019.9,102.0,53.2885,46.713,12.4945,0.0,20.2415,79.7585,0.0,40.818645,-73.919949,10451.0,10451.0,common_core_english,4881.35111111111,341043.73096296284,4.246588663778778,2.0110694930676307,6084.0,474552.0,4.3694478524670215,2.181472265498201
70.60833333333333,3.0,26.0,8.0,37.0,9.0,18.6,9.7,34.61538462,17.0,17.2,6.5,65.38461538,7.0,26.92307692,2019.8333333333333,117.44444444444444,46.11888888888889,53.88111111111111,17.430555555555557,4.357777777777778,79.23333333333333,16.409444444444446,0.0,40.66903,-73.757744,11413.0,11413.0,common_core_english,4985.536736111111,352020.43970891205,4.257148173416418,2.026040373531132,676.0,17576.0,3.295836866004329,1.2969300866657718
56.89571428571429,2.0,17.0,8.0,27.0,9.0,9.2,4.2,52.94117647,8.0,8.9,3.0,47.05882353,15.0,46.66666667,2020.0,71.71428571428571,64.49190476190476,35.510000000000005,6.939047619047619,0.0,36.637142857142855,63.36285714285714,0.0,40.826933,-73.900593,10456.0,10456.0,common_core_algebra,3237.1223040816335,184178.38572094173,4.041220018185114,1.7664239627148242,289.0,4913.0,2.8903717578961645,1.1853048513203654
64.35333333333334,3.0,38.0,9.0,50.0,19.0,7.699999999999999,4.8,50.0,19.0,5.5,3.7000000000000006,50.0,21.0,55.26315789,2019.8333333333333,91.38888888888889,45.46,54.54111111111112,15.122777777777776,14.37,36.17944444444444,12.670555555555556,36.778333333333336,40.593157,-73.936635,11235.0,11235.0,common_core_english,4141.351511111112,266509.7742450371,4.16438873275236,1.9031936306220765,1444.0,54872.0,3.6635616461296463,1.4622845894342245
62.77,3.0,19.0,8.0,30.0,8.0,12.300000000000002,10.0,42.10526316,11.0,12.6,7.599999999999999,57.89473684,11.0,57.89473684,2019.8333333333333,48.333333333333336,39.78333333333333,60.23333333333333,20.715,0.0,8.933333333333332,91.06666666666666,0.0,40.815712,-73.92996,10451.0,10451.0,common_core_english,3940.0729000000006,247318.37593300003,4.13947725232944,1.8732970374067244,361.0,6859.0,2.995732273553991,1.2092495976572515
63.126666666666665,2.0,31.0,6.0,39.0,10.0,8.6,6.599999999999999,32.25806452,21.0,8.4,5.2,67.74193548,16.0,51.61290323,2019.8333333333333,106.0,40.74833333333333,59.251666666666665,19.43,0.0,30.425,69.575,0.0,40.765474,-73.9927,10019.0,10019.0,common_core_english,3984.976044444444,251558.25443229626,4.145143289887244,1.8799903928951875,961.0,29791.0,3.4657359027997265,1.3634251141321778
56.40714285714286,2.0,33.0,5.0,40.0,11.0,4.1,2.1,33.33333333,22.0,3.2,2.4,66.66666667,12.0,36.36363636,2020.0,120.85714285714286,57.04190476190477,42.95809523809524,10.87142857142857,0.6161904761904762,22.625238095238096,76.58333333333333,0.1752380952380952,40.859466,-73.888625,10458.0,10458.0,living_environment,3181.7657653061224,179474.31606158894,4.032595796888277,1.7578147680834222,1089.0,35937.0,3.5263605246161616,1.3909681284637803
92.03666666666668,2.0,34.0,5.0,41.0,16.0,13.0,9.7,47.05882353,18.0,10.9,7.3,52.94117647,25.0,73.52941176,2019.8235294117649,92.58823529411764,1.3288235294117647,98.67176470588235,83.87,17.138823529411766,1.2935294117647058,15.323529411764708,66.24235294117646,40.770288,-73.953276,10021.0,10021.0,common_core_english,8470.748011111113,779619.4111159632,4.522187048373434,2.510210631779969,1156.0,39304.0,3.5553480614894135,1.4049475905635938
60.49333333333334,4.0,53.0,16.0,73.0,21.0,11.0,6.3,39.62264151,32.0,9.6,4.7,60.37735848999999,26.0,49.05660377,2019.8333333333333,101.16666666666669,45.60277777777778,54.39722222222222,17.186666666666667,0.0,22.495,77.505,0.0,40.854257,-73.897404,10457.0,10457.0,common_core_algebra,3659.4433777777786,221371.92806637043,4.102533166127653,1.83113012947454,2809.0,148877.0,3.9889840465642745,1.6989323086185506
62.69833333333332,3.0,56.0,11.0,70.0,13.0,9.0,6.2,23.21428571,43.0,8.6,4.1,76.78571429,36.0,64.28571429,2019.8333333333333,72.38888888888889,38.757777777777775,61.24222222222222,23.378888888888888,0.0,16.718333333333334,83.28166666666667,0.0,40.832508,-73.878191,10472.0,10472.0,common_core_algebra,3931.0810027777766,246472.22707249527,4.138334865680049,1.8719549888214333,3136.0,175616.0,4.04305126783455,1.7506725002961012
69.64833333333333,3.0,29.0,5.0,37.0,5.0,12.6,5.2,17.24137931,24.0,9.2,6.0,82.75862069,13.0,44.82758621,2019.8333333333333,99.27777777777776,35.58222222222222,64.41888888888889,24.94944444444444,20.49833333333333,41.431666666666665,38.06777777777778,0.0,40.714551,-73.798658,11432.0,11432.0,common_core_english,4850.89033611111,337856.4270929119,4.243458770769849,2.0066834478494657,841.0,24389.0,3.4011973816621555,1.336427488025472
55.20166666666666,3.0,26.0,9.0,38.0,15.0,7.0,2.9,57.69230769,11.0,9.1,3.5,42.30769231,5.0,19.23076923,2020.0,69.52941176470588,66.66764705882352,33.33235294117647,6.709411764705883,0.0,80.28823529411765,19.71176470588236,0.0,40.817228,-73.947151,10030.0,10030.0,common_core_algebra,3047.224002777777,168211.84366000458,4.010993146063958,1.7367519383457506,676.0,17576.0,3.295836866004329,1.2969300866657718
67.42166666666667,9.0,88.0,21.0,118.0,35.0,9.6,8.1,39.77272727,53.0,9.5,7.400000000000001,60.22727273000001,37.0,42.04545455,2019.8333333333333,464.3333333333333,47.245,52.75555555555556,17.537222222222223,16.015555555555554,14.818333333333335,66.73333333333333,2.433333333333333,40.764892,-73.826811,11354.0,11354.0,common_core_english,4545.681136111111,306477.39833183796,4.210966430156945,1.962495085890924,7744.0,681472.0,4.48863636973214,2.4108997064172097
66.625,4.0,42.0,19.0,65.0,13.0,18.4,7.900000000000001,30.95238095,29.0,9.8,6.8,69.04761905,5.0,11.9047619,2019.8333333333333,126.44444444444444,57.51833333333333,42.48166666666666,8.932777777777778,0.0,87.98055555555555,11.858333333333333,0.1611111111111111,40.678478,-73.931604,11213.0,11213.0,common_core_english,4438.890625,295741.087890625,4.199079882486009,1.9469226542548919,1764.0,74088.0,3.7612001156935624,1.5219615556186337
80.11833333333333,3.0,45.0,17.0,65.0,17.0,12.0,9.0,37.77777778,28.0,11.1,7.3,62.22222221999999,30.0,66.66666667,2019.8235294117649,96.3529411764706,21.23588235294117,78.76411764705882,40.215294117647055,13.42411764705882,2.031764705882353,41.77411764705882,42.77058823529412,40.764884,-73.789365,11358.0,11358.0,common_core_english,6418.9473361111095,514275.36232366186,4.383504708451112,2.2281760440604033,2025.0,91125.0,3.828641396489095,1.568312185490169
76.77833333333334,3.0,34.0,9.0,46.0,9.0,9.6,7.599999999999999,26.47058824,25.0,10.2,8.5,73.52941176,24.0,70.58823529,2019.9444444444443,88.77777777777777,11.098333333333334,88.90166666666667,60.00444444444444,13.869444444444444,28.75333333333333,57.375,0.0,40.793649,-73.948488,10029.0,10029.0,living_environment,5894.9124694444445,452601.55454982875,4.340922482295286,2.154984074129624,1156.0,39304.0,3.5553480614894135,1.4049475905635938
61.55,3.0,38.0,10.0,51.0,15.0,8.1,3.9,39.47368421,23.0,8.8,4.1,60.52631579,23.0,60.52631579,2019.7142857142856,127.42857142857144,43.79714285714285,56.20285714285715,22.49857142857143,1.4957142857142858,27.262857142857143,70.34285714285714,0.8985714285714286,40.879958,-73.889011,10468.0,10468.0,common_core_english,3788.4024999999997,233176.17387499998,4.1198498526304625,1.8505816591037203,1444.0,54872.0,3.6635616461296463,1.4622845894342245
68.72166666666666,3.0,34.0,10.0,47.0,13.0,11.5,8.2,38.23529412,21.0,8.9,4.9,61.76470588,20.0,58.823529410000006,2019.95,89.45,22.7375,77.2635,41.8715,1.077,31.1905,54.3275,13.404,40.765638,-73.959777,10065.0,10065.0,common_core_algebra,4722.667469444444,324549.5796126713,4.230064530389273,1.9881740737840838,1156.0,39304.0,3.5553480614894135,1.4049475905635938
65.09833333333333,1.0,16.0,3.0,20.0,9.0,12.9,6.8,56.25,7.0,10.4,6.0,43.75,6.0,37.5,2019.5625,29.5,53.235625,46.764375,12.443125,0.0,24.685625,75.314375,0.0,40.677968,-74.014363,11238.5,11231.0,common_core_english,4237.7930027777775,275873.2614924953,4.1758989472482915,1.9174253705768407,256.0,4096.0,2.833213344056216,1.1735108709918103
74.926,3.0,38.0,5.0,46.0,12.0,7.0,4.6,31.57894737,26.0,6.5,3.1,68.42105263,22.0,57.89473684,2019.8125,78.5,25.1525,74.84875,28.28375,7.89125,38.710625,52.01875,1.380625,40.711441,-74.000851,10038.0,10038.0,living_environment,5613.905476,420627.48169477604,4.316500959793674,2.1154340160920357,1444.0,54872.0,3.6635616461296463,1.4622845894342245
84.98,3.0,30.0,6.0,39.0,8.0,10.7,7.5,26.66666667,22.0,7.7,3.9,73.33333333,21.0,70.0,2019.7142857142856,96.5,4.196428571428571,95.80357142857144,78.34642857142856,36.29714285714285,3.1557142857142857,22.53642857142857,38.01142857142857,40.741888,-73.985723,10010.0,10010.0,living_environment,7221.6004,613691.6019920001,4.442415934686665,2.3391789693454235,900.0,27000.0,3.4339872044851463,1.3498588075760032
58.54666666666666,3.0,56.0,16.0,75.0,22.0,12.8,8.4,39.28571429,34.0,9.3,8.2,60.71428571,21.0,37.5,2019.8333333333333,166.11111111111111,52.53944444444445,47.461666666666666,8.507777777777777,1.5499999999999998,27.375555555555557,71.07499999999999,0.0,40.836821,-73.887688,10460.0,10460.0,living_environment,3427.712177777777,200681.12230162957,4.069824157025407,1.7958288435848468,3136.0,175616.0,4.04305126783455,1.7506725002961012
51.965,2.0,17.0,4.0,23.0,6.0,6.4,2.1,35.29411765,11.0,10.2,4.0,64.70588235,5.0,29.41176471,2019.8333333333333,44.44444444444444,72.05777777777777,27.94222222222222,5.386111111111111,2.546111111111111,74.27888888888889,23.175,0.0,40.691467,-73.932254,11221.0,11221.0,living_environment,2700.3612250000006,140324.27105712504,3.950570415040385,1.681439043033667,289.0,4913.0,2.8903717578961645,1.1853048513203654
69.79666666666667,2.0,25.0,4.0,31.0,8.0,9.4,8.4,32.0,17.0,14.1,10.7,68.0,8.0,32.0,2019.8333333333333,118.94444444444444,31.16388888888889,68.83611111111111,17.593333333333334,0.1972222222222222,90.4738888888889,9.328888888888889,0.0,40.66903,-73.757744,11413.0,11413.0,common_core_algebra,4871.574677777778,340019.67392662965,4.245586253136115,2.0096622370195636,625.0,15625.0,3.258096538021482,1.2840254166877414
64.73833333333333,2.0,20.0,6.0,28.0,6.0,9.4,4.3,30.0,14.0,11.2,7.4,70.0,7.0,35.0,2019.7058823529408,106.17647058823528,43.72235294117647,56.27764705882353,16.02294117647059,1.4994117647058822,21.83529411764706,75.4664705882353,1.1994117647058824,40.757626,-73.98346,10036.0,10036.0,living_environment,4191.051802777777,271321.7086254953,4.170353504165068,1.9105350492626751,400.0,8000.0,3.044522437723423,1.2214027581601699
63.13333333333333,3.0,15.0,4.0,22.0,5.0,11.6,8.4,33.33333333,10.0,9.9,6.5,66.66666667,5.0,33.33333333,2019.8235294117649,72.3529411764706,48.888823529411766,51.11117647058824,9.95,0.0,0.3094117647058823,99.69058823529411,0.0,40.74651,-73.98107,10016.0,10016.0,common_core_english,3985.817777777778,251637.96237037037,4.145248892083869,1.8801157297658966,225.0,3375.0,2.772588722239781,1.161834242728283
58.59666666666666,4.0,28.0,6.0,38.0,9.0,6.8,4.8,32.14285714,19.0,8.1,2.8,67.85714286,15.0,46.66666667,2019.8333333333333,85.16666666666667,59.69111111111111,40.31444444444444,9.102222222222222,0.0,89.9511111111111,7.241666666666666,2.8072222222222223,40.640543,-73.898601,11236.0,11236.0,common_core_algebra,3433.5693444444432,201195.7183532962,4.07067781214369,1.7967269825226624,784.0,21952.0,3.367295829986474,1.3231298123374369
74.146,3.0,39.0,13.0,55.0,15.0,7.7,6.1,38.46153846,24.0,10.8,6.8,61.53846154000001,25.0,64.1025641,2019.8235294117649,126.11764705882354,20.22764705882353,79.77352941176471,45.88352941176471,14.17235294117647,2.71235294117647,79.38529411764705,3.732352941176471,40.743228,-73.871505,11373.0,11373.0,living_environment,5497.6293160000005,407627.223264136,4.3060361224221975,2.098997815281134,1521.0,59319.0,3.6888794541139363,1.4769807938826427
74.795,11.0,241.0,72.0,324.0,81.0,13.5,9.6,33.60995851,160.0,12.9,10.3,66.39004149,135.0,56.01659751,2019.8333333333333,829.1666666666666,18.546666666666667,81.45333333333333,54.52944444444445,59.44388888888889,4.022777777777778,24.195,12.33777777777778,40.740875,-73.795049,11365.0,11365.0,living_environment,5594.292025000001,418425.07200987503,4.314751037826424,2.1126646118867574,58081.0,13997521.0,5.488937726156687,11.133961145065307
63.40833333333333,2.0,14.0,4.0,20.0,14.0,11.0,6.8,40.477524155,20.0,9.95,6.049999999999999,59.522475845,15.0,46.66666667,2019.571428571429,41.71428571428572,48.79285714285714,51.207142857142856,13.822857142857142,0.0,32.22714285714286,67.77285714285713,0.0,40.823124,-73.898265,10459.0,10459.0,common_core_english,4020.616736111111,254940.606208912,4.149595293394476,1.885293163731594,196.0,2744.0,2.70805020110221,1.1502737988572274
80.758,4.0,62.0,12.0,78.0,18.0,7.1,5.5,29.03225806,44.0,8.6,5.7,70.96774194,37.0,59.67741935,2019.8235294117649,123.3529411764706,18.677647058823528,81.32235294117648,53.27941176470589,70.77176470588235,7.125882352941177,21.83235294117647,0.2694117647058823,40.74943,-73.821402,11355.0,11355.0,living_environment,6521.854563999999,526691.9308795119,4.391457028402968,2.2424746263663504,3844.0,238328.0,4.143134726391533,1.858928041846342
68.04333333333334,2.0,36.0,8.0,46.0,10.0,13.6,12.6,27.77777778,26.0,10.4,8.0,72.22222222,11.0,30.55555556,2019.8333333333333,111.88888888888889,35.099444444444444,64.90055555555556,30.89611111111111,56.80888888888889,3.822777777777778,39.367777777777775,0.0,40.72004,-73.986038,10002.0,10002.0,living_environment,4629.895211111111,315033.50314803707,4.220144757117383,1.9747332645997067,1296.0,46656.0,3.6109179126442243,1.4333294145603401
75.898,2.0,31.0,8.0,41.0,10.0,12.2,8.7,32.25806452,21.0,11.6,7.5,67.74193548,15.0,48.38709677,2019.7058823529408,99.47058823529412,44.55882352941177,55.44529411764706,19.176470588235293,1.0511764705882352,34.33764705882353,64.61117647058823,0.0,40.774891,-73.985608,10023.0,10023.0,common_core_english,5760.506404,437210.9150507919,4.329390333593271,2.1360962907051055,961.0,29791.0,3.4657359027997265,1.3634251141321778
68.324,3.0,24.0,12.0,39.0,9.0,15.1,11.5,37.5,15.0,11.1,5.7,62.5,11.0,45.83333333,2019.7058823529408,83.6470588235294,50.95647058823529,49.04352941176471,9.207647058823529,0.0,29.848823529411764,70.15117647058823,0.0,40.877379,-73.912686,10463.0,10463.0,common_core_english,4668.168976,318947.97711622395,4.224261095775814,1.9802834677707128,576.0,13824.0,3.2188758248682006,1.2712491503214047
59.81166666666667,3.0,25.0,10.0,38.0,9.0,14.5,9.7,36.0,16.0,11.0,7.199999999999999,64.0,10.0,40.0,2019.8333333333333,103.27777777777776,52.14833333333333,47.85166666666667,11.896666666666668,0.0,18.29055555555556,81.16444444444444,0.5449999999999999,40.877379,-73.912686,10463.0,10463.0,common_core_algebra,3577.4354694444446,213972.3778199213,4.09120073668839,1.8186903727658235,625.0,15625.0,3.258096538021482,1.2840254166877414
62.09166666666667,14.0,184.0,129.0,327.0,74.0,13.8,11.3,40.2173913,110.0,11.4,9.4,59.7826087,140.0,76.08695652,2019.8333333333333,655.6666666666666,34.88388888888889,65.11666666666666,33.685,13.202222222222222,11.777222222222225,35.92611111111111,39.09666666666666,40.588985,-74.130819,10314.0,10314.0,common_core_algebra,3855.3750694444448,239386.66368692133,4.128611787771682,1.8606328404646926,33856.0,6229504.0,5.220355825078324,6.296538261026657
56.28,2.0,26.0,9.0,37.0,12.0,14.0,6.6,46.15384615,14.0,11.5,6.8,53.84615385,12.0,46.15384615,2019.8333333333333,139.61111111111111,56.138333333333335,43.864444444444445,11.284444444444444,2.1038888888888887,60.31222222222223,37.007777777777775,0.5766666666666667,40.684869,-73.990884,11201.0,11201.0,living_environment,3167.4384,178263.433152,4.030339232246188,1.7555812523427445,676.0,17576.0,3.295836866004329,1.2969300866657718
57.688,4.0,28.0,13.0,45.0,14.0,12.3,9.6,50.0,14.0,6.9,4.4,50.0,6.0,21.42857143,2019.8125,138.0625,55.065,44.935625,9.640625,0.0,4.61125,95.38875,0.0,40.856532,-73.92606,10040.0,10040.0,living_environment,3327.9053440000002,191980.20348467203,4.055049179614459,1.7804746748187044,784.0,21952.0,3.367295829986474,1.3231298123374369
64.23333333333333,7.0,97.0,24.0,128.0,37.0,8.1,7.900000000000001,38.1443299,60.0,7.699999999999999,6.5,61.8556701,55.0,56.70103093,2019.8333333333333,274.6666666666667,36.797222222222224,63.20388888888889,26.16722222222222,17.530555555555555,5.143888888888889,59.31944444444444,18.007777777777775,40.636721,-74.023419,11220.0,11220.0,common_core_algebra,4125.921111111111,265021.66603703704,4.162522286752211,1.9009111680167885,9409.0,912673.0,4.584967478670572,2.6379444593541526
61.26166666666666,3.0,24.0,8.0,35.0,12.0,15.5,6.8,50.0,12.0,12.9,6.5,50.0,8.0,33.33333333,2019.8333333333333,136.72222222222223,61.72166666666666,38.278333333333336,8.442777777777778,0.0,44.66222222222222,54.38777777777778,0.9505555555555556,40.875172,-73.861649,10467.0,10467.0,common_core_english,3752.991802777777,229914.5328245046,4.1151543074770265,1.845253500440064,576.0,13824.0,3.2188758248682006,1.2712491503214047
59.348333333333336,4.0,32.0,12.0,48.0,14.0,10.2,4.2,43.75,18.0,10.5,3.1,56.25,9.0,28.125,2019.8333333333333,133.55555555555554,53.16111111111111,46.840555555555554,10.127222222222224,2.723888888888889,30.016666666666666,67.25888888888889,0.0,40.821218,-73.85593,10473.0,10473.0,common_core_algebra,3522.2246694444448,209038.16375707873,4.083424038661932,1.8102832655438932,1024.0,32768.0,3.4965075614664802,1.3771277643359572
66.99,1.0,16.0,5.0,22.0,8.0,8.5,6.7,50.0,8.0,6.3,4.0,50.0,5.0,31.25,2019.8235294117649,70.11764705882354,44.51117647058823,55.48882352941176,14.465882352941176,1.5635294117647058,85.80705882352942,12.222941176470588,0.4058823529411764,40.669805,-73.960689,11225.0,11225.0,common_core_algebra,4487.660099999999,300628.3500989999,4.204543354520176,1.9540419066747368,256.0,4096.0,2.833213344056216,1.1735108709918103
71.22166666666668,3.0,37.0,6.0,46.0,16.0,9.5,5.2,43.24324324,21.0,10.9,5.4,56.75675676,13.0,35.13513514,2019.8235294117649,125.05882352941175,48.77941176470589,51.22058823529412,14.77764705882353,0.1429411764705882,33.21941176470588,66.31176470588235,0.3258823529411764,40.763655,-73.990318,10019.0,10019.0,common_core_english,5072.525802777779,361273.7418835048,4.265797079242016,2.038504940085473,1369.0,50653.0,3.6375861597263857,1.4477346146633245
63.55,5.0,75.0,17.0,97.0,28.0,10.9,8.2,37.33333333,47.0,13.9,8.8,62.666666670000005,24.0,32.0,2019.8333333333333,184.38888888888889,42.653333333333336,57.34666666666666,20.470555555555556,2.808888888888889,7.191666666666666,87.76333333333334,2.2355555555555555,40.877935,-73.913694,10463.0,10463.0,living_environment,4038.6024999999995,256653.18887499996,4.151826997635463,1.8879658884465527,5625.0,421875.0,4.330733340286331,2.117000016612675
59.71833333333333,3.0,68.0,12.0,83.0,15.0,5.9,4.8,22.05882353,53.0,7.699999999999999,4.8,77.94117647,41.0,60.29411765,2019.8333333333333,124.94444444444444,49.57055555555556,50.42944444444444,15.446666666666667,3.045555555555556,38.626666666666665,29.361666666666665,28.96611111111111,40.685006,-73.993293,11201.0,11201.0,living_environment,3566.2793361111103,212972.25815366197,4.089639064266372,1.8169937203122182,4624.0,314432.0,4.23410650459726,1.9738777322304477
72.22200000000001,3.0,34.0,9.0,46.0,19.0,8.5,5.9,55.88235294,15.0,11.4,6.5,44.11764706,14.0,41.17647059,2019.6875,105.8125,42.813125,57.188125,17.698125,0.0,25.888125,68.26,5.853125,40.839775,-73.839583,10461.0,10461.0,common_core_english,5216.017284000001,376711.2002850481,4.279744708625653,2.0589991186541905,1156.0,39304.0,3.5553480614894135,1.4049475905635938
59.73,7.0,74.0,19.0,100.0,31.0,7.900000000000001,5.6,41.89189189,43.0,6.1,4.5,58.10810811,33.0,44.59459459,2019.8333333333333,363.94444444444446,48.48833333333333,51.51555555555555,15.373333333333337,8.976111111111111,30.449444444444445,58.0611111111111,2.513888888888889,40.879958,-73.889011,10468.0,10468.0,living_environment,3567.6728999999996,213097.10231699995,4.089834406744215,1.8172057152790537,5476.0,405224.0,4.31748811353631,2.0959355144943643
65.09833333333333,3.0,12.0,7.0,22.0,14.0,11.0,6.8,40.477524155,20.0,9.95,6.049999999999999,59.522475845,7.0,58.33333333,2019.5625,29.5,53.235625,46.764375,12.443125,0.0,24.685625,75.314375,0.0,40.677968,-74.014363,11238.5,11231.0,common_core_english,4237.7930027777775,275873.2614924953,4.1758989472482915,1.9174253705768407,144.0,1728.0,2.5649493574615367,1.1274968515793757
62.671666666666674,3.0,34.0,6.0,43.0,16.0,7.8,5.3,47.05882353,18.0,7.2,4.7,52.94117647,15.0,44.11764706,2019.8947368421047,109.63157894736842,42.71368421052631,57.29157894736842,19.352105263157892,9.869473684210528,19.59263157894737,68.6178947368421,1.9205263157894736,40.735361,-73.987064,10003.0,10003.0,living_environment,3927.7378027777786,246157.8743297547,4.13790945821305,1.8714558673768982,1156.0,39304.0,3.5553480614894135,1.4049475905635938
95.12,6.0,86.0,19.0,111.0,38.0,14.5,8.9,44.18604651,48.0,12.2,8.2,55.81395349,54.0,62.79069767,2019.6666666666667,145.73333333333332,1.884,98.116,84.84200000000001,60.21266666666667,5.346666666666667,12.994,21.447333333333333,40.737038,-73.821532,11367.0,11367.0,common_core_english,9047.814400000001,860628.1057280002,4.555139252382526,2.588814373362888,7396.0,636056.0,4.465908118654584,2.3631606937057947
89.34,2.0,23.0,5.0,30.0,10.0,10.4,5.4,43.47826087,13.0,8.8,8.2,56.52173913,7.0,30.43478261,2019.7142857142856,75.5,3.246428571428571,96.75357142857142,77.54785714285715,98.93642857142856,0.0,1.0635714285714286,0.0,40.717329,-73.989329,10002.0,10002.0,common_core_algebra,7981.6356000000005,713079.3245040001,4.492449315923973,2.4434231831189357,529.0,12167.0,3.1780538303479458,1.2586000099294778
58.181666666666665,2.0,25.0,6.0,33.0,13.0,13.7,8.2,52.0,12.0,13.2,7.199999999999999,48.0,17.0,68.0,2019.8333333333333,99.77777777777776,55.562777777777775,44.44111111111111,10.72,0.2055555555555555,35.620555555555555,64.17388888888888,0.0,40.875636,-73.901565,10463.0,10463.0,common_core_algebra,3385.106336111111,196951.12847883796,4.063570299385289,1.7892860162295854,625.0,15625.0,3.258096538021482,1.2840254166877414
57.92666666666667,3.0,26.0,11.0,40.0,11.0,10.3,9.1,42.30769231,15.0,6.8,6.0,57.69230768999999,14.0,53.84615385,2019.8333333333333,108.61111111111111,49.333888888888886,50.66611111111112,12.270555555555555,0.9688888888888888,67.13277777777779,31.375,0.5227777777777778,40.888242,-73.852714,10466.0,10466.0,living_environment,3355.4987111111113,194372.85533896298,4.05917784274295,1.7847291493627073,676.0,17576.0,3.295836866004329,1.2969300866657718
65.125,3.0,32.0,7.0,42.0,14.0,4.6,3.9,43.75,18.0,6.7,3.3,56.25,16.0,50.0,2019.8333333333333,110.66666666666669,37.75888888888889,62.24111111111111,18.401111111111117,0.3644444444444444,26.229444444444443,72.46611111111112,0.9405555555555556,40.859466,-73.888625,10458.0,10458.0,living_environment,4241.265625,276212.423828125,4.176308500073531,1.9179367521901796,1024.0,32768.0,3.4965075614664802,1.3771277643359572
87.235,3.0,32.0,8.0,43.0,11.0,13.5,5.6,34.375,21.0,13.4,5.3,65.625,17.0,53.125,2019.875,78.125,9.2025,90.7975,63.741875,27.10625,5.8275,35.26625,31.800625,40.742512,-74.002222,10011.0,10011.0,common_core_english,7609.9452249999995,663853.571702875,4.468605626531865,2.392526690053526,1024.0,32768.0,3.4965075614664802,1.3771277643359572
55.76666666666667,3.0,24.0,12.0,39.0,8.0,6.4,6.9,33.33333333,16.0,6.2,4.0,66.66666667,9.0,37.5,2019.7058823529408,98.23529411764706,66.93117647058823,33.08,3.94235294117647,0.0,14.09235294117647,85.39176470588235,0.5158823529411765,40.696457,-73.911751,11237.0,11237.0,common_core_algebra,3109.9211111111117,173429.93396296303,4.021176319324669,1.7465923598104849,576.0,13824.0,3.2188758248682006,1.2712491503214047
66.82833333333333,10.0,193.0,37.0,240.0,78.0,14.300000000000002,12.2,40.41450777,115.0,14.1,10.4,59.58549223,116.0,60.10362694,2019.8333333333333,657.2777777777778,28.22833333333333,71.77333333333334,36.68111111111111,38.001666666666665,26.65055555555556,25.492222222222225,9.855,40.752343,-73.757271,11364.0,11364.0,common_core_algebra,4466.026136111111,298457.08329941204,4.202127142312303,1.9508854244362401,37249.0,7189057.0,5.267858159063328,6.889510241581292
58.93,3.0,26.0,5.0,34.0,14.0,6.9,4.6,53.84615385,12.0,9.0,4.2,46.15384615,11.0,42.30769231,2019.8333333333333,88.88888888888889,48.05833333333333,51.94222222222223,16.560555555555553,11.259444444444444,78.36222222222221,10.377777777777778,0.0,40.711857,-73.771196,11432.0,11432.0,common_core_algebra,3472.7449,204648.856957,4.076350298849822,1.8027260653811303,676.0,17576.0,3.295836866004329,1.2969300866657718
56.55,2.0,17.0,8.0,27.0,9.0,9.2,4.2,52.94117647,8.0,8.9,3.0,47.05882353,15.0,46.66666667,2020.0,71.71428571428571,64.49190476190476,35.510000000000005,6.939047619047619,0.0,36.637142857142855,63.36285714285714,0.0,40.826933,-73.900593,10456.0,10456.0,common_core_english,3197.9024999999997,180841.38637499997,4.03512520256213,1.7603277265808086,289.0,4913.0,2.8903717578961645,1.1853048513203654
65.21499999999999,2.0,45.0,7.0,54.0,19.0,10.4,7.8,42.22222222,26.0,8.1,4.8,57.77777778,18.0,40.0,2020.5,64.75,50.33625,49.66375,18.3325,0.0,19.86375,80.13625,0.0,40.709765,-73.944463,11206.0,11206.0,common_core_english,4252.996224999999,277359.14881337486,4.177689503822246,1.9196636722646168,2025.0,91125.0,3.828641396489095,1.568312185490169
56.57000000000001,3.0,25.0,8.0,36.0,11.0,15.1,5.5,44.0,14.0,11.7,3.4,56.0,8.0,32.0,2019.5625,56.0625,58.02375,41.97625,5.468125000000001,0.0,25.744375,74.255625,0.0,40.810671,-73.907528,10455.0,10455.0,common_core_algebra,3200.1649000000007,181033.32839300006,4.035478809355064,1.7606798273350266,625.0,15625.0,3.258096538021482,1.2840254166877414
55.19166666666666,3.0,28.0,10.0,41.0,7.0,6.6,5.7,25.0,21.0,9.2,6.7,75.0,15.0,46.66666667,2019.8333333333333,125.33333333333331,64.63555555555556,35.364444444444445,6.507222222222223,0.0,24.494444444444444,75.36611111111111,0.1394444444444444,40.84325,-73.902969,10457.0,10457.0,common_core_algebra,3046.120069444444,168120.44349942126,4.010811975702933,1.7365782718353862,784.0,21952.0,3.367295829986474,1.3231298123374369
56.64714285714285,4.0,39.0,17.0,60.0,18.0,10.4,4.6,46.15384615,21.0,7.299999999999999,5.5,53.84615385,16.0,41.02564103,2020.0,143.0,60.47761904761904,39.525238095238095,7.676190476190476,0.1314285714285714,27.32190476190476,72.54619047619047,0.0,40.821828,-73.922366,10451.0,10451.0,living_environment,3208.8987938775504,181774.948390895,4.0368415512002365,1.762038590085791,1521.0,59319.0,3.6888794541139363,1.4769807938826427
76.94666666666667,2.0,40.0,14.0,56.0,14.0,11.0,7.3,35.0,26.0,10.2,7.9,65.0,20.0,50.0,2019.8125,93.125,19.219375,80.780625,36.351875,0.0,1.235625,97.773125,0.99125,40.860951,-73.930082,10040.0,10040.0,common_core_english,5920.789511111112,455585.0169149631,4.343112541174656,2.158614685561719,1600.0,64000.0,3.713572066704308,1.4918246976412703
63.27166666666667,3.0,28.0,4.0,35.0,14.0,10.3,3.1,50.0,14.0,9.7,4.3,50.0,12.0,42.85714286,2019.8333333333333,95.05555555555556,41.86055555555556,58.14055555555555,20.976666666666667,10.627777777777778,71.4511111111111,17.65222222222222,0.2688888888888889,40.698786,-73.74633,11411.0,11411.0,living_environment,4003.303802777778,253295.70377475466,4.147437624943451,1.8827183562603635,784.0,21952.0,3.367295829986474,1.3231298123374369
57.73333333333333,3.0,27.0,10.0,40.0,12.0,8.3,6.3,44.44444444,15.0,9.9,4.0,55.55555556,8.0,29.62962963,2019.8333333333333,87.44444444444444,59.475,40.53111111111111,9.996111111111112,0.0,22.046666666666667,77.95333333333333,0.0,40.836245,-73.890591,10460.0,10460.0,living_environment,3333.137777777777,192433.15437037032,4.055834707460225,1.781282006319269,729.0,19683.0,3.332204510175204,1.3099644507332473
62.264,2.0,13.0,3.0,18.0,5.0,12.9,9.5,38.46153846,8.0,12.5,5.4,61.53846154,15.0,46.66666667,2019.5625,29.5625,53.241875,46.763125,8.565,0.0,22.308125,77.691875,0.0,40.722415,-73.990468,10002.0,10002.0,living_environment,3876.8056960000004,241385.42985574403,4.131383409657087,1.8638420955736545,169.0,2197.0,2.6390573296152584,1.1388283833246218
57.89833333333333,3.0,29.0,5.0,37.0,13.0,10.2,6.8,44.82758621,16.0,8.3,6.6,55.17241379,14.0,48.27586207,2019.8333333333333,137.77777777777777,66.86222222222221,33.13777777777778,7.180000000000001,0.0,15.528888888888888,83.89333333333333,0.5777777777777778,40.696457,-73.911751,11237.0,11237.0,common_core_english,3352.217002777778,194087.77743249538,4.0586885989027,1.784223547734001,841.0,24389.0,3.4011973816621555,1.336427488025472
58.045,3.0,40.0,6.0,49.0,22.0,9.5,6.6,55.0,18.0,13.2,7.300000000000001,45.0,16.0,40.0,2019.8333333333333,129.77777777777777,51.47611111111112,48.531666666666666,13.11,1.926111111111111,71.26222222222222,26.810555555555556,0.0,40.688399,-73.920603,11221.0,11221.0,common_core_algebra,3369.222025,195566.492441125,4.06121857179,1.7868423289074307,1600.0,64000.0,3.713572066704308,1.4918246976412703
59.12833333333333,4.0,33.0,14.0,51.0,13.0,11.5,4.4,39.39393939,20.0,4.9,2.5,60.60606061,5.0,15.15151515,2019.7058823529408,100.52941176470588,47.30058823529412,52.70058823529411,13.281176470588235,0.9835294117647058,25.941764705882356,73.07411764705883,0.0,40.855392,-73.882487,10458.0,10458.0,common_core_algebra,3496.1598027777773,206722.10220524535,4.079710222953729,1.8063050200343158,1089.0,35937.0,3.5263605246161616,1.3909681284637803
70.14,6.0,45.0,20.0,71.0,27.0,7.6,6.6,60.0,18.0,8.1,7.4,40.0,8.0,17.77777778,2019.95,88.95,51.0465,48.953500000000005,12.8625,0.0,64.6195,35.3805,0.0,40.845366,-73.897479,10457.0,10457.0,common_core_english,4919.6196,345062.11874400004,4.2504932447120325,2.016573935659867,2025.0,91125.0,3.828641396489095,1.568312185490169
56.723333333333336,3.0,26.0,7.0,36.0,9.0,9.3,6.5,34.61538462,17.0,8.6,5.3,65.38461538,15.0,46.66666667,2019.8333333333333,107.22222222222224,53.33888888888889,46.66611111111112,11.366666666666667,0.8738888888888889,42.68222222222222,56.44388888888889,0.0,40.875172,-73.861649,10467.0,10467.0,common_core_algebra,3217.5365444444446,182509.39792270373,4.038185648715236,1.763381607238851,676.0,17576.0,3.295836866004329,1.2969300866657718
74.56666666666666,7.0,69.0,31.0,107.0,30.0,10.7,8.3,43.47826087,39.0,7.599999999999999,4.8,56.52173913,59.0,85.50724638,2019.8333333333333,177.0,38.11611111111111,61.88722222222222,22.961111111111112,1.5477777777777777,27.87833333333333,53.72166666666666,16.85111111111111,40.64282,-74.079263,10301.0,10301.0,common_core_english,5560.187777777777,414604.66862962954,4.311693579827974,2.10784619747285,4761.0,328509.0,4.248495242049359,1.9937155332430823
70.02333333333333,5.0,70.0,14.0,89.0,18.0,11.7,7.900000000000001,25.71428571,52.0,13.3,9.8,74.28571429,37.0,52.85714286,2019.8333333333333,246.83333333333331,41.84111111111111,58.16055555555556,19.635555555555555,20.821111111111108,56.64055555555555,16.572222222222223,5.965555555555556,40.744197,-73.728834,11426.0,11426.0,common_core_english,4903.267211111111,343343.1143460369,4.2488285198394795,2.014222637925307,4900.0,343000.0,4.2626798770413155,2.0137527074704766
77.95666666666666,4.0,84.0,15.0,103.0,36.0,13.6,8.5,42.85714286,48.0,11.6,5.5,57.14285714,54.0,64.28571429,2019.8333333333333,112.11111111111111,34.03888888888889,65.96111111111111,27.695555555555558,7.614999999999999,36.26611111111111,54.58777777777778,1.53,40.716231,-73.993607,10002.0,10002.0,common_core_english,6077.2418777777775,473761.5193186296,4.356153116755869,2.1805271656362444,7056.0,592704.0,4.442651256490317,2.3163669767810915
59.64333333333334,3.0,23.0,7.0,33.0,5.0,14.8,8.8,21.73913043,18.0,11.4,6.6,78.26086957,12.0,52.17391304,2019.636363636364,113.36363636363636,62.30181818181818,37.698181818181816,8.143636363636363,26.127272727272725,0.4281818181818181,49.42909090909091,24.015454545454546,40.593028,-73.986313,11214.0,11214.0,common_core_algebra,3557.327211111112,212170.8526280371,4.088382379235661,1.8156314859237346,529.0,12167.0,3.1780538303479458,1.2586000099294778
55.74333333333334,3.0,28.0,7.0,38.0,11.0,12.4,9.1,39.28571429,17.0,7.1,4.8,60.71428571,5.0,17.85714286,2019.8333333333333,150.22222222222223,61.40222222222222,38.59833333333333,6.057222222222222,0.0,5.443888888888889,94.55611111111112,0.0,40.856532,-73.92606,10040.0,10040.0,living_environment,3107.3192111111116,173212.3305580371,4.020757821724922,1.7461848691356234,784.0,21952.0,3.367295829986474,1.3231298123374369
73.72833333333334,2.0,38.0,10.0,50.0,19.0,7.3,4.8,50.0,19.0,7.2,4.8,50.0,18.0,47.36842105,2020.0,94.5,28.4615,71.539,30.4,2.464,26.6475,65.4015,5.487,40.763655,-73.990318,10019.0,10019.0,living_environment,5435.867136111112,400777.42416691215,4.300387166745836,2.090249283640728,1444.0,54872.0,3.6635616461296463,1.4622845894342245
66.42571428571429,13.0,196.0,61.0,270.0,75.0,13.2,10.2,38.26530612,121.0,11.3,8.7,61.73469388,92.0,46.93877551,2020.0,733.3809523809524,37.34904761904762,62.651428571428575,28.03285714285714,30.947142857142858,17.823809523809523,47.273809523809526,3.9557142857142855,40.737448,-73.823841,11367.0,11367.0,living_environment,4412.3755183673475,293095.19550434995,4.196084244854366,1.9430465790516598,38416.0,7529536.0,5.2832037287379885,7.099327065156633
63.46857142857142,4.0,53.0,12.0,69.0,20.0,10.6,6.6,37.73584906,33.0,8.2,4.6,62.26415094,35.0,66.03773585,2019.8947368421047,143.05263157894737,35.75684210526316,64.24368421052633,26.74684210526316,1.361578947368421,16.23,78.53263157894736,3.8731578947368415,40.715561,-73.954815,11211.0,11211.0,living_environment,4028.2595591836725,255667.87956487457,4.150544845243606,1.886429170543161,2809.0,148877.0,3.9889840465642745,1.6989323086185506
60.33166666666667,3.0,30.0,10.0,43.0,14.0,9.3,4.7,46.66666667,16.0,6.9,4.0,53.33333333,11.0,36.66666667,2019.8333333333333,98.11111111111111,44.56388888888889,55.44055555555556,14.803888888888888,5.525555555555556,82.56777777777778,8.008333333333333,3.8966666666666665,40.634451,-73.916927,11236.0,11236.0,living_environment,3639.910002777778,219601.83698425468,4.099857117906765,1.8281721940739126,900.0,27000.0,3.4339872044851463,1.3498588075760032
57.03666666666667,2.0,21.0,5.0,28.0,12.0,5.1,3.2,57.14285714,9.0,6.2,1.7,42.85714286,7.0,33.33333333,2019.8333333333333,58.44444444444444,56.68944444444444,43.31,11.943888888888887,0.0,59.84388888888889,40.15611111111111,0.0,40.807019,-73.938714,10035.0,10035.0,common_core_algebra,3253.1813444444447,185550.61994929632,4.043694335875769,1.7689155349006311,441.0,9261.0,3.091042453358316,1.2336780599567432
67.31,12.0,117.0,26.0,155.0,45.0,12.7,11.1,38.46153846,72.0,12.7,10.2,61.53846153999999,45.0,38.46153846,2019.8333333333333,421.5,45.879444444444445,54.12055555555556,17.90722222222222,31.24777777777778,12.750555555555556,52.67666666666666,3.325,40.695171,-73.833815,11418.0,11418.0,common_core_english,4530.636100000001,304957.115891,4.209308814022622,1.9603048561508751,13689.0,1601613.0,4.770684624465665,3.2219926385284996
57.49666666666667,2.0,18.0,11.0,31.0,6.0,11.6,7.800000000000001,33.33333333,12.0,16.4,7.800000000000001,66.66666667,6.0,33.33333333,2019.8333333333333,106.33333333333331,55.535555555555554,44.46888888888888,11.448888888888888,2.3633333333333333,53.87,43.22277777777778,0.5427777777777778,40.875172,-73.861649,10467.0,10467.0,living_environment,3305.866677777778,190076.31441662967,4.051726975108428,1.7770712902170918,324.0,5832.0,2.9444389791664403,1.1972173631218102
68.78285714285714,12.0,204.0,50.0,266.0,73.0,12.3,10.0,35.78431373,131.0,12.2,9.9,64.21568627,124.0,60.78431373,2020.0,743.6666666666666,29.472380952380952,70.53,33.74809523809523,42.72380952380953,1.4514285714285715,31.03952380952381,24.78619047619048,40.613041,-74.002308,11214.0,11214.0,living_environment,4731.081436734693,325417.29859414574,4.230954544456221,1.9893910192567212,41616.0,8489664.0,5.3230099791384085,7.690609198878998
51.79333333333333,2.0,34.0,11.0,47.0,21.0,7.699999999999999,4.0,61.76470588,13.0,5.1,3.5,38.23529412,17.0,50.0,2019.8333333333333,139.72222222222223,70.20722222222223,29.792777777777776,6.572222222222222,0.616111111111111,14.067222222222222,85.31666666666666,0.0,40.695436,-73.927349,11221.0,11221.0,living_environment,2682.5493777777774,138938.17410637034,3.947261440854165,1.6785550488130792,1156.0,39304.0,3.5553480614894135,1.4049475905635938
81.05499999999999,7.0,74.0,17.0,98.0,21.0,13.5,8.7,28.37837838,53.0,10.5,5.9,71.62162162,43.0,58.10810811,2019.8333333333333,204.38888888888889,20.042777777777776,79.96166666666666,45.07222222222222,19.994444444444444,1.5811111111111111,45.27555555555556,33.14555555555555,40.751144,-73.937564,11101.0,11101.0,common_core_english,6569.913024999999,532524.3002413749,4.3951279365935365,2.2491446761275675,5476.0,405224.0,4.31748811353631,2.0959355144943643
70.47500000000001,11.0,126.0,35.0,172.0,57.0,13.4,9.9,45.23809524,69.0,10.5,8.2,54.76190476,65.0,51.58730159,2019.8333333333333,362.3888888888889,25.226666666666667,74.775,44.66888888888889,41.53388888888889,26.51222222222222,27.84722222222222,4.108333333333333,40.716071,-73.799692,11432.0,11432.0,common_core_algebra,4966.725625000001,350029.9884218751,4.255258037000177,2.023340786491056,15876.0,2000376.0,4.844187086458591,3.5254214873653824
58.14833333333333,3.0,48.0,10.0,61.0,20.0,9.3,5.5,41.66666667,28.0,12.3,6.1,58.33333333,15.0,31.25,2019.8333333333333,176.72222222222223,56.18944444444444,43.81055555555556,7.714444444444445,0.0,71.33,28.19,0.4794444444444444,40.692015,-73.95818,11205.0,11205.0,living_environment,3381.2286694444447,196612.8117470787,4.0629972170463295,1.7886896869512436,2304.0,110592.0,3.8918202981106265,1.6160744021928934
60.21,3.0,28.0,6.0,37.0,14.0,8.2,4.8,50.0,14.0,8.7,5.8,50.0,12.0,42.85714286,2019.8333333333333,104.88888888888889,44.50833333333333,55.49722222222223,14.021666666666668,12.981111111111112,3.066666666666667,76.625,7.326666666666666,40.744175,-73.937004,11101.0,11101.0,living_environment,3625.2441,218275.94726100002,4.097838451476356,1.8259492704572013,784.0,21952.0,3.367295829986474,1.3231298123374369
59.39333333333334,2.0,51.0,11.0,64.0,14.0,12.7,4.3,27.45098039,37.0,7.300000000000001,5.0,72.54901961,13.0,25.49019608,2019.8333333333333,112.0,51.99722222222223,48.00611111111111,13.272777777777778,0.535,71.49277777777777,27.806666666666665,0.1661111111111111,40.657266,-73.874064,11239.0,11239.0,living_environment,3527.568044444445,209514.02471970374,4.0841819866243885,1.8110980763320654,2601.0,132651.0,3.9512437185814275,1.6652911949458864
69.045,2.0,20.0,6.0,28.0,9.0,11.5,5.3,45.0,11.0,12.1,8.7,55.0,7.0,35.0,2019.8333333333333,99.33333333333331,41.90166666666667,58.09833333333333,18.817777777777778,6.918888888888889,24.76,68.32277777777777,0.0,40.708971,-74.012465,10006.0,10006.0,common_core_english,4767.212025,329152.154266125,4.234758465937315,1.9946129071270224,400.0,8000.0,3.044522437723423,1.2214027581601699
64.962,1.0,17.0,4.0,22.0,6.0,14.3,5.8,35.29411765,11.0,12.0,4.2,64.70588235,15.0,46.66666667,2019.6666666666667,61.8,55.76866666666667,44.23133333333333,11.141333333333334,0.0,95.61533333333334,4.384666666666666,0.0,40.678478,-73.93160400000001,11213.0,11213.0,common_core_english,4220.061444000001,274143.63152512803,4.173802483556816,1.9148130617834023,289.0,4913.0,2.8903717578961645,1.1853048513203654
56.652,2.0,13.0,4.0,19.0,5.0,15.1,6.9,38.46153846,8.0,9.7,6.5,61.53846154,15.0,46.66666667,2019.8125,50.625,54.741875,45.258125,11.7275,0.78125,76.6875,22.53125,0.0,40.666868,-73.895122,11207.0,11207.0,common_core_algebra,3209.4491040000003,181821.710639808,4.03692729135215,1.7621241768958296,169.0,2197.0,2.6390573296152584,1.1388283833246218
64.185,4.0,35.0,9.0,48.0,15.0,7.699999999999999,4.5,42.85714286,20.0,9.6,4.9,57.14285714,12.0,34.28571429,2019.8333333333333,134.66666666666666,39.675,60.3261111111111,23.25555555555556,24.747777777777777,54.0,18.316666666666663,2.937222222222222,40.733888,-73.739726,11427.0,11427.0,living_environment,4119.714225000001,264423.857531625,4.16176953853689,1.8999926162867973,1225.0,42875.0,3.58351893845611,1.4190675485932571
67.74166666666666,4.0,31.0,10.0,45.0,11.0,7.199999999999999,2.8,35.48387097,20.0,5.9,3.1,64.51612903,12.0,38.70967742,2019.8333333333333,121.22222222222224,53.03833333333333,46.961666666666666,15.238888888888887,3.6333333333333337,25.433888888888887,65.01888888888888,5.913888888888889,40.839775,-73.839583,10461.0,10461.0,common_core_english,4588.933402777777,310861.99692650454,4.215701450964526,1.968785128867034,961.0,29791.0,3.4657359027997265,1.3634251141321778
60.29,4.0,44.0,8.0,56.0,14.0,10.9,4.2,31.81818182,30.0,6.5,2.3,68.18181818,14.0,31.81818182,2019.875,83.0625,51.67625,48.32375,13.1475,0.0,81.939375,18.060625,0.0,40.657266,-73.874064,11239.0,11239.0,living_environment,3634.8840999999998,219147.162389,4.099166252501314,1.8274106143331792,1936.0,85184.0,3.8066624897703196,1.552707218511336
61.18666666666667,3.0,30.0,6.0,39.0,12.0,8.8,4.9,40.0,18.0,7.0,3.9,60.0,12.0,40.0,2019.8333333333333,100.83333333333331,44.05111111111111,55.95222222222222,12.376666666666669,11.592222222222222,3.39,69.05000000000001,15.967777777777778,40.860443,-73.860729,10469.0,10469.0,common_core_english,3743.808177777778,229071.14303762963,4.113929300858523,1.8438700791625613,900.0,27000.0,3.4339872044851463,1.3498588075760032
63.225,12.0,107.0,29.0,148.0,40.0,14.1,11.6,37.38317757,67.0,11.9,10.2,62.61682242999999,45.0,42.05607477,2019.8333333333333,477.94444444444446,42.97833333333333,57.02388888888889,19.078333333333333,26.04888888888889,5.61,63.075,5.265555555555555,40.740824,-73.874129,11373.0,11373.0,living_environment,3997.400625,252735.654515625,4.146699792556029,1.881839959335999,11449.0,1225043.0,4.68213122712422,2.915379499976997
58.155,3.0,28.0,9.0,40.0,11.0,14.1,7.599999999999999,39.28571429,17.0,13.3,8.0,60.71428571,7.0,25.0,2019.8333333333333,99.11111111111111,50.63722222222222,49.36277777777778,15.47888888888889,0.0,73.73444444444445,26.077222222222225,0.1883333333333333,40.888242,-73.852714,10466.0,10466.0,common_core_algebra,3382.004025,196680.444073875,4.063111859791002,1.788808936905328,784.0,21952.0,3.367295829986474,1.3231298123374369
54.045,3.0,25.0,6.0,34.0,10.0,16.0,8.8,40.0,15.0,11.5,5.1,60.0,13.0,52.0,2019.8333333333333,97.27777777777776,67.39777777777778,32.602222222222224,6.233888888888889,0.0,49.2,50.8,0.0,40.601537,-73.763995,11691.0,11691.0,living_environment,2920.8620250000004,157857.988141125,3.9898170328681664,1.7167792390446013,625.0,15625.0,3.258096538021482,1.2840254166877414
57.948,2.0,14.0,3.0,19.0,7.0,16.9,8.8,50.0,7.0,11.6,6.1,50.0,6.0,42.85714286,2019.5625,98.125,52.8275,47.1725,10.22125,0.358125,34.5625,65.07875,0.0,40.774891,-73.985608,10023.0,10023.0,common_core_algebra,3357.970704,194587.686355392,4.059546056679405,1.7851099321966295,196.0,2744.0,2.70805020110221,1.1502737988572274
71.01428571428572,12.0,204.0,50.0,266.0,73.0,12.3,10.0,35.78431373,131.0,12.2,9.9,64.21568627,124.0,60.78431373,2020.0,743.6666666666666,29.472380952380952,70.53,33.74809523809523,42.72380952380953,1.4514285714285715,31.03952380952381,24.78619047619048,40.613041,-74.002308,11214.0,11214.0,common_core_english,5043.0287755102045,358127.0863294461,4.262881064045314,2.0342818495825585,41616.0,8489664.0,5.3230099791384085,7.690609198878998
71.89714285714285,4.0,50.0,10.0,64.0,19.0,11.2,7.299999999999999,38.0,31.0,10.0,5.4,62.0,24.0,48.0,2020.0,115.76190476190476,17.078095238095237,82.92476190476191,47.59952380952381,22.38095238095238,2.0223809523809524,64.98380952380953,10.611904761904762,40.744175,-73.937004,11101.0,11101.0,common_core_algebra,5169.199151020408,371650.6498179358,4.275236526206461,2.052321165722247,2500.0,125000.0,3.9318256327243257,1.6487212707001282
61.56,3.0,35.0,11.0,49.0,15.0,6.6,3.7,42.85714286,20.0,10.4,5.3,57.14285714,17.0,48.57142857,2019.7058823529408,113.17647058823528,46.94117647058823,53.06235294117647,13.574705882352944,4.919411764705882,25.46470588235294,66.87764705882353,2.739411764705882,40.839775,-73.839583,10461.0,10461.0,common_core_algebra,3789.6336,233289.84441600004,4.120012308970678,1.8507667265228478,1225.0,42875.0,3.58351893845611,1.4190675485932571
60.35333333333333,2.0,22.0,6.0,30.0,6.0,12.9,5.5,27.27272727,16.0,9.2,5.4,72.72727273,7.0,31.81818182,2019.8333333333333,90.88888888888889,63.17388888888888,36.82611111111111,9.793888888888889,12.80888888888889,45.81555555555556,41.00888888888889,0.3677777777777777,40.67002,-73.874537,11208.0,11208.0,common_core_english,3642.524844444444,219838.51611170368,4.100216179379185,1.8285683409636586,484.0,10648.0,3.1354942159291497,1.2460767305873808
66.045,3.0,37.0,8.0,48.0,20.0,17.7,13.3,54.05405405,17.0,14.1,8.9,45.94594595,28.0,75.67567568,2019.8333333333333,134.38888888888889,30.055,69.945,31.481666666666666,35.86277777777778,10.495555555555557,44.267222222222216,9.373333333333331,40.72528,-73.811408,11366.0,11366.0,living_environment,4361.942025,288084.461041125,4.190336327875827,1.9356631868796241,1369.0,50653.0,3.6375861597263857,1.4477346146633245
77.25399999999999,4.0,47.0,7.0,58.0,24.0,8.9,5.6,51.06382979,23.0,10.3,6.8,48.93617021,28.0,59.57446809,2019.8235294117649,143.7058823529412,31.77588235294118,68.22764705882354,27.423529411764704,19.29470588235294,25.93,54.77352941176471,0.0,40.70927,-74.012328,10006.0,10006.0,common_core_english,5968.1805159999985,461065.81758306385,4.347098694372595,2.1652590329459622,2209.0,103823.0,3.871201010907891,1.5999941932173602
75.658,3.0,67.0,16.0,86.0,32.0,12.8,7.6,47.76119403,35.0,9.5,5.5,52.23880597,33.0,49.25373134,2019.8235294117649,201.94117647058823,15.560588235294116,84.44235294117647,48.87647058823529,32.96,11.518235294117646,41.853529411764704,13.67,40.689177,-73.841475,11416.0,11416.0,living_environment,5724.132964,433076.451790312,4.326223184808445,2.1309758066461164,4489.0,300763.0,4.219507705176107,1.9542373206359396
75.54166666666667,3.0,58.0,18.0,79.0,18.0,9.0,6.6,31.03448276,40.0,8.8,6.2,68.96551724,23.0,39.65517241,2019.8947368421047,106.42105263157896,42.04947368421053,57.95157894736842,20.019473684210528,0.8084210526315789,13.826315789473684,85.36473684210527,0.0,40.832508,-73.878191,10472.0,10472.0,common_core_english,5706.543402777778,431081.7995515047,4.3246843804069055,2.1284982128708503,3364.0,195112.0,4.07753744390572,1.7860384307500734
65.855,7.0,97.0,24.0,128.0,37.0,8.1,7.900000000000001,38.1443299,60.0,7.699999999999999,6.5,61.8556701,55.0,56.70103093,2019.8333333333333,274.6666666666667,36.797222222222224,63.20388888888889,26.16722222222222,17.530555555555555,5.143888888888889,59.31944444444444,18.007777777777775,40.636721,-74.023419,11220.0,11220.0,living_environment,4336.881025000001,285605.299901375,4.18745535545101,1.9319889184848704,9409.0,912673.0,4.584967478670572,2.6379444593541526
69.0,4.0,75.0,16.0,95.0,34.0,8.5,4.9,45.33333333,41.0,5.3,3.7000000000000006,54.66666667,52.0,69.33333333,2019.8333333333333,220.0,24.20611111111111,75.79444444444444,34.55611111111111,15.864444444444445,0.9116666666666666,61.14722222222223,22.077222222222225,40.729104,-73.887909,11378.0,11378.0,common_core_algebra,4761.0,328509.0,4.23410650459726,1.9937155332430823,5625.0,421875.0,4.330733340286331,2.117000016612675
63.32666666666668,2.0,19.0,4.0,25.0,7.0,11.3,4.2,36.84210526,12.0,7.199999999999999,4.8,63.15789474,6.0,31.57894737,2019.8333333333333,100.55555555555556,45.961666666666666,54.03833333333333,15.71888888888889,2.557777777777778,91.04944444444445,6.392777777777777,0.0,40.66903,-73.757744,11413.0,11413.0,common_core_algebra,4010.266711111113,253956.82325896315,4.148306514793927,1.883754136169672,361.0,6859.0,2.995732273553991,1.2092495976572515
62.25833333333333,3.0,22.0,8.0,33.0,8.0,10.6,7.800000000000001,36.36363636,14.0,12.9,8.3,63.63636364,8.0,36.36363636,2019.8333333333333,111.38888888888889,46.36944444444444,53.63111111111111,16.205555555555556,0.0,33.29222222222222,66.70777777777778,0.0,40.815712,-73.92996,10451.0,10451.0,living_environment,3876.100069444444,241319.5301568287,4.131292395193755,1.8637364808473509,484.0,10648.0,3.1354942159291497,1.2460767305873808
69.15666666666667,3.0,30.0,10.0,43.0,14.0,9.3,4.7,46.66666667,16.0,6.9,4.0,53.33333333,11.0,36.66666667,2019.8333333333333,98.11111111111111,44.56388888888889,55.44055555555556,14.803888888888888,5.525555555555556,82.56777777777778,8.008333333333333,3.8966666666666665,40.634451,-73.916927,11236.0,11236.0,common_core_english,4782.644544444444,330751.7545452963,4.236374462236938,1.9968414689220755,900.0,27000.0,3.4339872044851463,1.3498588075760032
63.41166666666667,3.0,38.0,9.0,50.0,19.0,7.699999999999999,4.8,50.0,19.0,5.5,3.7000000000000006,50.0,21.0,55.26315789,2019.8333333333333,91.38888888888889,45.46,54.54111111111112,15.122777777777776,14.37,36.17944444444444,12.670555555555556,36.778333333333336,40.593157,-73.936635,11235.0,11235.0,common_core_algebra,4021.039469444445,254980.81448992132,4.149647861338557,1.8853560078844485,1444.0,54872.0,3.6635616461296463,1.4622845894342245
68.18833333333333,8.0,83.0,26.0,117.0,45.0,12.8,7.0,54.21686747,38.0,11.2,6.9,45.78313253,26.0,31.3253012,2019.8333333333333,236.83333333333331,30.008888888888887,69.99111111111111,30.51944444444445,3.7466666666666666,29.381666666666668,66.06666666666666,0.8033333333333332,40.8185,-73.949929,10031.0,10031.0,living_environment,4649.648802777778,317051.80244674534,4.2222734847223995,1.9775987047754546,6889.0,571787.0,4.430816798843313,2.2933187402641826
94.354,3.0,28.0,7.0,38.0,13.0,9.0,6.0,46.42857143,15.0,11.4,6.1,53.57142857,15.0,53.57142857,2019.8125,68.25,0.0,100.0,98.17375,95.165,1.2525,1.0575,2.525625,40.700884,-73.798364,11433.0,11433.0,common_core_english,8902.677316,840003.215473864,4.547053666252415,2.569059811826082,784.0,21952.0,3.367295829986474,1.3231298123374369
62.06,4.0,25.0,10.0,39.0,11.0,10.6,7.400000000000001,44.0,14.0,12.5,5.2,56.0,9.0,36.0,2019.8333333333333,95.66666666666669,41.95166666666667,58.04833333333334,19.848333333333333,1.3883333333333334,17.641666666666666,79.205,1.765,40.827455,-73.90392,10456.0,10456.0,common_core_english,3851.4436,239020.58981600002,4.128101659020234,1.860043733345429,625.0,15625.0,3.258096538021482,1.2840254166877414
61.18,3.0,53.0,16.0,72.0,15.0,11.7,7.900000000000001,28.30188679,38.0,11.8,7.599999999999999,71.69811321,6.0,11.32075472,2019.888888888889,105.66666666666669,43.31111111111111,56.69277777777778,16.109444444444446,1.5233333333333332,72.60833333333333,25.86888888888889,0.0,40.673766,-73.895976,11207.0,11207.0,living_environment,3742.9924,228996.275032,4.113820338722757,1.843747158588015,2809.0,148877.0,3.9889840465642745,1.6989323086185506
60.615,2.0,17.0,7.0,26.0,6.0,15.199999999999998,5.8,35.29411765,11.0,16.0,7.800000000000001,64.70588235,6.0,35.29411765,2019.8333333333333,59.22222222222222,58.51111111111111,41.49,10.062777777777775,9.381111111111112,34.123333333333335,46.62111111111111,9.873888888888889,40.815043,-73.85607,10473.0,10473.0,common_core_english,3674.178225,222710.31310837503,4.1045423871985465,1.8333593603058327,289.0,4913.0,2.8903717578961645,1.1853048513203654
77.69666666666667,1.0,23.0,7.0,31.0,7.0,17.8,9.5,30.43478261,16.0,13.5,5.9,69.56521739,15.0,46.66666667,2019.8333333333333,55.27777777777778,4.893888888888889,95.10611111111112,60.29444444444445,1.4127777777777777,88.125,9.387222222222222,1.0750000000000002,40.685486,-73.953692,11216.0,11216.0,common_core_algebra,6036.772011111112,469037.0626899631,4.352812356410468,2.174865158804069,529.0,12167.0,3.1780538303479458,1.2586000099294778
53.35666666666666,3.0,30.0,11.0,44.0,13.0,12.1,6.4,43.33333333,17.0,7.900000000000001,4.5,56.66666667,10.0,33.33333333,2019.8333333333333,95.77777777777776,64.45055555555555,35.54944444444445,8.23388888888889,0.0,22.014444444444443,77.98555555555555,0.0,40.839307,-73.911366,10457.0,10457.0,living_environment,2846.933877777777,151902.9019386296,3.9769989308904963,1.7050026528647368,900.0,27000.0,3.4339872044851463,1.3498588075760032
64.50428571428571,2.0,33.0,5.0,40.0,11.0,4.1,2.1,33.33333333,22.0,3.2,2.4,66.66666667,12.0,36.36363636,2020.0,120.85714285714286,57.04190476190477,42.95809523809524,10.87142857142857,0.6161904761904762,22.625238095238096,76.58333333333333,0.1752380952380952,40.859466,-73.888625,10458.0,10458.0,common_core_english,4160.802875510204,268389.61748273176,4.166731666777068,1.9060687161807413,1089.0,35937.0,3.5263605246161616,1.3909681284637803
67.13666666666667,4.0,47.0,7.0,58.0,24.0,8.9,5.6,51.06382979,23.0,10.3,6.8,48.93617021,28.0,59.57446809,2019.8235294117649,143.7058823529412,31.77588235294118,68.22764705882354,27.423529411764704,19.29470588235294,25.93,54.77352941176471,0.0,40.70927,-74.012328,10006.0,10006.0,living_environment,4507.332011111112,302607.246785963,4.20673034281668,1.9569099375130201,2209.0,103823.0,3.871201010907891,1.5999941932173602
94.956,3.0,27.0,3.0,33.0,12.0,17.9,10.3,44.44444444,15.0,16.5,7.7,55.55555556,15.0,55.55555556,2019.6666666666667,71.73333333333333,0.0,100.0,96.96733333333331,21.82133333333333,3.296,16.274,58.60933333333333,40.874725,-73.895543,10458.0,10458.0,common_core_english,9016.641936,856184.2516748161,4.553413626415057,2.5845721973257363,729.0,19683.0,3.332204510175204,1.3099644507332473
63.971428571428575,4.0,38.0,9.0,51.0,18.0,12.5,6.7,47.36842105,20.0,10.9,7.0,52.63157895,15.0,46.66666667,2019.7222222222224,143.16666666666666,37.22222222222222,62.77777777777778,16.58888888888889,0.0,0.0,100.0,0.0,40.8381,-73.9383,10032.0,10032.0,common_core_algebra,4092.3436734693882,261793.0709970846,4.158436555109342,1.8959391050251613,1444.0,54872.0,3.6635616461296463,1.4622845894342245
62.15571428571428,3.0,38.0,10.0,51.0,17.0,5.2,3.3999999999999995,44.73684211,21.0,10.4,7.700000000000001,55.26315789,15.0,39.47368421,2020.0,119.33333333333331,40.71952380952381,59.28380952380952,17.793333333333333,0.0,22.80190476190476,77.19809523809525,0.0,40.827455,-73.90392,10456.0,10456.0,living_environment,3863.3328183673466,240128.2108490641,4.129642757184955,1.8618249132045819,1444.0,54872.0,3.6635616461296463,1.4622845894342245
65.102,1.0,26.0,7.0,34.0,14.0,9.1,3.4,53.84615385,12.0,6.8,4.4,46.15384615,16.0,61.53846154,2019.8125,66.9375,41.24875,58.75125,20.46125,4.335625,32.955,62.708125,0.0,40.717329,-73.989329,10002.0,10002.0,living_environment,4238.270404000001,275919.87984120805,4.17595527070882,1.9174956774627139,676.0,17576.0,3.295836866004329,1.2969300866657718
73.155,4.0,55.0,15.0,74.0,19.0,9.5,7.7,34.54545455,36.0,8.7,6.5,65.45454545,19.0,34.54545455,2019.5625,117.75,45.993125,54.00875,17.826875,0.1725,16.178125,83.649375,0.0,40.859466,-73.888625,10458.0,10458.0,common_core_english,5351.654025,391500.25019887503,4.292580477830126,2.078299476594987,3025.0,166375.0,4.02535169073515,1.7332530178673953
71.095,3.0,39.0,10.0,52.0,13.0,5.7,3.8,33.33333333,26.0,6.8,3.5,66.66666667,21.0,53.84615385,2019.9473684210527,111.21052631578948,27.66526315789473,72.33842105263159,32.84105263157895,17.85421052631579,2.2321052631578944,69.75157894736842,10.160526315789474,40.756471,-73.932628,11106.0,11106.0,living_environment,5054.499025,359349.60818237497,4.264017010848338,2.0359244684717384,1521.0,59319.0,3.6888794541139363,1.4769807938826427
66.82000000000001,15.0,224.0,71.0,310.0,94.0,13.5,11.8,41.96428571,130.0,12.5,10.3,58.03571429,159.0,70.98214286,2019.8947368421047,903.0,30.27578947368421,69.7257894736842,36.28736842105263,28.38684210526316,3.008421052631579,34.57526315789473,34.02789473684211,40.626827,-74.038103,11209.0,11209.0,living_environment,4464.912400000001,298345.4465680001,4.202002436928611,1.9507228574245903,50176.0,11239424.0,5.41610040220442,9.393331287442784
65.39,4.0,65.0,9.0,78.0,30.0,7.199999999999999,6.0,46.15384615,35.0,4.8,3.9,53.84615385,22.0,33.84615385,2019.888888888889,87.38888888888889,43.46333333333334,56.53666666666666,17.50277777777778,0.0,15.95611111111111,84.04388888888889,0.0,40.839508,-73.901774,10457.0,10457.0,living_environment,4275.8521,279597.968819,4.180369341573185,1.9230260248915283,4225.0,274625.0,4.189654742026425,1.9155408290138962
56.988,3.0,55.0,22.0,80.0,20.0,5.5,3.8,36.36363636,35.0,7.8,3.7,63.63636364,10.0,18.18181818,2019.6666666666667,123.2,55.68733333333333,44.314,14.251333333333331,0.49,8.245333333333333,91.26533333333332,0.0,40.792556,-73.942285,10029.0,10029.0,living_environment,3247.632144,185076.060622272,4.042840719354985,1.7680548721185765,3025.0,166375.0,4.02535169073515,1.7332530178673953
65.13666666666667,10.0,171.0,52.0,233.0,65.0,10.4,8.1,38.01169591,106.0,9.8,6.8,61.98830409,85.0,49.70760234,2019.95,592.5,38.4205,61.5795,21.3125,40.5635,25.1915,31.7985,2.4465,40.680065,-73.838616,11417.0,11417.0,common_core_algebra,4242.7853444444445,276360.89471929637,4.176487626703742,1.9181605245310678,29241.0,5000211.0,5.147494476813453,5.528961477624004
60.281666666666666,2.0,20.0,6.0,28.0,9.0,11.5,5.3,45.0,11.0,12.1,8.7,55.0,7.0,35.0,2019.8333333333333,99.33333333333331,41.90166666666667,58.09833333333333,18.817777777777778,6.918888888888889,24.76,68.32277777777777,0.0,40.708971,-74.012465,10006.0,10006.0,common_core_algebra,3633.879336111111,219056.30284633796,4.099028022126352,1.8272583364603177,400.0,8000.0,3.044522437723423,1.2214027581601699
61.80166666666667,9.0,130.0,34.0,173.0,59.0,11.4,9.1,45.38461538,71.0,10.6,8.6,54.61538462,70.0,53.84615385,2019.8333333333333,511.8333333333333,42.565,57.435,16.691666666666666,2.993888888888889,52.215555555555554,41.79388888888889,2.9944444444444445,40.874035,-73.831669,10475.0,10475.0,living_environment,3819.446002777778,236048.12871500466,4.123930332816285,1.8552448216307569,16900.0,2197000.0,4.875197323201151,3.6692966676192444
67.54333333333334,4.0,56.0,17.0,77.0,30.0,13.3,9.8,53.57142857,26.0,14.300000000000002,9.1,46.42857143,23.0,41.07142857,2019.8333333333333,209.72222222222223,35.93666666666667,64.0638888888889,24.48,18.535555555555558,10.024444444444445,68.00722222222223,3.4322222222222223,40.748502,-73.946488,11101.0,11101.0,living_environment,4562.101877777778,308139.5678313704,4.212769367209128,1.9648842413536132,3136.0,175616.0,4.04305126783455,1.7506725002961012
61.13833333333333,3.0,10.0,5.0,18.0,14.0,11.0,6.8,40.477524155,20.0,9.95,6.049999999999999,59.522475845,5.0,50.0,2019.2857142857144,41.85714285714285,59.87428571428571,40.12571428571429,7.359999999999999,0.0,13.30714285714286,86.69285714285715,0.0,40.695875,-73.915217,11221.0,11221.0,common_core_english,3737.895802777777,228528.7195554953,4.11313905625033,1.8429790906305399,100.0,1000.0,2.3978952727983707,1.1051709180756477
56.82666666666666,3.0,23.0,6.0,32.0,9.0,14.2,6.8,39.13043478,14.0,12.7,7.599999999999999,60.86956522,16.0,69.56521739,2019.8333333333333,65.05555555555556,55.01833333333334,44.985,12.695,0.0,54.05111111111111,39.99388888888889,5.955,40.586012,-73.825317,11694.0,11694.0,common_core_algebra,3229.270044444444,183508.65239229624,4.0400056991222515,1.7652047100072057,529.0,12167.0,3.1780538303479458,1.2586000099294778
74.022,3.0,37.0,7.0,47.0,14.0,5.7,2.1,37.83783784,23.0,5.7,3.4,62.16216216000001,13.0,35.13513514,2019.7058823529408,109.23529411764706,46.73294117647059,53.27294117647059,14.937058823529412,0.9076470588235294,68.7464705882353,30.166470588235292,0.1794117647058823,40.669255,-73.97858,11215.0,11215.0,common_core_english,5479.2564840000005,405585.52345864807,4.304362346317383,2.0963966710329127,1369.0,50653.0,3.6375861597263857,1.4477346146633245
59.61166666666667,3.0,39.0,10.0,52.0,16.0,8.1,4.3,41.02564103,23.0,10.6,4.3,58.97435897,17.0,43.58974359,2019.8333333333333,101.83333333333331,45.11555555555556,54.888333333333335,17.148333333333333,3.2016666666666667,25.933333333333334,70.665,0.2005555555555555,40.855392,-73.882487,10458.0,10458.0,common_core_algebra,3553.5508027777782,211833.0859382547,4.087851304355598,1.815056626977329,1521.0,59319.0,3.6888794541139363,1.4769807938826427
56.87166666666667,3.0,19.0,6.0,28.0,9.0,8.2,6.5,47.36842105,10.0,13.4,4.1,52.63157895,10.0,52.63157895,2019.8333333333333,90.0,57.06277777777778,42.93722222222223,10.049444444444443,0.0,87.47166666666666,12.528333333333332,0.0,40.669805,-73.960689,11225.0,11225.0,living_environment,3234.3864694444446,183944.94916142133,4.0407972674949875,1.765999230880498,361.0,6859.0,2.995732273553991,1.2092495976572515
62.91333333333333,3.0,30.0,11.0,44.0,13.0,9.7,7.5,43.33333333,17.0,5.9,3.6,56.66666667,12.0,40.0,2019.7058823529408,124.29411764705884,48.28058823529412,51.72117647058823,12.284705882352942,0.1958823529411764,27.642352941176476,70.43411764705883,1.7276470588235295,40.709765,-73.944463,11206.0,11206.0,living_environment,3958.0875111111104,249016.47894903697,4.141758117925077,1.8759840217057333,900.0,27000.0,3.4339872044851463,1.3498588075760032
72.705,1.0,5.0,2.0,8.0,14.0,11.0,6.8,40.477524155,20.0,9.95,6.049999999999999,59.522475845,15.0,46.66666667,2019.8235294117649,95.82352941176472,18.94764705882353,81.05764705882353,50.19117647058823,39.980588235294114,49.05117647058824,10.348823529411764,0.6188235294117647,40.708409,-73.804166,11432.0,11432.0,common_core_algebra,5286.017025,384319.867802625,4.286410157965449,2.0689681402038143,25.0,125.0,1.791759469228055,1.0512710963760241
61.6,3.0,30.0,5.0,38.0,11.0,12.2,7.5,36.66666667,19.0,12.8,7.3,63.33333333,14.0,46.66666667,2019.8235294117649,108.82352941176472,44.04352941176471,55.95647058823529,15.684117647058825,0.0,85.05,13.717647058823529,1.2329411764705882,40.640543,-73.898601,11236.0,11236.0,common_core_algebra,3794.5600000000004,233744.896,4.120661870539474,1.8515071812945383,900.0,27000.0,3.4339872044851463,1.3498588075760032
55.928333333333335,3.0,28.0,10.0,41.0,7.0,6.6,5.7,25.0,21.0,9.2,6.7,75.0,15.0,46.66666667,2019.8333333333333,125.33333333333331,64.63555555555556,35.364444444444445,6.507222222222223,0.0,24.494444444444444,75.36611111111111,0.1394444444444444,40.84325,-73.902969,10457.0,10457.0,living_environment,3127.9784694444447,174942.6224985787,4.024071109235789,1.7494183011459319,784.0,21952.0,3.367295829986474,1.3231298123374369
69.67714285714285,8.0,90.0,41.0,139.0,39.0,12.7,8.4,43.33333333,51.0,11.3,7.3,56.66666667,34.0,37.77777778,2019.95,262.2,46.3805,53.6245,16.8655,0.1755,93.429,5.899,0.496,40.669805,-73.960689,11225.0,11225.0,common_core_english,4854.904236734694,338275.8560607113,4.243872327931222,2.007261647079379,8100.0,729000.0,4.51085950651685,2.45960311115695
61.330000000000005,9.0,101.0,33.0,143.0,43.0,15.6,14.4,42.57425743,58.0,12.8,11.2,57.42574257,56.0,55.44554455,2019.8333333333333,394.27777777777777,44.63666666666667,55.36333333333333,19.74055555555556,9.090555555555556,3.9505555555555554,70.44777777777777,16.510555555555555,40.711881,-73.909202,11385.0,11385.0,living_environment,3761.368900000001,230684.75463700006,4.116269119637892,1.8465148545789474,10201.0,1030301.0,4.624972813284271,2.7456010150169163
60.36333333333334,3.0,22.0,8.0,33.0,8.0,17.3,6.8,36.36363636,14.0,8.0,3.1,63.63636363999999,8.0,36.36363636,2019.7058823529408,94.94117647058825,52.24941176470588,47.75058823529412,10.493529411764705,0.0,93.60941176470588,6.125294117647059,0.2652941176470588,40.647728,-73.922212,11203.0,11203.0,living_environment,3643.7320111111117,219947.80996403706,4.100381856585141,1.8287512069409013,484.0,10648.0,3.1354942159291497,1.2460767305873808
54.10333333333333,1.0,31.0,10.0,42.0,18.0,12.5,6.0,58.06451613,13.0,13.5,5.7,41.93548387,8.0,25.80645161,2019.8333333333333,125.22222222222224,61.49666666666667,38.50555555555556,10.887222222222222,3.848888888888889,30.960555555555555,65.19111111111111,0.0,40.821218,-73.85593,10473.0,10473.0,common_core_algebra,2927.1706777777777,158369.69090337036,3.9908957982488693,1.7177809857484265,961.0,29791.0,3.4657359027997265,1.3634251141321778
68.16166666666668,12.0,107.0,29.0,148.0,40.0,14.1,11.6,37.38317757,67.0,11.9,10.2,62.61682242999999,45.0,42.05607477,2019.8333333333333,477.94444444444446,42.97833333333333,57.02388888888889,19.078333333333333,26.04888888888889,5.61,63.075,5.265555555555555,40.740824,-73.874129,11373.0,11373.0,common_core_english,4646.012802777779,316679.97599200474,4.221882334491279,1.9770714154292188,11449.0,1225043.0,4.68213122712422,2.915379499976997
62.76333333333333,3.0,18.0,8.0,29.0,8.0,14.9,4.8,44.44444444,10.0,7.400000000000001,1.7,55.55555556,10.0,55.55555556,2019.8333333333333,97.72222222222224,48.25277777777778,51.74722222222223,14.879444444444443,2.728333333333333,25.632777777777772,71.47222222222223,0.1683333333333333,40.743407,-74.00254,10011.0,10011.0,living_environment,3939.2360111111107,247239.58284403698,4.139371038840228,1.8731721551003535,324.0,5832.0,2.9444389791664403,1.1972173631218102
58.821666666666665,4.0,32.0,12.0,48.0,14.0,10.2,4.2,43.75,18.0,10.5,3.1,56.25,9.0,28.125,2019.8333333333333,133.55555555555554,53.16111111111111,46.840555555555554,10.127222222222224,2.723888888888889,30.016666666666666,67.25888888888889,0.0,40.821218,-73.85593,10473.0,10473.0,living_environment,3459.9884694444445,203522.28842017127,4.074510267757855,1.8007741696114064,1024.0,32768.0,3.4965075614664802,1.3771277643359572
76.64,3.0,36.0,8.0,47.0,14.0,14.300000000000002,8.5,38.88888889,22.0,10.9,7.599999999999999,61.11111111,13.0,36.11111111,2019.8333333333333,108.11111111111111,30.307777777777776,69.69222222222223,24.863333333333333,0.927222222222222,92.92833333333334,6.143888888888889,0.0,40.66903,-73.757744,11413.0,11413.0,common_core_english,5873.6896,450159.57094400004,4.339119133662605,2.1520050737773753,1296.0,46656.0,3.6109179126442243,1.4333294145603401
59.96400000000001,1.0,17.0,4.0,22.0,6.0,14.3,5.8,35.29411765,11.0,12.0,4.2,64.70588235,15.0,46.66666667,2019.6666666666667,61.8,55.76866666666667,44.23133333333333,11.141333333333334,0.0,95.61533333333334,4.384666666666666,0.0,40.678478,-73.93160400000001,11213.0,11213.0,common_core_algebra,3595.6812960000016,215611.43323334414,4.093744382150068,1.8214629556814994,289.0,4913.0,2.8903717578961645,1.1853048513203654
62.51499999999999,2.0,17.0,10.0,29.0,6.0,12.9,6.8,35.29411765,11.0,11.6,8.4,64.70588235,8.0,47.05882353,2019.8333333333333,64.5,53.26777777777777,46.73222222222223,9.76,0.0,92.48388888888888,6.9816666666666665,0.5344444444444444,40.634451,-73.916927,11236.0,11236.0,common_core_english,3908.1252249999993,244316.44844087493,4.135406527946963,1.8685262153446551,289.0,4913.0,2.8903717578961645,1.1853048513203654
62.13199999999999,2.0,18.0,7.0,27.0,7.0,15.3,9.2,38.88888889,11.0,18.3,7.8,61.11111111,8.0,44.44444444,2019.8235294117649,76.6470588235294,62.07058823529412,37.93176470588236,9.343529411764706,3.044705882352941,42.771764705882354,54.18352941176471,0.0,40.875172,-73.861649,10467.0,10467.0,common_core_english,3860.3854239999987,239853.4671639679,4.12926115412566,1.8613834470725035,324.0,5832.0,2.9444389791664403,1.1972173631218102
61.05833333333334,3.0,26.0,11.0,40.0,11.0,10.3,9.1,42.30769231,15.0,6.8,6.0,57.69230768999999,14.0,53.84615385,2019.8333333333333,108.61111111111111,49.333888888888886,50.66611111111112,12.270555555555555,0.9688888888888888,67.13277777777779,31.375,0.5227777777777778,40.888242,-73.852714,10466.0,10466.0,common_core_algebra,3728.120069444445,227632.79790682875,4.111829691377918,1.8415052969541084,676.0,17576.0,3.295836866004329,1.2969300866657718
55.115,3.0,25.0,6.0,34.0,10.0,16.0,8.8,40.0,15.0,11.5,5.1,60.0,13.0,52.0,2019.8333333333333,97.27777777777776,67.39777777777778,32.602222222222224,6.233888888888889,0.0,49.2,50.8,0.0,40.601537,-73.763995,11691.0,11691.0,common_core_english,3037.6632250000002,167420.80864587502,4.009421911415279,1.7352474053909708,625.0,15625.0,3.258096538021482,1.2840254166877414
66.59666666666668,2.0,16.0,7.0,25.0,5.0,14.8,6.8,31.25,11.0,15.3,6.1,68.75,15.0,46.66666667,2019.6470588235293,82.88235294117646,55.53470588235295,44.465294117647055,9.88764705882353,0.0,91.30529411764708,5.815294117647059,2.88,40.634451,-73.916927,11236.0,11236.0,common_core_english,4435.116011111113,295363.94261996314,4.1986545262437485,1.946371104309452,256.0,4096.0,2.833213344056216,1.1735108709918103
61.04666666666666,4.0,64.0,18.0,86.0,32.0,15.1,9.8,50.0,32.0,13.6,8.2,50.0,14.0,21.875,2019.8333333333333,208.22222222222223,48.12444444444444,51.87555555555556,17.34111111111111,0.1194444444444444,71.335,27.26888888888889,1.277222222222222,40.823988,-73.935746,10039.0,10039.0,living_environment,3726.69551111111,227502.33863496289,4.111638599011476,1.841290467201443,4096.0,262144.0,4.174387269895637,1.8964808793049515
74.782,3.0,45.0,17.0,65.0,17.0,12.0,9.0,37.77777778,28.0,11.1,7.3,62.22222221999999,30.0,66.66666667,2019.8235294117649,96.3529411764706,21.23588235294117,78.76411764705882,40.215294117647055,13.42411764705882,2.031764705882353,41.77411764705882,42.77058823529412,40.764884,-73.789365,11358.0,11358.0,living_environment,5592.347524,418206.93253976793,4.314577214310339,2.1123899833384545,2025.0,91125.0,3.828641396489095,1.568312185490169
69.75,2.0,33.0,7.0,42.0,10.0,12.0,7.7,30.3030303,23.0,9.5,5.1,69.6969697,8.0,24.24242424,2019.7142857142856,122.07142857142856,27.742857142857144,72.25714285714285,30.61428571428572,0.0,0.0,100.0,0.0,40.765474,-73.9927,10019.0,10019.0,common_core_algebra,4865.0625,339338.109375,4.244917420701475,2.0087246134381394,1089.0,35937.0,3.5263605246161616,1.3909681284637803
56.281666666666666,2.0,18.0,7.0,27.0,7.0,15.3,9.2,38.88888889,11.0,18.3,7.8,61.11111111,8.0,44.44444444,2019.8235294117649,76.6470588235294,62.07058823529412,37.93176470588236,9.343529411764706,3.044705882352941,42.771764705882354,54.18352941176471,0.0,40.875172,-73.861649,10467.0,10467.0,living_environment,3167.6260027777776,178279.27081300464,4.030368845643292,1.7556105122741157,324.0,5832.0,2.9444389791664403,1.1972173631218102
56.833333333333336,2.0,18.0,8.0,28.0,5.0,15.199999999999998,12.0,27.77777778,13.0,17.4,11.7,72.22222222,15.0,46.66666667,2019.8333333333333,68.55555555555556,65.46111111111111,34.53833333333333,6.142777777777777,0.0,82.38722222222222,17.612777777777776,0.0,40.665568,-73.912102,11212.0,11212.0,living_environment,3230.027777777778,183573.2453703704,4.0401230080554615,1.7653223942439706,324.0,5832.0,2.9444389791664403,1.1972173631218102
64.69142857142857,3.0,22.0,5.0,30.0,7.0,14.0,13.5,31.81818182,15.0,10.1,9.7,68.18181818,14.0,63.63636364,2020.0,122.71428571428572,49.69285714285714,50.31380952380952,15.195238095238096,7.224285714285715,12.394285714285711,74.1152380952381,6.266666666666667,40.888242,-73.852714,10466.0,10466.0,common_core_algebra,4184.980930612245,270732.39494549274,4.169628713154595,1.9096391274781273,484.0,10648.0,3.1354942159291497,1.2460767305873808
66.495,2.0,14.0,2.0,18.0,7.0,12.8,6.1,50.0,7.0,13.1,8.0,50.0,7.0,50.0,2019.2857142857144,26.071428571428573,43.61928571428571,56.38071428571429,11.832142857142856,0.0,21.844285714285714,78.1557142857143,0.0,40.820486,-73.881187,10473.0,10473.0,common_core_english,4421.585025,294013.29623737506,4.197126756865127,1.9443932992413369,196.0,2744.0,2.70805020110221,1.1502737988572274
81.34666666666666,3.0,35.0,8.0,46.0,19.0,10.1,6.4,54.28571429,16.0,13.4,10.0,45.71428571,23.0,65.71428571,2019.8125,75.0,10.54375,89.4625,50.5725,1.95625,27.96875,70.075,0.0,40.790191,-73.944092,10029.0,10029.0,common_core_english,6617.280177777778,538293.6848616296,4.398719857615542,2.255714257415063,1225.0,42875.0,3.58351893845611,1.4190675485932571
55.75833333333333,4.0,36.0,14.0,54.0,20.0,6.4,3.6,55.55555556,16.0,7.8,3.9,44.44444444,12.0,33.33333333,2019.95,95.75,53.2485,46.7525,10.9215,0.0,87.8475,12.1525,0.0,40.674456,-73.912685,11233.0,11233.0,living_environment,3108.991736111111,173352.19755266202,4.021026876000771,1.7464468165115556,1296.0,46656.0,3.6109179126442243,1.4333294145603401
70.06,10.0,171.0,52.0,233.0,65.0,10.4,8.1,38.01169591,106.0,9.8,6.8,61.98830409,85.0,49.70760234,2019.95,592.5,38.4205,61.5795,21.3125,40.5635,25.1915,31.7985,2.4465,40.680065,-73.838616,11417.0,11417.0,common_core_english,4908.403600000001,343882.756216,4.249352017769341,2.0149613216429523,29241.0,5000211.0,5.147494476813453,5.528961477624004
60.93166666666667,4.0,30.0,12.0,46.0,13.0,17.1,7.8,43.33333333,17.0,9.9,6.3,56.66666667,14.0,46.66666667,2019.5,86.1875,41.764375,58.235625,22.43625,0.8262499999999999,85.62,13.55375,0.0,40.658671,-73.943839,11203.0,11203.0,common_core_algebra,3712.6680027777784,226219.0491892547,4.109753017680266,1.8391742002508882,900.0,27000.0,3.4339872044851463,1.3498588075760032
61.21833333333333,3.0,25.0,11.0,39.0,11.0,15.199999999999998,10.4,44.0,14.0,15.1,8.8,56.0,9.0,36.0,2019.8333333333333,106.16666666666669,39.65777777777778,60.34722222222222,19.65055555555556,1.2505555555555554,20.88055555555556,77.86888888888888,0.0,40.859466,-73.888625,10458.0,10458.0,common_core_algebra,3747.6843361111105,229426.98891616196,4.114446708928016,1.8444540638136524,625.0,15625.0,3.258096538021482,1.2840254166877414
48.425,2.0,23.0,6.0,31.0,10.0,7.6,4.7,43.47826087,13.0,4.3,2.8999999999999995,56.52173913,15.0,46.66666667,2020.4615384615383,105.3846153846154,84.14769230769231,15.852307692307692,0.8938461538461537,0.0,0.5015384615384615,99.49846153846154,0.0,40.69300199999999,-73.869305,11208.0,11208.0,living_environment,2344.9806249999997,113555.68676562498,3.8800162092930597,1.6229573342726389,529.0,12167.0,3.1780538303479458,1.2586000099294778
59.51166666666666,3.0,30.0,8.0,41.0,12.0,4.6,2.7,40.0,18.0,3.9,2.8,60.0,8.0,26.66666667,2019.8333333333333,135.0,50.16333333333333,49.836666666666666,8.421111111111111,10.581666666666669,5.307777777777777,82.04,2.0694444444444446,40.821218,-73.85593,10473.0,10473.0,living_environment,3541.638469444444,210768.80804742125,4.0861723717620935,1.8132424775762312,900.0,27000.0,3.4339872044851463,1.3498588075760032
60.385,3.0,26.0,7.0,36.0,9.0,9.3,6.5,34.61538462,17.0,8.6,5.3,65.38461538,15.0,46.66666667,2019.8333333333333,107.22222222222224,53.33888888888889,46.66611111111112,11.366666666666667,0.8738888888888889,42.68222222222222,56.44388888888889,0.0,40.875172,-73.861649,10467.0,10467.0,living_environment,3646.3482249999997,220184.73756662497,4.100740729727338,1.8291474792970268,676.0,17576.0,3.295836866004329,1.2969300866657718
66.605,3.0,35.0,11.0,49.0,14.0,7.199999999999999,3.9,40.0,21.0,6.2,2.9,60.0,20.0,57.14285714,2019.8333333333333,113.0,49.22277777777778,50.77722222222222,11.957777777777778,0.7905555555555556,30.65833333333333,67.04055555555556,1.511111111111111,40.763655,-73.990318,10019.0,10019.0,common_core_english,4436.226025000001,295474.83439512504,4.198779649803426,1.9465333086598982,1225.0,42875.0,3.58351893845611,1.4190675485932571
60.712,3.0,12.0,7.0,22.0,14.0,11.0,6.8,40.477524155,20.0,9.95,6.049999999999999,59.522475845,7.0,58.33333333,2019.5625,29.5,53.235625,46.764375,12.443125,0.0,24.685625,75.314375,0.0,40.677968,-74.014363,11238.5,11231.0,common_core_algebra,3685.9469440000003,223781.21086412805,4.106141372101612,1.8351385816681844,144.0,1728.0,2.5649493574615367,1.1274968515793757
92.284,10.0,138.0,24.0,172.0,73.0,12.8,9.7,52.89855072,65.0,10.3,8.6,47.10144928,91.0,65.94202899,2019.8125,412.3125,0.0668749999999999,99.933125,97.66125,60.140625,4.7325,10.165625,24.96125,40.879958,-73.889011,10468.0,10468.0,living_environment,8516.336656000001,785921.6119623041,4.524870778703362,2.5164269036965683,19044.0,2628072.0,4.9344739331306915,3.9749016274947477
61.48666666666667,3.0,22.0,8.0,33.0,8.0,10.6,7.800000000000001,36.36363636,14.0,12.9,8.3,63.63636364,8.0,36.36363636,2019.8333333333333,111.38888888888889,46.36944444444444,53.63111111111111,16.205555555555556,0.0,33.29222222222222,66.70777777777778,0.0,40.815712,-73.92996,10451.0,10451.0,common_core_algebra,3780.6101777777785,232457.11779762967,4.1188203491394635,1.8494099951190472,484.0,10648.0,3.1354942159291497,1.2460767305873808
73.03166666666667,8.0,83.0,26.0,117.0,45.0,12.8,7.0,54.21686747,38.0,11.2,6.9,45.78313253,26.0,31.3253012,2019.8333333333333,236.83333333333331,30.008888888888887,69.99111111111111,30.51944444444445,3.7466666666666666,29.381666666666668,66.06666666666666,0.8033333333333332,40.8185,-73.949929,10031.0,10031.0,common_core_english,5333.624336111111,389523.474640088,4.290893137043067,2.0757378205864385,6889.0,571787.0,4.430816798843313,2.2933187402641826
58.76500000000001,3.0,37.0,7.0,47.0,14.0,5.7,2.1,37.83783784,23.0,5.7,3.4,62.16216216000001,13.0,35.13513514,2019.7058823529408,109.23529411764706,46.73294117647059,53.27294117647059,14.937058823529412,0.9076470588235294,68.7464705882353,30.166470588235292,0.1794117647058823,40.669255,-73.97858,11215.0,11215.0,common_core_algebra,3453.325225000001,202934.65684712506,4.073546439584818,1.7997540199849862,1369.0,50653.0,3.6375861597263857,1.4477346146633245
58.35,3.0,41.0,10.0,54.0,19.0,8.4,5.9,46.34146341,22.0,7.2,5.0,53.65853659,20.0,48.7804878,2019.8947368421047,117.63157894736842,52.01315789473684,47.990526315789474,13.891052631578948,1.4210526315789471,30.94105263157895,61.45947368421053,6.18,40.860443,-73.860729,10469.0,10469.0,living_environment,3404.7225000000003,198665.55787500003,4.066459358732565,1.7923005175169953,1681.0,68921.0,3.7376696182833684,1.5068177851128535
56.565,1.0,24.0,4.0,29.0,13.0,17.2,14.2,54.16666667,11.0,16.5,10.4,45.83333333,11.0,45.83333333,2019.5625,64.75,60.043125,39.956875,7.761875,0.0,34.838125,64.263125,0.899375,40.797136,-73.966779,10025.0,10025.0,common_core_english,3199.599225,180985.33016212497,4.03539041937843,1.7605917955444728,576.0,13824.0,3.2188758248682006,1.2712491503214047
62.946666666666665,3.0,36.0,12.0,51.0,15.0,10.7,7.599999999999999,41.66666667,21.0,16.2,7.400000000000001,58.33333333,9.0,25.0,2019.8333333333333,67.72222222222223,50.95222222222222,49.04777777777778,15.346111111111112,2.9866666666666664,24.60944444444445,72.405,0.0,40.821218,-73.85593,10473.0,10473.0,living_environment,3962.2828444444444,249412.4974482963,4.142287807009977,1.876609453945884,1296.0,46656.0,3.6109179126442243,1.4333294145603401
59.64571428571429,4.0,39.0,17.0,60.0,18.0,10.4,4.6,46.15384615,21.0,7.299999999999999,5.5,53.84615385,16.0,41.02564103,2020.0,143.0,60.47761904761904,39.525238095238095,7.676190476190476,0.1314285714285714,27.32190476190476,72.54619047619047,0.0,40.821828,-73.922366,10451.0,10451.0,common_core_algebra,3557.611232653062,212196.26312247236,4.088422298279845,1.8156747157594668,1521.0,59319.0,3.6888794541139363,1.4769807938826427
93.272,11.0,154.0,32.0,197.0,76.0,16.2,11.5,49.35064935,78.0,15.5,11.3,50.64935065,99.0,64.28571429,2019.8823529411768,359.88235294117646,0.0635294117647058,99.9364705882353,98.81411764705882,74.64470588235294,1.3541176470588234,1.6929411764705884,22.30764705882353,40.718025,-74.013921,10282.0,10282.0,living_environment,8699.665984000001,811435.2456596481,4.53551995563099,2.541412426743704,23716.0,3652264.0,5.043425116919247,4.664590270988126
66.53,3.0,41.0,10.0,54.0,19.0,8.4,5.9,46.34146341,22.0,7.2,5.0,53.65853659,20.0,48.7804878,2019.8947368421047,117.63157894736842,52.01315789473684,47.990526315789474,13.891052631578948,1.4210526315789471,30.94105263157895,61.45947368421053,6.18,40.860443,-73.860729,10469.0,10469.0,common_core_english,4426.2409,294477.80707700003,4.197652973753796,1.9450739560040564,1681.0,68921.0,3.7376696182833684,1.5068177851128535
69.86333333333333,3.0,53.0,16.0,72.0,15.0,11.7,7.900000000000001,28.30188679,38.0,11.8,7.599999999999999,71.69811321,6.0,11.32075472,2019.888888888889,105.66666666666669,43.31111111111111,56.69277777777778,16.109444444444446,1.5233333333333332,72.60833333333333,25.86888888888889,0.0,40.673766,-73.895976,11207.0,11207.0,common_core_english,4880.885344444444,340994.91978070367,4.246540952716958,2.0110024585351103,2809.0,148877.0,3.9889840465642745,1.6989323086185506
69.71,13.0,170.0,51.0,234.0,66.0,15.1,12.0,38.82352941,104.0,12.9,10.0,61.17647059,110.0,64.70588235,2019.8333333333333,653.8333333333334,29.42944444444445,70.57333333333332,34.64,37.39166666666667,12.431111111111113,34.54666666666667,15.63,40.771398,-73.781041,11361.0,11361.0,living_environment,4859.484099999999,338754.63661099994,4.244343779498307,2.007921284269309,28900.0,4913000.0,5.14166355650266,5.4739473917272
64.90833333333335,5.0,51.0,20.0,76.0,18.0,15.0,12.8,35.29411765,33.0,9.8,7.3,64.70588235,23.0,45.09803922,2019.8235294117649,127.17647058823528,52.59882352941177,47.40470588235294,10.335294117647058,3.1611764705882357,55.040000000000006,26.81882352941177,14.979411764705883,40.583263,-73.963764,11235.0,11235.0,common_core_english,4213.091736111112,273464.7627714122,4.172976018137903,1.913785721134643,2601.0,132651.0,3.9512437185814275,1.6652911949458864
65.148,3.0,36.0,6.0,45.0,12.0,9.1,6.9,33.33333333,24.0,12.7,6.4,66.66666667,18.0,50.0,2019.7058823529408,124.05882352941175,43.16294117647059,56.83705882352941,15.70705882352941,0.0,29.86764705882353,69.77235294117648,0.3594117647058823,40.821218,-73.85593,10473.0,10473.0,living_environment,4244.261903999999,276505.1745217919,4.176661604711314,1.9183779283764997,1296.0,46656.0,3.6109179126442243,1.4333294145603401
59.26333333333333,3.0,35.0,11.0,49.0,15.0,6.6,3.7,42.85714286,20.0,10.4,5.3,57.14285714,17.0,48.57142857,2019.7058823529408,113.17647058823528,46.94117647058823,53.06235294117647,13.574705882352944,4.919411764705882,25.46470588235294,66.87764705882353,2.739411764705882,40.839775,-73.839583,10461.0,10461.0,living_environment,3512.1426777777774,208141.2822273703,4.08199078986037,1.8087451785477597,1225.0,42875.0,3.58351893845611,1.4190675485932571
55.33833333333333,3.0,25.0,6.0,34.0,10.0,16.0,8.8,40.0,15.0,11.5,5.1,60.0,13.0,52.0,2019.8333333333333,97.27777777777776,67.39777777777778,32.602222222222224,6.233888888888889,0.0,49.2,50.8,0.0,40.601537,-73.763995,11691.0,11691.0,common_core_algebra,3062.331136111111,169464.30118716203,4.013465857051867,1.7391271220006277,625.0,15625.0,3.258096538021482,1.2840254166877414
59.405,4.0,29.0,10.0,43.0,13.0,13.3,8.5,44.82758621,16.0,11.5,6.8,55.17241379,11.0,37.93103448,2019.8333333333333,114.77777777777776,55.68222222222222,44.31777777777778,10.36111111111111,0.0,11.429444444444444,88.57055555555556,0.0,40.856532,-73.92606,10040.0,10040.0,living_environment,3528.954025,209637.513855125,4.084378397910251,1.8113093834336451,841.0,24389.0,3.4011973816621555,1.336427488025472
62.15,2.0,16.0,8.0,26.0,7.0,16.3,8.4,43.75,9.0,9.7,3.4,56.25,15.0,46.66666667,2019.8235294117649,66.29411764705883,52.10941176470588,47.89411764705883,9.372941176470588,0.0,28.70705882352941,71.29294117647059,0.0,40.827455,-73.90392,10456.0,10456.0,common_core_english,3862.6225,240061.988375,4.12955081795672,1.8617185262491978,256.0,4096.0,2.833213344056216,1.1735108709918103
66.78833333333334,4.0,53.0,12.0,69.0,20.0,10.6,6.6,37.73584906,33.0,8.2,4.6,62.26415094,35.0,66.03773585,2019.8947368421047,143.05263157894737,35.75684210526316,64.24368421052633,26.74684210526316,1.361578947368421,16.23,78.53263157894736,3.8731578947368415,40.715561,-73.954815,11211.0,11211.0,common_core_algebra,4460.681469444446,297921.4808750788,4.201528414590788,1.9501052263164924,2809.0,148877.0,3.9889840465642745,1.6989323086185506
68.55833333333334,9.0,101.0,33.0,143.0,43.0,15.6,14.4,42.57425743,58.0,12.8,11.2,57.42574257,56.0,55.44554455,2019.8333333333333,394.27777777777777,44.63666666666667,55.36333333333333,19.74055555555556,9.090555555555556,3.9505555555555554,70.44777777777777,16.510555555555555,40.711881,-73.909202,11385.0,11385.0,common_core_english,4700.245069444445,322240.96821932873,4.227684964386884,1.9849293733569304,10201.0,1030301.0,4.624972813284271,2.7456010150169163
80.7925,4.0,30.0,12.0,46.0,13.0,17.1,7.8,43.33333333,17.0,9.9,6.3,56.66666667,14.0,46.66666667,2019.5,86.1875,41.764375,58.235625,22.43625,0.8262499999999999,85.62,13.55375,0.0,40.658671,-73.943839,11203.0,11203.0,common_core_english,6527.428056250001,527367.2312345782,4.391884139436663,2.2432484135830664,900.0,27000.0,3.4339872044851463,1.3498588075760032
61.45428571428572,4.0,37.0,15.0,56.0,17.0,10.6,6.1,45.94594595,20.0,9.1,5.7,54.054054050000005,8.0,21.62162162,2019.95,88.95,51.0465,48.953500000000005,12.8625,0.0,64.6195,35.3805,0.0,40.845366,-73.897479,10457.0,10457.0,living_environment,3776.6292326530615,232090.05190038486,4.118293576692974,1.8488112354964652,1369.0,50653.0,3.6375861597263857,1.4477346146633245
65.06666666666668,13.0,151.0,42.0,206.0,57.0,15.6,12.5,37.74834437,94.0,14.0,10.8,62.25165563,72.0,47.68211921,2019.7058823529408,644.2941176470588,42.36882352941176,57.63117647058824,20.652941176470588,29.714117647058824,29.446470588235293,37.73411764705882,3.1017647058823528,40.709461,-73.803001,11432.0,11432.0,living_environment,4233.671111111113,275470.8669629631,4.175412385310882,1.9168182820035888,22801.0,3442951.0,5.0238805208462765,4.526730794314252
73.882,7.0,65.0,13.0,85.0,33.0,15.6,9.9,50.76923077,32.0,11.5,7.4,49.23076923,12.0,18.46153846,2019.8235294117649,245.35294117647055,16.984117647058824,83.01705882352941,43.82411764705882,0.4358823529411765,93.43,6.133529411764705,0.0,40.66679,-73.951823,11225.0,11225.0,living_environment,5458.549924000001,403288.5854849681,4.302469225890454,2.0934637692037876,4225.0,274625.0,4.189654742026425,1.9155408290138962
56.776,1.0,13.0,4.0,18.0,8.0,12.7,4.2,61.53846154,5.0,9.7,4.1,38.46153846,15.0,46.66666667,2019.5625,31.625,66.069375,33.930625,6.29625,0.0,28.415,71.585,0.0,40.818645,-73.919949,10451.0,10451.0,common_core_algebra,3223.5141760000006,183018.24085657604,4.039113701222682,1.7643105661563725,169.0,2197.0,2.6390573296152584,1.1388283833246218
67.00166666666667,3.0,26.0,11.0,40.0,11.0,10.3,9.1,42.30769231,15.0,6.8,6.0,57.69230768999999,14.0,53.84615385,2019.8333333333333,108.61111111111111,49.333888888888886,50.66611111111112,12.270555555555555,0.9688888888888888,67.13277777777779,31.375,0.5227777777777778,40.888242,-73.852714,10466.0,10466.0,common_core_english,4489.223336111111,300785.44555833796,4.204717494703464,1.9542698915293735,676.0,17576.0,3.295836866004329,1.2969300866657718
72.42,13.0,209.0,101.0,323.0,89.0,11.2,9.4,42.58373206,120.0,9.4,8.2,57.41626794,169.0,80.86124402,2019.8333333333333,662.9444444444445,34.69444444444444,65.30777777777777,31.555,11.702222222222224,10.697222222222225,30.695555555555558,46.90444444444445,40.570909,-74.105878,10306.0,10306.0,common_core_english,5244.6564,379818.01648800005,4.282482504337495,2.0630799756243103,43681.0,9129329.0,5.3471075307174685,8.084915164305059
63.60142857142858,3.0,22.0,5.0,30.0,7.0,14.0,13.5,31.81818182,15.0,10.1,9.7,68.18181818,14.0,63.63636364,2020.0,122.71428571428572,49.69285714285714,50.31380952380952,15.195238095238096,7.224285714285715,12.394285714285711,74.1152380952381,6.266666666666667,40.888242,-73.852714,10466.0,10466.0,common_core_english,4045.1417163265314,257276.7919322479,4.152635931908728,1.8889370920487025,484.0,10648.0,3.1354942159291497,1.2460767305873808
52.66833333333333,2.0,15.0,3.0,20.0,9.0,8.6,4.6,60.0,6.0,16.4,5.8,40.0,7.0,46.66666667,2019.2727272727277,53.72727272727273,63.723636363636366,36.27636363636364,6.758181818181819,0.0,2.7618181818181817,97.2381818181818,0.0,40.865556,-73.925464,10034.0,10034.0,common_core_english,2773.9533361111107,146099.498957412,3.9640143894277666,1.6933068505031397,225.0,3375.0,2.772588722239781,1.161834242728283
55.556666666666665,4.0,31.0,15.0,50.0,15.0,17.0,11.9,48.38709677,16.0,9.0,6.8,51.61290323,12.0,38.70967742,2019.8333333333333,215.77777777777777,63.4388888888889,36.56555555555556,7.748888888888889,0.0,25.172222222222224,74.60055555555556,0.2272222222222222,40.711134,-73.938921,11211.0,11211.0,common_core_algebra,3086.543211111111,171478.05233196294,4.017403520885975,1.7429283643965856,961.0,29791.0,3.4657359027997265,1.3634251141321778
62.82666666666668,3.0,35.0,9.0,47.0,20.0,7.800000000000001,7.599999999999999,57.14285714,15.0,8.4,4.6,42.85714286,10.0,28.57142857,2019.8333333333333,113.72222222222224,39.653333333333336,60.34666666666666,18.078888888888887,5.451666666666666,38.38055555555556,55.94,0.2283333333333333,40.693002,-73.869305,11208.0,11208.0,living_environment,3947.1900444444464,247988.7931922965,4.140379611795113,1.8743588732196548,1225.0,42875.0,3.58351893845611,1.4190675485932571
64.23142857142857,5.0,33.0,12.0,50.0,18.0,13.1,6.8,54.54545455,15.0,12.8,4.3,45.45454545,10.0,30.3030303,2019.95,132.9,44.6575,55.346500000000006,12.7465,1.1895,89.937,8.8735,0.0,40.675905,-73.939282,11213.0,11213.0,common_core_english,4125.67641632653,264998.0900441049,4.16249263252055,1.900874960529851,1089.0,35937.0,3.5263605246161616,1.3909681284637803
63.03333333333333,4.0,29.0,10.0,43.0,13.0,13.3,8.5,44.82758621,16.0,11.5,6.8,55.17241379,11.0,37.93103448,2019.8333333333333,114.77777777777776,55.68222222222222,44.31777777777778,10.36111111111111,0.0,11.429444444444444,88.57055555555556,0.0,40.856532,-73.92606,10040.0,10040.0,common_core_english,3973.201111111111,250444.11003703703,4.143663686996302,1.8782365537807213,841.0,24389.0,3.4011973816621555,1.336427488025472
65.02857142857142,12.0,153.0,36.0,201.0,92.0,11.5,7.200000000000001,60.13071895,61.0,11.2,8.1,39.86928105,108.0,70.58823529,2020.0,526.7142857142857,39.8252380952381,60.17476190476191,24.304285714285715,27.713809523809523,25.462380952380958,30.72095238095238,16.103333333333335,40.58807,-73.981925,11223.0,11223.0,common_core_algebra,4228.7151020408155,274987.3020641399,4.174826733756808,1.916088204586401,23409.0,3581577.0,5.0369526024136295,4.618176822299781
60.620000000000005,3.0,26.0,9.0,38.0,15.0,7.0,2.9,57.69230769,11.0,9.1,3.5,42.30769231,5.0,19.23076923,2020.0,69.52941176470588,66.66764705882352,33.33235294117647,6.709411764705883,0.0,80.28823529411765,19.71176470588236,0.0,40.817228,-73.947151,10030.0,10030.0,common_core_english,3674.7844000000005,222765.43032800005,4.104624871629657,1.8334510305655856,676.0,17576.0,3.295836866004329,1.2969300866657718
60.94499999999999,4.0,46.0,7.0,57.0,16.0,7.599999999999999,2.9,34.7826087,30.0,5.8,2.0,65.2173913,19.0,41.30434783,2019.8333333333333,100.44444444444444,38.42888888888889,61.57388888888889,19.936111111111117,3.915,33.47777777777778,52.485,10.121666666666666,40.711441,-74.000851,10038.0,10038.0,common_core_algebra,3714.293024999999,226367.58840862493,4.1099718181078,1.83941943982653,2116.0,97336.0,3.8501476017100584,1.5840739849944818
66.00666666666667,4.0,36.0,10.0,50.0,10.0,9.6,3.8,27.77777778,26.0,10.3,4.2,72.22222222,16.0,44.44444444,2019.8333333333333,129.66666666666666,52.38555555555556,47.614444444444445,11.817222222222222,2.52,32.64,63.48,1.3611111111111112,40.774891,-73.985608,10023.0,10023.0,common_core_english,4356.880044444446,287583.1288002964,4.189755747026259,1.9349213248572927,1296.0,46656.0,3.6109179126442243,1.4333294145603401
44.724,3.0,24.0,5.0,32.0,12.0,5.6,3.0,50.0,12.0,7.1,3.8,50.0,7.0,29.16666667,2019.636363636364,125.0909090909091,67.47909090909091,32.52181818181818,5.088181818181818,0.0,5.29090909090909,92.83272727272728,1.8772727272727272,40.855392,-73.882487,10458.0,10458.0,common_core_english,2000.2361759999997,89458.56273542398,3.8005102702851215,1.5639896117539414,576.0,13824.0,3.2188758248682006,1.2712491503214047
65.798,2.0,36.0,12.0,50.0,15.0,6.7,3.8,41.66666667,21.0,9.6,4.5,58.33333333,15.0,41.66666667,2019.8235294117649,105.47058823529412,49.17176470588235,50.82764705882353,9.976470588235294,0.9070588235294118,21.07058823529412,78.0229411764706,0.0,40.832508,-73.878191,10472.0,10472.0,common_core_english,4329.376804,284864.334949592,4.186589442732552,1.9308879985933105,1296.0,46656.0,3.6109179126442243,1.4333294145603401
78.53,3.0,32.0,8.0,43.0,11.0,13.5,5.6,34.375,21.0,13.4,5.3,65.625,17.0,53.125,2019.875,78.125,9.2025,90.7975,63.741875,27.10625,5.8275,35.26625,31.800625,40.742512,-74.002222,10011.0,10011.0,living_environment,6166.9609,484291.43947700004,4.363480717386783,2.1930647614836145,1024.0,32768.0,3.4965075614664802,1.3771277643359572
60.56666666666666,2.0,37.0,13.0,52.0,6.0,4.1,4.0,16.21621622,31.0,7.0,3.6,83.78378378,20.0,54.05405405,2019.8235294117649,95.6470588235294,53.47411764705882,46.52588235294118,12.39470588235294,3.574117647058824,65.57352941176471,12.506470588235295,18.34705882352941,40.694629,-73.988323,11201.0,11201.0,common_core_algebra,3668.3211111111104,222177.98196296292,4.103744686734016,1.8324734507270795,1369.0,50653.0,3.6375861597263857,1.4477346146633245
70.415,4.0,39.0,8.0,51.0,18.0,11.1,5.4,46.15384615,21.0,9.9,6.7,53.84615385,20.0,51.28205128,2019.8235294117649,124.11764705882354,34.15764705882353,65.84529411764706,25.671764705882357,0.0,42.29823529411765,57.70176470588235,0.0,40.715561,-73.954815,11211.0,11211.0,common_core_english,4958.272225000001,349136.7387233751,4.2544063086500135,2.0221271461476737,1521.0,59319.0,3.6888794541139363,1.4769807938826427
62.82666666666666,3.0,29.0,7.0,39.0,10.0,12.1,5.4,34.48275862,19.0,9.7,6.5,65.51724138,12.0,41.37931034,2019.8333333333333,94.38888888888889,49.202777777777776,50.80055555555556,15.122222222222222,2.9705555555555554,31.23388888888889,59.93555555555555,5.859444444444445,40.74182,-74.000238,10011.0,10011.0,living_environment,3947.1900444444436,247988.79319229623,4.140379611795112,1.8743588732196543,841.0,24389.0,3.4011973816621555,1.336427488025472
92.21,14.0,288.0,47.0,349.0,152.0,13.7,9.0,52.77777778,136.0,12.9,7.599999999999999,47.22222222,166.0,57.63888889,2019.888888888889,664.9444444444445,0.2822222222222222,99.71777777777778,95.875,65.31722222222223,5.226111111111111,5.506111111111111,23.948888888888888,40.688896,-73.976435,11217.0,11217.0,common_core_english,8502.684099999999,784032.5008609998,4.52406858455105,2.5145654366155976,82944.0,23887872.0,5.666426688112432,17.814273179612197
74.04333333333334,3.0,28.0,5.0,36.0,7.0,6.2,4.4,25.0,21.0,9.6,5.4,75.0,8.0,28.57142857,2019.8333333333333,100.88888888888889,22.27611111111111,77.7238888888889,41.25222222222222,64.18277777777777,4.983888888888888,30.195,0.6405555555555557,40.764892,-73.826811,11354.0,11354.0,common_core_algebra,5482.415211111112,405936.2969480371,4.304650507401422,2.0968439500307965,784.0,21952.0,3.367295829986474,1.3231298123374369
59.112,1.0,26.0,7.0,34.0,14.0,9.1,3.4,53.84615385,12.0,6.8,4.4,46.15384615,16.0,61.53846154,2019.8125,66.9375,41.24875,58.75125,20.46125,4.335625,32.955,62.708125,0.0,40.717329,-73.989329,10002.0,10002.0,common_core_algebra,3494.228544,206550.837692928,4.079433949486346,1.8060100143071673,676.0,17576.0,3.295836866004329,1.2969300866657718
59.13307692307693,3.0,28.0,7.0,38.0,11.0,7.0,2.8,39.28571429,17.0,9.4,3.1,60.71428571,8.0,28.57142857,2019.7777777777776,135.47222222222223,49.030277777777776,50.969722222222224,15.417777777777776,9.558055555555557,75.3525,15.08888888888889,0.0,40.69863226555555,-73.7504902113889,11405.722222222224,11411.0,living_environment,3496.7207863905332,206771.85924015343,4.0797904450606,1.8063907057662583,784.0,21952.0,3.367295829986474,1.3231298123374369
62.94166666666666,3.0,25.0,6.0,34.0,15.0,7.3,4.9,60.0,10.0,11.1,6.3,40.0,16.0,64.0,2019.6875,88.4375,47.109375,52.890625,17.24125,2.924375,57.549375,39.004375,0.52125,40.874035,-73.831669,10475.0,10475.0,living_environment,3961.6534027777775,249353.0679265046,4.142208371531402,1.8765156258189095,625.0,15625.0,3.258096538021482,1.2840254166877414
61.24333333333334,2.0,19.0,4.0,25.0,7.0,11.3,4.2,36.84210526,12.0,7.199999999999999,4.8,63.15789474,6.0,31.57894737,2019.8333333333333,100.55555555555556,45.961666666666666,54.03833333333333,15.71888888888889,2.557777777777778,91.04944444444445,6.392777777777777,0.0,40.66903,-73.757744,11413.0,11413.0,living_environment,3750.7458777777783,229708.18004137045,4.1148549999635335,1.8449152349735989,361.0,6859.0,2.995732273553991,1.2092495976572515
63.598,3.0,30.0,5.0,38.0,11.0,12.2,7.5,36.66666667,19.0,12.8,7.3,63.33333333,14.0,46.66666667,2019.8235294117649,108.82352941176472,44.04352941176471,55.95647058823529,15.684117647058825,0.0,85.05,13.717647058823529,1.2329411764705882,40.640543,-73.898601,11236.0,11236.0,living_environment,4044.7056039999998,257235.187003192,4.152582023310743,1.8888723296014804,900.0,27000.0,3.4339872044851463,1.3498588075760032
58.51833333333334,2.0,13.0,4.0,19.0,5.0,22.1,12.1,38.46153846,8.0,12.4,4.8,61.53846154,6.0,46.15384615,2019.071428571429,39.285714285714285,60.48857142857143,39.51142857142857,7.028571428571429,0.6799999999999999,36.71071428571429,62.60928571428571,0.0,40.80769200000001,-73.939974,10035.0,10035.0,common_core_english,3424.3953361111116,200389.90774366207,4.069340095454714,1.795320097488265,169.0,2197.0,2.6390573296152584,1.1388283833246218
68.835,4.0,34.0,7.0,45.0,18.0,10.9,5.5,52.94117647,16.0,14.4,5.2,47.05882353,18.0,52.94117647,2019.8333333333333,138.72222222222223,47.68833333333333,52.31166666666667,17.559444444444445,2.628888888888889,42.10388888888889,54.47944444444445,0.7888888888888889,40.601537,-73.763995,11691.0,11691.0,common_core_english,4738.257224999999,326157.9360828749,4.2317123365149065,1.9904286150664463,1156.0,39304.0,3.5553480614894135,1.4049475905635938
59.49333333333334,3.0,22.0,8.0,33.0,8.0,17.3,6.8,36.36363636,14.0,8.0,3.1,63.63636363999999,8.0,36.36363636,2019.7058823529408,94.94117647058825,52.24941176470588,47.75058823529412,10.493529411764705,0.0,93.60941176470588,6.125294117647059,0.2652941176470588,40.647728,-73.922212,11203.0,11203.0,common_core_algebra,3539.456711111112,210574.0779330371,4.085864261456168,1.812910080259361,484.0,10648.0,3.1354942159291497,1.2460767305873808
68.00166666666667,5.0,63.0,14.0,82.0,30.0,14.4,8.2,47.61904762,33.0,11.9,8.2,52.38095238,45.0,71.42857143,2019.8333333333333,206.66666666666663,24.77055555555556,75.22944444444445,41.19111111111111,7.741666666666666,0.0,51.04277777777778,41.21388888888889,40.708431,-73.855543,11375.0,11375.0,common_core_algebra,4624.226669444444,314455.12056667125,4.219532214679668,1.9739106304668026,3969.0,250047.0,4.1588830833596715,1.8776105792643432
58.903333333333336,3.0,33.0,7.0,43.0,12.0,11.9,6.6,36.36363636,21.0,9.8,6.7,63.63636364,17.0,51.51515152,2019.8333333333333,114.66666666666669,45.51111111111111,54.48888888888889,18.385,1.835,31.03333333333333,57.675,9.456666666666669,40.860443,-73.860729,10469.0,10469.0,common_core_algebra,3469.602677777778,204371.1630633704,4.075897682151854,1.8022454025215917,1089.0,35937.0,3.5263605246161616,1.3909681284637803
84.80799999999999,2.0,32.0,4.0,38.0,12.0,15.1,11.0,37.5,20.0,10.0,6.3,62.5,23.0,71.875,2019.8125,82.375,13.311875,86.68875,50.705,1.510625,22.634375,28.07375,47.781875,40.761327,-73.988665,10036.0,10036.0,common_core_english,7192.3968639999985,609972.7932421118,4.440389877970796,2.335159039648735,1024.0,32768.0,3.4965075614664802,1.3771277643359572
77.538,3.0,33.0,10.0,46.0,12.0,14.7,10.4,36.36363636,21.0,11.7,7.2,63.63636363999999,17.0,51.51515152,2019.7058823529408,102.88235294117646,30.171176470588232,69.82941176470588,30.51176470588236,10.800588235294116,12.304117647058822,75.96470588235294,0.9323529411764708,40.877379,-73.912686,10463.0,10463.0,common_core_english,6012.141444,466169.42328487197,4.35076813877111,2.1714171089283765,1089.0,35937.0,3.5263605246161616,1.3909681284637803
58.3,2.0,12.0,3.0,17.0,14.0,11.0,6.8,40.477524155,20.0,9.95,6.049999999999999,59.522475845,5.0,41.66666667,2019.1,34.0,60.211,39.789,7.786999999999999,0.0,93.753,6.247,0.0,40.666251,-73.923881,11212.0,11212.0,common_core_algebra,3398.89,198155.28699999998,4.065602093356446,1.7914045912584664,144.0,1728.0,2.5649493574615367,1.1274968515793757
58.3,2.0,11.0,4.0,17.0,14.0,11.0,6.8,40.477524155,20.0,9.95,6.049999999999999,59.522475845,15.0,46.66666667,2019.1,34.0,60.211,39.789,7.786999999999999,0.0,93.753,6.247,0.0,40.666251,-73.923881,11212.0,11212.0,common_core_algebra,3398.89,198155.28699999998,4.065602093356446,1.7914045912584664,121.0,1331.0,2.4849066497880004,1.1162780704588713
57.218,2.0,18.0,8.0,28.0,8.0,17.4,6.7,44.44444444,10.0,11.0,4.5,55.55555556,9.0,50.0,2019.5625,33.4375,62.07625,37.92375,6.518125,0.0,23.965,76.035,0.0,40.818703,-73.905389,10456.0,10456.0,living_environment,3273.8995240000004,187325.98296423204,4.046868534197399,1.7721260784169692,324.0,5832.0,2.9444389791664403,1.1972173631218102
69.95,5.0,51.0,14.0,70.0,24.0,9.0,7.3,47.05882353,27.0,8.2,6.3,52.94117647,23.0,45.09803922,2019.8125,89.5625,21.71,78.29,23.72375,0.0,19.381875,80.191875,0.42625,40.813612,-73.920851,10454.0,10454.0,living_environment,4893.0025000000005,342265.52487500006,4.24778070111149,2.012746082793882,2601.0,132651.0,3.9512437185814275,1.6652911949458864
69.73666666666666,9.0,71.0,18.0,98.0,25.0,19.7,14.699999999999998,35.21126761,46.0,14.0,10.3,64.78873239,41.0,57.74647887,2019.8333333333333,305.8333333333333,44.84888888888889,55.15555555555555,19.257777777777772,32.37166666666666,46.02111111111111,17.827222222222222,3.7816666666666654,40.733888,-73.739726,11427.0,11427.0,common_core_english,4863.202677777777,339143.5440726296,4.244726243527447,2.0084568013442174,5041.0,357911.0,4.276666119016055,2.0339912586467506
65.70333333333333,4.0,41.0,9.0,54.0,8.0,11.6,7.900000000000001,19.51219512,33.0,9.8,7.1,80.48780488,17.0,41.46341463,2019.8333333333333,118.72222222222224,41.09333333333333,58.90833333333333,20.00611111111111,29.24055555555556,46.74944444444444,24.01,0.0,40.714551,-73.798658,11432.0,11432.0,common_core_english,4316.928011111111,283636.56009003706,4.185149659870729,1.9290609562244763,1681.0,68921.0,3.7376696182833684,1.5068177851128535
62.665,4.0,33.0,14.0,51.0,13.0,11.5,4.4,39.39393939,20.0,4.9,2.5,60.60606061,5.0,15.15151515,2019.7058823529408,100.52941176470588,47.30058823529412,52.70058823529411,13.281176470588235,0.9835294117647058,25.941764705882356,73.07411764705883,0.0,40.855392,-73.882487,10458.0,10458.0,living_environment,3926.902225,246079.327929625,4.137803078063485,1.8713311078111048,1089.0,35937.0,3.5263605246161616,1.3909681284637803
65.18142857142857,4.0,29.0,8.0,41.0,11.0,10.2,8.2,37.93103448,18.0,8.5,5.8,62.06896552,9.0,31.03448276,2019.8947368421047,125.42105263157896,45.37684210526316,54.62894736842105,8.863157894736842,5.930526315789473,8.693157894736842,85.12842105263158,0.2478947368421052,40.832508,-73.878191,10472.0,10472.0,common_core_algebra,4248.6186306122445,276931.03179849265,4.177174590497073,1.9190193219109322,841.0,24389.0,3.4011973816621555,1.336427488025472
80.03,5.0,63.0,14.0,82.0,30.0,14.4,8.2,47.61904762,33.0,11.9,8.2,52.38095238,45.0,71.42857143,2019.8333333333333,206.66666666666663,24.77055555555556,75.22944444444445,41.19111111111111,7.741666666666666,0.0,51.04277777777778,41.21388888888889,40.708431,-73.855543,11375.0,11375.0,common_core_english,6404.8009,512576.21602700005,4.382401564378955,2.2262086909303727,3969.0,250047.0,4.1588830833596715,1.8776105792643432
58.15166666666666,2.0,21.0,5.0,28.0,12.0,5.1,3.2,57.14285714,9.0,6.2,1.7,42.85714286,7.0,33.33333333,2019.8333333333333,58.44444444444444,56.68944444444444,43.31,11.943888888888887,0.0,59.84388888888889,40.15611111111111,0.0,40.807019,-73.938714,10035.0,10035.0,living_environment,3381.61633611111,196646.62597208787,4.063054540061535,1.788749310934536,441.0,9261.0,3.091042453358316,1.2336780599567432
57.815,3.0,30.0,11.0,44.0,13.0,12.1,6.4,43.33333333,17.0,7.900000000000001,4.5,56.66666667,10.0,33.33333333,2019.8333333333333,95.77777777777776,64.45055555555555,35.54944444444445,8.23388888888889,0.0,22.014444444444443,77.98555555555555,0.0,40.839307,-73.911366,10457.0,10457.0,common_core_english,3342.574225,193250.928818375,4.057248257580925,1.7827373141275673,900.0,27000.0,3.4339872044851463,1.3498588075760032
59.78,1.0,26.0,6.0,33.0,10.0,9.2,4.9,38.46153846,16.0,9.1,5.7,61.53846153999999,6.0,23.07692308,2019.7777777777776,57.0,50.19277777777778,49.80722222222222,18.84722222222222,1.9961111111111112,18.731111111111108,79.27277777777778,0.0,40.765474,-73.9927,10019.0,10019.0,living_environment,3573.6484,213632.701352,4.090671156855792,1.818114545325271,676.0,17576.0,3.295836866004329,1.2969300866657718
65.57666666666667,7.0,74.0,19.0,100.0,31.0,7.900000000000001,5.6,41.89189189,43.0,6.1,4.5,58.10810811,33.0,44.59459459,2019.8333333333333,363.94444444444446,48.48833333333333,51.51555555555555,15.373333333333337,8.976111111111111,30.449444444444445,58.0611111111111,2.513888888888889,40.879958,-73.889011,10468.0,10468.0,common_core_english,4300.299211111112,281999.287933963,4.183219941620065,1.9266190258956288,5476.0,405224.0,4.31748811353631,2.0959355144943643
64.85833333333333,4.0,37.0,10.0,51.0,16.0,3.3,3.3,43.24324324,21.0,3.8,2.6,56.75675676,18.0,48.64864865,2019.8235294117649,136.58823529411765,31.87117647058823,68.12941176470588,25.27058823529412,0.0,89.72941176470589,10.270588235294117,0.0,40.658671,-73.943839,11203.0,11203.0,living_environment,4206.603402777778,272833.2856984954,4.172205404177342,1.912829067457425,1369.0,50653.0,3.6375861597263857,1.4477346146633245
56.298,3.0,14.0,5.0,22.0,6.0,8.0,7.1,42.85714286,8.0,20.6,7.2,57.14285714,15.0,46.66666667,2019.4666666666667,79.73333333333333,61.084,38.916,8.047333333333334,0.0,91.48266666666667,8.517333333333333,0.0,40.669561,-73.955188,11225.0,11225.0,living_environment,3169.464804,178434.529535592,4.030659010535968,1.755897285410289,196.0,2744.0,2.70805020110221,1.1502737988572274
60.23166666666666,2.0,18.0,8.0,28.0,12.0,18.3,9.7,66.66666667,6.0,12.7,7.1,33.33333333,5.0,27.77777778,2019.5625,140.5,62.385,37.615,3.890625,1.89875,1.033125,95.820625,1.2475,40.869061,-73.897066,10468.0,10468.0,common_core_algebra,3627.8536694444438,218511.67293342124,4.098198238375692,1.8263449356613164,324.0,5832.0,2.9444389791664403,1.1972173631218102
67.49333333333334,14.0,223.0,63.0,300.0,90.0,13.9,10.5,40.35874439,133.0,13.5,9.5,59.64125561,130.0,58.29596413,2019.8333333333333,652.7222222222222,31.45888888888889,68.5411111111111,31.735,28.296666666666667,21.38888888888889,23.388333333333332,26.924444444444443,40.619671,-73.959141,11230.0,11230.0,common_core_algebra,4555.350044444445,307455.7589997038,4.212028827568759,1.9639020448025366,49729.0,11089567.0,5.4116460518550396,9.299866079483586
60.318,1.0,24.0,4.0,29.0,13.0,17.2,14.2,54.16666667,11.0,16.5,10.4,45.83333333,11.0,45.83333333,2019.5625,64.75,60.043125,39.956875,7.761875,0.0,34.838125,64.263125,0.899375,40.797136,-73.966779,10025.0,10025.0,living_environment,3638.2611239999997,219452.63447743197,4.099630566651338,1.8279223609463748,576.0,13824.0,3.2188758248682006,1.2712491503214047
56.60666666666666,3.0,25.0,6.0,34.0,10.0,6.1,3.1,40.0,15.0,10.1,5.5,60.0,12.0,48.0,2019.8333333333333,84.33333333333333,61.18,38.82,8.618888888888888,1.1944444444444444,64.09222222222223,32.12722222222222,2.5861111111111112,40.586012,-73.825317,11694.0,11694.0,living_environment,3204.3147111111107,181385.57474696293,4.036126763903107,1.7613255283096603,625.0,15625.0,3.258096538021482,1.2840254166877414
67.92285714285714,12.0,218.0,68.0,298.0,98.0,12.900000000000002,10.3,44.95412844,120.0,9.3,7.1,55.04587156,106.0,48.62385321,2020.0,689.5238095238095,34.9847619047619,65.01523809523809,29.225238095238097,41.39523809523809,5.063809523809524,34.739999999999995,18.8,40.621299,-73.982583,11204.0,11204.0,common_core_algebra,4613.514522448979,313363.0878347988,4.218372607414813,1.9723556137296334,47524.0,10360232.0,5.389071729816501,8.846306258720883
67.99,9.0,130.0,34.0,173.0,59.0,11.4,9.1,45.38461538,71.0,10.6,8.6,54.61538462,70.0,53.84615385,2019.8333333333333,511.8333333333333,42.565,57.435,16.691666666666666,2.993888888888889,52.215555555555554,41.79388888888889,2.9944444444444445,40.874035,-73.831669,10475.0,10475.0,common_core_english,4622.6401,314293.30039899994,4.219360635538369,1.9736803543262842,16900.0,2197000.0,4.875197323201151,3.6692966676192444
64.79333333333334,3.0,34.0,12.0,49.0,13.0,13.4,9.4,38.23529412,21.0,13.5,6.3,61.76470588,15.0,44.11764706,2019.8235294117649,77.70588235294117,29.929411764705883,70.07058823529412,30.32823529411765,9.909411764705885,22.31,67.78058823529412,0.0,40.72463,-74.005058,10013.0,10013.0,common_core_algebra,4198.176044444444,272013.81983970373,4.171202717407215,1.9115861325611807,1156.0,39304.0,3.5553480614894135,1.4049475905635938
62.105,12.0,117.0,26.0,155.0,45.0,12.7,11.1,38.46153846,72.0,12.7,10.2,61.53846153999999,45.0,38.46153846,2019.8333333333333,421.5,45.879444444444445,54.12055555555556,17.90722222222222,31.24777777777778,12.750555555555556,52.67666666666666,3.325,40.695171,-73.833815,11418.0,11418.0,common_core_algebra,3857.0310249999998,239540.91180762497,4.128826500996157,1.8608809413831149,13689.0,1601613.0,4.770684624465665,3.2219926385284996
55.07666666666666,4.0,31.0,15.0,50.0,15.0,17.0,11.9,48.38709677,16.0,9.0,6.8,51.61290323,12.0,38.70967742,2019.8333333333333,215.77777777777777,63.4388888888889,36.56555555555556,7.748888888888889,0.0,25.172222222222224,74.60055555555556,0.2272222222222222,40.711134,-73.938921,11211.0,11211.0,living_environment,3033.4392111111106,167071.7202839629,4.00872615399479,1.7345823546950978,961.0,29791.0,3.4657359027997265,1.3634251141321778
58.205000000000005,3.0,38.0,11.0,52.0,15.0,6.6,2.1,39.47368421,23.0,4.9,3.0,60.52631578999999,12.0,31.578947370000005,2019.9411764705883,50.52941176470589,50.85294117647059,49.15294117647059,15.533529411764706,0.0,92.45470588235294,7.545294117647059,0.0,40.665568,-73.912102,11212.0,11212.0,common_core_algebra,3387.822025000001,197188.18096512507,4.063971261700204,1.7897035650121693,1444.0,54872.0,3.6635616461296463,1.4622845894342245
70.23833333333333,2.0,17.0,6.0,25.0,6.0,7.5,4.4,35.29411765,11.0,8.5,2.4,64.70588235,6.0,35.29411765,2019.6470588235293,75.82352941176471,57.46823529411765,42.53176470588235,13.361764705882353,0.2488235294117647,35.81823529411764,63.23,0.7041176470588235,40.817228,-73.947151,10030.0,10030.0,common_core_english,4933.423469444444,346515.44212132867,4.25189422087526,2.0185578753070623,289.0,4913.0,2.8903717578961645,1.1853048513203654
59.1,3.0,28.0,5.0,36.0,14.0,8.8,5.7,50.0,14.0,9.5,6.9,50.0,7.0,25.0,2019.8333333333333,133.27777777777777,54.48611111111112,45.51611111111111,9.827777777777778,0.1761111111111111,62.17777777777778,37.64555555555555,0.0,40.666868,-73.895122,11207.0,11207.0,common_core_english,3492.81,206425.07100000003,4.079230924412053,1.8057933061082023,784.0,21952.0,3.367295829986474,1.3231298123374369
59.88833333333334,1.0,16.0,5.0,22.0,8.0,8.5,6.7,50.0,8.0,6.3,4.0,50.0,5.0,31.25,2019.8235294117649,70.11764705882354,44.51117647058823,55.48882352941176,14.465882352941176,1.5635294117647058,85.80705882352942,12.222941176470588,0.4058823529411764,40.669805,-73.960689,11225.0,11225.0,living_environment,3586.6124694444457,214796.2431075788,4.0924817170919034,1.8200852366811227,256.0,4096.0,2.833213344056216,1.1735108709918103
72.538,3.0,46.0,11.0,60.0,18.0,15.8,7.2,39.13043478,28.0,15.9,8.5,60.86956521999999,12.0,26.08695652,2019.8235294117649,94.29411764705884,46.46117647058824,53.54294117647059,15.07,0.0,76.29117647058824,23.708823529411767,0.0,40.815237,-73.944299,10030.0,10030.0,common_core_english,5261.761444,381677.65162487194,4.2841105624793565,2.0655158468769437,2116.0,97336.0,3.8501476017100584,1.5840739849944818
66.49142857142857,4.0,35.0,10.0,49.0,18.0,16.9,9.3,51.42857143,17.0,11.4,7.8,48.57142857,13.0,37.14285714,2019.8947368421047,117.89473684210526,41.08105263157895,58.92421052631579,17.335789473684212,4.285263157894737,36.97368421052632,58.54526315789473,0.1947368421052631,40.875172,-73.861649,10467.0,10467.0,common_core_english,4421.110073469387,293965.9246565131,4.197073045691578,1.9443238578635387,1225.0,42875.0,3.58351893845611,1.4190675485932571
58.88833333333333,3.0,25.0,6.0,34.0,15.0,7.3,4.9,60.0,10.0,11.1,6.3,40.0,16.0,64.0,2019.6875,88.4375,47.109375,52.890625,17.24125,2.924375,57.549375,39.004375,0.52125,40.874035,-73.831669,10475.0,10475.0,common_core_algebra,3467.835802777777,204215.07069924532,4.075642995203184,1.8019750859854604,625.0,15625.0,3.258096538021482,1.2840254166877414
64.94666666666667,7.0,80.0,28.0,115.0,32.0,11.7,10.6,40.0,48.0,8.7,6.6,60.0,49.0,61.25,2019.8333333333333,211.5,47.36611111111111,52.63388888888889,16.875,13.570555555555556,26.51888888888889,55.30166666666666,4.607777777777778,40.839775,-73.839583,10461.0,10461.0,common_core_english,4218.069511111112,273949.55451496306,4.173566420270232,1.9145194796224696,6400.0,512000.0,4.394449154672439,2.225540928492468
60.98333333333333,3.0,26.0,5.0,34.0,11.0,7.0,6.2,42.30769231,15.0,9.4,6.099999999999999,57.69230769,11.0,42.30769231,2020.1666666666667,132.0,41.675,58.325,14.3,0.0,0.0,100.0,0.0,40.743228,-73.871505,11373.0,11373.0,common_core_english,3718.9669444444435,226795.00082870363,4.110600602797106,1.8401246857753009,676.0,17576.0,3.295836866004329,1.2969300866657718
68.07000000000001,11.0,198.0,59.0,268.0,82.0,12.8,8.8,41.41414141,116.0,13.7,10.1,58.58585859,142.0,71.71717172,2019.95,792.95,31.729000000000003,68.271,31.9555,18.9195,12.391,15.271,53.419500000000006,40.610499,-73.947661,11229.0,11229.0,living_environment,4633.524900000001,315404.0399430001,4.22053658745986,1.9752599303559133,39204.0,7762392.0,5.293304824724492,7.242742985161012
63.59166666666667,2.0,17.0,4.0,23.0,8.0,16.8,9.5,47.05882353,9.0,10.4,6.3,52.94117647,9.0,52.94117647,2019.8333333333333,77.27777777777777,45.07944444444445,54.92333333333333,15.43388888888889,7.41,30.487777777777776,45.452777777777776,16.648333333333333,40.593028,-73.986313,11214.0,11214.0,common_core_algebra,4043.900069444445,257158.3452494213,4.152482434507587,1.8887527048087642,289.0,4913.0,2.8903717578961645,1.1853048513203654
61.02,3.0,27.0,16.0,46.0,12.0,13.7,6.1,44.44444444,15.0,10.5,5.1,55.55555556,7.0,25.92592593,2020.0,110.42857142857144,57.8947619047619,42.1052380952381,11.734285714285717,0.0,20.14190476190476,79.51904761904763,0.3385714285714285,40.818645,-73.919949,10451.0,10451.0,common_core_english,3723.4404000000004,227204.33320800003,4.1112016792885235,1.840799521872476,729.0,19683.0,3.332204510175204,1.3099644507332473
64.00166666666667,3.0,37.0,9.0,49.0,14.0,10.6,4.8,37.83783784,23.0,8.4,3.2,62.16216216000001,17.0,45.94594595,2019.8333333333333,101.77777777777776,42.37833333333333,57.62777777777777,13.586666666666666,0.0,6.425555555555556,93.57444444444444,0.0,40.865556,-73.925464,10034.0,10034.0,living_environment,4096.213336111111,262164.4805333379,4.15890912468726,1.896512487583008,1369.0,50653.0,3.6375861597263857,1.4477346146633245
70.69166666666666,3.0,32.0,7.0,42.0,14.0,4.6,3.9,43.75,18.0,6.7,3.3,56.25,16.0,50.0,2019.8333333333333,110.66666666666669,37.75888888888889,62.24111111111111,18.401111111111117,0.3644444444444444,26.229444444444443,72.46611111111112,0.9405555555555556,40.859466,-73.888625,10458.0,10458.0,common_core_english,4997.311736111111,353268.2954785879,4.258327697025689,2.027729444190769,1024.0,32768.0,3.4965075614664802,1.3771277643359572
53.57666666666666,2.0,17.0,5.0,24.0,14.0,11.0,6.8,40.477524155,20.0,9.95,6.049999999999999,59.522475845,11.0,64.70588235,2019.8333333333333,61.16666666666666,66.84444444444445,33.15555555555555,9.800555555555556,21.12833333333333,33.004444444444445,10.581666666666669,35.28611111111111,40.686147,-73.979829,11217.0,11217.0,living_environment,2870.4592111111106,153789.6363339629,3.98111364991294,1.7087577878349354,289.0,4913.0,2.8903717578961645,1.1853048513203654
55.470000000000006,3.0,17.0,8.0,28.0,7.0,17.8,8.4,41.17647059,10.0,16.1,5.2,58.823529410000006,7.0,41.17647059,2020.0,88.38095238095238,59.09666666666666,40.903333333333336,6.605714285714286,0.0,90.09238095238096,9.907619047619049,0.0,40.634451,-73.916927,11236.0,11236.0,common_core_algebra,3076.9209000000005,170676.80232300007,4.015842334067143,1.7414184808581494,289.0,4913.0,2.8903717578961645,1.1853048513203654
55.126666666666665,2.0,34.0,11.0,47.0,21.0,7.699999999999999,4.0,61.76470588,13.0,5.1,3.5,38.23529412,17.0,50.0,2019.8333333333333,139.72222222222223,70.20722222222223,29.792777777777776,6.572222222222222,0.616111111111111,14.067222222222222,85.31666666666666,0.0,40.695436,-73.927349,11221.0,11221.0,common_core_algebra,3038.9493777777775,167527.14936562962,4.009633567625911,1.7354498627313815,1156.0,39304.0,3.5553480614894135,1.4049475905635938
62.61166666666667,2.0,26.0,5.0,33.0,8.0,10.1,5.3,30.76923077,18.0,4.8,3.4,69.23076923,15.0,57.69230768999999,2019.95,95.2,43.065,56.9375,17.7695,10.0645,30.618,59.0225,0.294,40.693002,-73.869305,11208.0,11208.0,living_environment,3920.2208027777783,245451.5581632547,4.136951629218709,1.870333330651166,676.0,17576.0,3.295836866004329,1.2969300866657718
54.525,2.0,18.0,8.0,28.0,5.0,15.199999999999998,12.0,27.77777778,13.0,17.4,11.7,72.22222222,15.0,46.66666667,2019.8333333333333,68.55555555555556,65.46111111111111,34.53833333333333,6.142777777777777,0.0,82.38722222222222,17.612777777777776,0.0,40.665568,-73.912102,11212.0,11212.0,common_core_algebra,2972.975625,162101.49595312498,3.9986593120876925,1.725039588370533,324.0,5832.0,2.9444389791664403,1.1972173631218102
59.28833333333333,3.0,30.0,7.0,40.0,18.0,8.2,1.9,60.0,12.0,5.3,2.0,40.0,11.0,36.66666667,2019.8333333333333,92.33333333333331,55.09444444444444,44.90555555555555,12.40388888888889,34.585,35.56666666666667,29.33055555555556,0.5177777777777778,40.675021,-73.81673,11420.0,11420.0,living_environment,3515.1064694444435,208404.80406257862,4.0824125469064505,1.809197421370394,900.0,27000.0,3.4339872044851463,1.3498588075760032
57.342,2.0,12.0,2.0,16.0,5.0,8.1,3.9,41.66666667,7.0,14.1,9.5,58.33333333,7.0,58.33333333,2019.5625,34.0,55.54125,44.460625,8.021875,0.0,11.73375,88.26625,0.0,40.786134,-73.974483,10024.0,10024.0,common_core_algebra,3288.1049639999997,188546.51484568798,4.049033339512097,1.7743248777280398,144.0,1728.0,2.5649493574615367,1.1274968515793757
67.51,3.0,40.0,6.0,49.0,22.0,9.5,6.6,55.0,18.0,13.2,7.300000000000001,45.0,16.0,40.0,2019.8333333333333,129.77777777777777,51.47611111111112,48.531666666666666,13.11,1.926111111111111,71.26222222222222,26.810555555555556,0.0,40.688399,-73.920603,11221.0,11221.0,common_core_english,4557.600100000001,307683.58275100007,4.21227573505378,1.9642293890879365,1600.0,64000.0,3.713572066704308,1.4918246976412703
68.42333333333333,3.0,26.0,5.0,34.0,14.0,6.9,4.6,53.84615385,12.0,9.0,4.2,46.15384615,11.0,42.30769231,2019.8333333333333,88.88888888888889,48.05833333333333,51.94222222222223,16.560555555555553,11.259444444444444,78.36222222222221,10.377777777777778,0.0,40.711857,-73.771196,11432.0,11432.0,common_core_english,4681.7525444444445,320341.11493270367,4.225713897060977,1.9822515266561196,676.0,17576.0,3.295836866004329,1.2969300866657718
66.23285714285714,12.0,218.0,68.0,298.0,98.0,12.900000000000002,10.3,44.95412844,120.0,9.3,7.1,55.04587156,106.0,48.62385321,2020.0,689.5238095238095,34.9847619047619,65.01523809523809,29.225238095238097,41.39523809523809,5.063809523809524,34.739999999999995,18.8,40.621299,-73.982583,11204.0,11204.0,common_core_english,4386.791365306122,290549.72581383964,4.193176671274342,1.9393028860849175,47524.0,10360232.0,5.389071729816501,8.846306258720883
73.53857142857143,12.0,227.0,52.0,291.0,94.0,12.3,9.9,41.40969163,133.0,9.8,7.0,58.59030837,142.0,62.55506608,2019.95,668.2,24.653,75.34700000000001,46.7325,38.372,32.126999999999995,13.945,15.556,40.632829,-73.952356,11210.0,11210.0,living_environment,5407.921487755102,397690.82060738484,4.297810049910326,2.0862865478564085,51529.0,11697083.0,5.429345628954441,9.67940081407284
63.66,3.0,15.0,4.0,22.0,8.0,11.6,6.3,53.33333333,7.0,14.0,5.7,46.66666667,8.0,53.33333333,2019.5,64.4375,41.205625,58.795625,19.956875,15.838125,22.358125,61.80375,0.0,40.735361,-73.987064,10003.0,10003.0,living_environment,4052.5955999999996,257988.23589599997,4.1535564218539465,1.8900437935621353,225.0,3375.0,2.772588722239781,1.161834242728283
55.57833333333334,3.0,24.0,5.0,32.0,12.0,5.6,3.0,50.0,12.0,7.1,3.8,50.0,7.0,29.16666667,2019.636363636364,125.0909090909091,67.47909090909091,32.52181818181818,5.088181818181818,0.0,5.29090909090909,92.83272727272728,1.8772727272727272,40.855392,-73.882487,10458.0,10458.0,common_core_algebra,3088.9511361111117,171678.7558931621,4.017793437058939,1.7433060397888949,576.0,13824.0,3.2188758248682006,1.2712491503214047
65.208,4.0,36.0,11.0,51.0,18.0,11.3,4.9,50.0,18.0,9.1,4.0,50.0,12.0,33.33333333,2019.7058823529408,108.47058823529412,43.21,56.79235294117648,11.975882352941175,0.5541176470588235,48.4264705882353,50.40823529411765,0.611764705882353,40.721448,-73.953328,11222.0,11222.0,common_core_english,4252.083264,277269.845478912,4.177582160792157,1.9195293005106246,1296.0,46656.0,3.6109179126442243,1.4333294145603401
73.715,2.0,27.0,7.0,36.0,10.0,8.1,5.7,37.03703704,17.0,7.5,6.0,62.96296295999999,18.0,66.66666667,2019.8235294117649,59.64705882352941,29.592352941176472,70.40764705882353,25.95058823529412,0.0,66.44117647058823,31.701176470588237,1.8564705882352943,40.685006,-73.993293,11201.0,11201.0,common_core_english,5433.9012250000005,400560.02880087506,4.300206306301783,2.08997060231541,729.0,19683.0,3.332204510175204,1.3099644507332473
60.8925,2.0,14.0,2.0,18.0,7.0,12.8,6.1,50.0,7.0,13.1,8.0,50.0,7.0,50.0,2019.2857142857144,26.071428571428573,43.61928571428571,56.38071428571429,11.832142857142856,0.0,21.844285714285714,78.1557142857143,0.0,40.820486,-73.881187,10473.0,10473.0,common_core_algebra,3707.89655625,225783.0910514531,4.1091100144225745,1.8384539980712566,196.0,2744.0,2.70805020110221,1.1502737988572274
94.456,7.0,64.0,17.0,88.0,27.0,12.7,9.6,42.1875,37.0,13.2,9.8,57.8125,56.0,87.5,2019.6875,163.5,0.055,99.945,97.62875,62.974375,0.118125,0.8206249999999999,36.086875,40.568299,-74.117086,10306.0,10306.0,common_core_english,8921.935936,842730.3807708161,4.548134117604809,2.571681589713559,4096.0,262144.0,4.174387269895637,1.8964808793049515
78.485,13.0,230.0,130.0,373.0,81.0,13.6,10.9,35.2173913,149.0,11.9,9.2,64.7826087,195.0,84.7826087,2019.95,684.25,30.740500000000004,69.2595,35.1275,8.243,1.4745,16.145500000000002,74.136,40.528152,-74.193431,10312.0,10312.0,common_core_english,6159.895225,483459.37673412496,4.36290752372717,2.192078104355451,52900.0,12167000.0,5.442417710521793,9.974182454814718
60.50666666666666,3.0,25.0,11.0,39.0,12.0,11.2,8.4,48.0,13.0,16.8,7.300000000000001,52.0,15.0,46.66666667,2019.8333333333333,155.22222222222223,48.361666666666665,51.638888888888886,14.812222222222225,0.1833333333333333,90.825,7.905555555555555,1.086666666666667,40.647728,-73.922212,11203.0,11203.0,common_core_algebra,3661.0567111111104,221518.3380669629,4.102753551803477,1.8313742964359054,625.0,15625.0,3.258096538021482,1.2840254166877414
60.81666666666666,3.0,46.0,11.0,60.0,18.0,15.8,7.2,39.13043478,28.0,15.9,8.5,60.86956521999999,12.0,26.08695652,2019.8235294117649,94.29411764705884,46.46117647058824,53.54294117647059,15.07,0.0,76.29117647058824,23.708823529411767,0.0,40.815237,-73.944299,10030.0,10030.0,living_environment,3698.666944444444,224940.59467129625,4.107863874214347,1.8370603656084812,2116.0,97336.0,3.8501476017100584,1.5840739849944818
69.85,13.0,141.0,33.0,187.0,46.0,16.2,13.7,32.62411348,95.0,12.599999999999998,10.8,67.37588652,97.0,68.79432624,2020.0,505.4285714285714,45.71619047619048,54.28380952380952,18.912857142857145,4.67047619047619,37.18047619047619,48.55761904761905,9.591904761904765,40.645436,-74.082149,10301.0,10301.0,common_core_english,4879.022499999999,340799.7216249999,4.246350085702971,2.0107343427487554,19881.0,2803221.0,4.955827057601261,4.095955404071176
61.86166666666667,3.0,32.0,10.0,45.0,16.0,14.6,9.5,50.0,16.0,9.0,6.7,50.0,16.0,50.0,2019.8333333333333,126.11111111111111,47.25611111111111,52.74611111111111,15.723333333333333,5.626111111111111,32.15611111111111,51.392222222222216,10.825555555555557,40.860443,-73.860729,10469.0,10469.0,common_core_algebra,3826.8658027777783,236736.2966695047,4.124900709452445,1.856358302534602,1024.0,32768.0,3.4965075614664802,1.3771277643359572
62.06,2.0,25.0,5.0,32.0,12.0,13.9,11.0,48.0,13.0,9.6,8.4,52.0,17.0,68.0,2019.8333333333333,95.66666666666669,41.95166666666667,58.04833333333334,19.848333333333333,1.3883333333333334,17.641666666666666,79.205,1.765,40.827455,-73.90392,10456.0,10456.0,common_core_english,3851.4436,239020.58981600002,4.128101659020234,1.860043733345429,625.0,15625.0,3.258096538021482,1.2840254166877414
71.035,3.0,32.0,10.0,45.0,12.0,8.9,6.5,37.5,20.0,7.3,4.8,62.5,19.0,59.375,2019.8333333333333,91.0,24.863333333333333,75.13666666666667,32.67166666666667,1.15,35.38166666666667,63.46833333333333,0.0,40.743407,-74.00254,10011.0,10011.0,common_core_english,5045.971224999999,358440.56596787495,4.263172713324041,2.0347032801837774,1024.0,32768.0,3.4965075614664802,1.3771277643359572
61.29833333333334,7.0,80.0,28.0,115.0,32.0,11.7,10.6,40.0,48.0,8.7,6.6,60.0,49.0,61.25,2019.8333333333333,211.5,47.36611111111111,52.63388888888889,16.875,13.570555555555556,26.51888888888889,55.30166666666666,4.607777777777778,40.839775,-73.839583,10461.0,10461.0,common_core_algebra,3757.485669444445,230327.60906082878,4.115752653883042,1.8459302174474288,6400.0,512000.0,4.394449154672439,2.225540928492468
67.69166666666666,1.0,15.0,6.0,22.0,8.0,21.7,16.7,53.33333333,7.0,11.3,6.9,46.66666667,5.0,33.33333333,2019.6,56.93333333333333,52.949333333333335,47.05333333333333,17.764666666666663,0.5126666666666667,55.57,43.91733333333333,0.0,40.711441,-74.000851,10038.0,10038.0,common_core_english,4582.16173611111,310174.1648535879,4.214963080268908,1.9678009823597304,225.0,3375.0,2.772588722239781,1.161834242728283
59.64200000000001,4.0,51.0,21.0,76.0,25.0,8.4,5.7,49.01960784,26.0,6.7,3.9,50.98039216,25.0,49.01960784,2019.8235294117649,133.2941176470588,64.99117647058823,35.008823529411764,6.556470588235294,0.0,27.063529411764705,72.26176470588236,0.6741176470588236,40.813681,-73.925995,10451.0,10451.0,common_core_english,3557.168164000001,212156.6236372881,4.088360023874844,1.815607277665311,2601.0,132651.0,3.9512437185814275,1.6652911949458864
63.94333333333333,2.0,20.0,5.0,27.0,7.0,15.2,10.4,35.0,13.0,15.1,9.2,65.0,13.0,65.0,2019.6875,64.5625,38.075625,61.924375,21.49,0.350625,20.07875,79.570625,0.0,40.765474,-73.9927,10019.0,10019.0,living_environment,4088.749877777777,261448.2963513703,4.157997274480136,1.895406511239713,400.0,8000.0,3.044522437723423,1.2214027581601699
66.89166666666667,3.0,29.0,8.0,40.0,12.0,1.9,1.7,41.37931034,17.0,3.7,3.0,58.62068966,19.0,65.51724138,2020.0,132.7,31.8615,68.1385,21.891,0.3155,35.1965,64.14450000000001,0.344,40.859466,-73.888625,10458.0,10458.0,living_environment,4474.495069444444,299306.43268692127,4.203074395349531,1.9521213765485723,841.0,24389.0,3.4011973816621555,1.336427488025472
73.36166666666666,3.0,29.0,7.0,39.0,12.0,7.199999999999999,5.0,41.37931034,17.0,11.1,7.300000000000001,58.62068966,13.0,44.82758621,2019.7777777777776,83.11111111111111,8.803333333333335,91.20055555555555,41.51777777777777,24.67555555555556,37.38944444444444,35.879444444444445,2.055,40.714551,-73.798658,11432.0,11432.0,common_core_algebra,5381.934136111111,394827.65811533795,4.295401546701405,2.082599070229702,841.0,24389.0,3.4011973816621555,1.336427488025472
72.80199999999999,4.0,49.0,11.0,64.0,18.0,10.4,5.8,36.73469388,31.0,11.3,6.3,63.26530612,15.0,30.6122449,2019.8235294117649,121.82352941176472,46.14529411764706,53.86,17.224117647058822,5.930588235294117,90.24,3.828823529411765,0.0,40.705989,-73.752885,11412.0,11412.0,common_core_english,5300.131203999999,385860.1519136079,4.2877434273527495,2.070976012960665,2401.0,117649.0,3.912023005428146,1.632316219955379
56.57000000000001,2.0,9.0,2.0,13.0,14.0,11.0,6.8,40.477524155,20.0,9.95,6.049999999999999,59.522475845,6.0,66.66666667,2019.5625,56.0625,58.02375,41.97625,5.468125000000001,0.0,25.744375,74.255625,0.0,40.810671,-73.907528,10455.0,10455.0,common_core_algebra,3200.1649000000007,181033.32839300006,4.035478809355064,1.7606798273350266,81.0,729.0,2.302585092994046,1.0941742837052104
67.20166666666667,3.0,30.0,7.0,40.0,8.0,13.5,11.2,26.66666667,22.0,12.0,6.9,73.33333333,6.0,20.0,2019.8333333333333,115.94444444444444,56.39666666666667,43.60333333333333,11.157222222222222,14.295555555555556,61.10499999999999,24.087222222222223,0.5127777777777778,40.685838,-73.783438,11434.0,11434.0,common_core_english,4516.064002777778,303487.0277600046,4.207698048808851,1.958182342459212,900.0,27000.0,3.4339872044851463,1.3498588075760032
70.69500000000001,4.0,46.0,13.0,63.0,23.0,9.7,6.1,50.0,23.0,7.800000000000001,5.8,50.0,35.0,76.08695652,2019.9444444444443,112.77777777777776,15.725,84.275,42.074444444444445,1.5477777777777777,27.066111111111116,35.19555555555556,36.19166666666667,40.593028,-73.986313,11214.0,11214.0,common_core_algebra,4997.783025000001,353318.2709523751,4.258374849043804,2.0277970362987707,2116.0,97336.0,3.8501476017100584,1.5840739849944818
67.686,1.0,28.0,6.0,35.0,10.0,7.9,4.0,35.71428571,18.0,3.9,2.1,64.28571429,20.0,71.42857143,2019.7058823529408,88.94117647058823,57.728235294117646,42.271764705882354,11.110588235294117,0.0,26.845294117647057,71.05470588235295,2.099411764705882,40.786134,-73.974483,10024.0,10024.0,common_core_english,4581.394596000001,310096.2746248561,4.214879363850838,1.967689476796751,784.0,21952.0,3.367295829986474,1.3231298123374369
66.38333333333334,3.0,19.0,6.0,28.0,9.0,8.2,6.5,47.36842105,10.0,13.4,4.1,52.63157895,10.0,52.63157895,2019.8333333333333,90.0,57.06277777777778,42.93722222222223,10.049444444444443,0.0,87.47166666666666,12.528333333333332,0.0,40.669805,-73.960689,11225.0,11225.0,common_core_english,4406.746944444445,292534.5513287038,4.195446020959544,1.9422232718812853,361.0,6859.0,2.995732273553991,1.2092495976572515
58.435,3.0,18.0,8.0,29.0,8.0,14.9,4.8,44.44444444,10.0,7.400000000000001,1.7,55.55555556,10.0,55.55555556,2019.8333333333333,97.72222222222224,48.25277777777778,51.74722222222223,14.879444444444443,2.728333333333333,25.632777777777772,71.47222222222223,0.1683333333333333,40.743407,-74.00254,10011.0,10011.0,common_core_algebra,3414.649225,199535.02746287503,4.06791502538512,1.793824620608935,324.0,5832.0,2.9444389791664403,1.1972173631218102
62.01500000000001,5.0,70.0,14.0,89.0,18.0,11.7,7.900000000000001,25.71428571,52.0,13.3,9.8,74.28571429,37.0,52.85714286,2019.8333333333333,246.83333333333331,41.84111111111111,58.16055555555556,19.635555555555555,20.821111111111108,56.64055555555555,16.572222222222223,5.965555555555556,40.744197,-73.728834,11426.0,11426.0,common_core_algebra,3845.860225000001,238501.02185337507,4.127376291267293,1.8592069019666053,4900.0,343000.0,4.2626798770413155,2.0137527074704766
71.434,2.0,31.0,6.0,39.0,11.0,5.2,1.8,35.48387097,20.0,8.8,4.9,64.51612903,18.0,58.06451613,2019.6875,89.875,24.488125,75.511875,34.186875,1.1925,13.476875,56.056875,29.274375,40.786134,-73.974483,10024.0,10024.0,living_environment,5102.816355999999,364514.58357450395,4.268773946479024,2.0428379641741925,961.0,29791.0,3.4657359027997265,1.3634251141321778
66.76714285714286,4.0,36.0,14.0,54.0,20.0,6.4,3.6,55.55555556,16.0,7.8,3.9,44.44444444,12.0,33.33333333,2019.95,95.75,53.2485,46.7525,10.9215,0.0,87.8475,12.1525,0.0,40.674456,-73.912685,11233.0,11233.0,common_core_english,4457.851365306123,297637.9989433032,4.201211086137134,1.9496920335131278,1296.0,46656.0,3.6109179126442243,1.4333294145603401
60.81166666666667,4.0,50.0,8.0,62.0,17.0,10.5,8.5,34.0,33.0,12.2,7.400000000000001,66.0,26.0,52.0,2019.8333333333333,118.94444444444444,47.56111111111111,52.43944444444444,15.775555555555554,3.716666666666667,47.27111111111111,47.285555555555554,1.7277777777777776,40.601537,-73.763995,11691.0,11691.0,common_core_algebra,3698.058802777778,224885.11922825463,4.107781656529276,1.8369685148864878,2500.0,125000.0,3.9318256327243257,1.6487212707001282
57.77166666666667,3.0,31.0,9.0,43.0,16.0,17.2,9.0,51.61290323,15.0,12.7,6.3,48.38709677,8.0,25.80645161,2019.8333333333333,112.83333333333331,53.01611111111111,46.98388888888889,14.227222222222224,2.893333333333333,30.57222222222222,66.24722222222222,0.2872222222222222,40.877379,-73.912686,10463.0,10463.0,common_core_algebra,3337.5654694444447,192816.7197789213,4.056498459414525,1.7819649619798301,961.0,29791.0,3.4657359027997265,1.3634251141321778
57.13833333333333,4.0,36.0,10.0,50.0,10.0,9.6,3.8,27.77777778,26.0,10.3,4.2,72.22222222,16.0,44.44444444,2019.8333333333333,129.66666666666666,52.38555555555556,47.614444444444445,11.817222222222222,2.52,32.64,63.48,1.3611111111111112,40.774891,-73.985608,10023.0,10023.0,common_core_algebra,3264.7891361111106,186544.609922162,4.0454752282521556,1.770714846856375,1296.0,46656.0,3.6109179126442243,1.4333294145603401
59.21333333333333,3.0,25.0,10.0,38.0,9.0,14.5,9.7,36.0,16.0,11.0,7.199999999999999,64.0,10.0,40.0,2019.8333333333333,103.27777777777776,52.14833333333333,47.85166666666667,11.896666666666668,0.0,18.29055555555556,81.16444444444444,0.5449999999999999,40.877379,-73.912686,10463.0,10463.0,living_environment,3506.218844444444,207614.9051757037,4.081146741755791,1.8078410320139557,625.0,15625.0,3.258096538021482,1.2840254166877414
55.07666666666668,3.0,30.0,8.0,41.0,12.0,4.6,2.7,40.0,18.0,3.9,2.8,60.0,8.0,26.66666667,2019.8333333333333,135.0,50.16333333333333,49.836666666666666,8.421111111111111,10.581666666666669,5.307777777777777,82.04,2.0694444444444446,40.821218,-73.85593,10473.0,10473.0,common_core_english,3033.439211111113,167071.7202839631,4.00872615399479,1.7345823546950982,900.0,27000.0,3.4339872044851463,1.3498588075760032
59.86166666666667,2.0,36.0,12.0,50.0,15.0,6.7,3.8,41.66666667,21.0,9.6,4.5,58.33333333,15.0,41.66666667,2019.8235294117649,105.47058823529412,49.17176470588235,50.82764705882353,9.976470588235294,0.9070588235294118,21.07058823529412,78.0229411764706,0.0,40.832508,-73.878191,10472.0,10472.0,common_core_algebra,3583.4191361111116,214509.441852838,4.092036344781132,1.8195999453263971,1296.0,46656.0,3.6109179126442243,1.4333294145603401
57.62166666666667,3.0,30.0,11.0,44.0,13.0,12.1,6.4,43.33333333,17.0,7.900000000000001,4.5,56.66666667,10.0,33.33333333,2019.8333333333333,95.77777777777776,64.45055555555555,35.54944444444445,8.23388888888889,0.0,22.014444444444443,77.98555555555555,0.0,40.839307,-73.911366,10457.0,10457.0,common_core_algebra,3320.256469444445,191318.71153017133,4.0538986543797915,1.779294018245463,900.0,27000.0,3.4339872044851463,1.3498588075760032
55.70399999999999,3.0,17.0,13.0,33.0,6.0,9.9,8.8,35.29411765,11.0,11.9,6.8,64.70588235,11.0,64.70588235,2019.7058823529408,103.11764705882354,62.37235294117647,37.63411764705882,6.5858823529411765,0.0,22.95352941176471,77.0464705882353,0.0,40.818041,-73.911633,10455.0,10455.0,living_environment,3102.9356159999993,172845.92555366395,4.020051957640246,1.7454981714798221,289.0,4913.0,2.8903717578961645,1.1853048513203654
68.85857142857142,3.0,48.0,9.0,60.0,12.0,6.8,4.1,25.0,36.0,9.4,5.0,75.0,29.0,60.41666666999999,2019.8947368421047,90.52631578947368,29.63736842105263,70.36368421052632,35.67,58.03736842105263,7.210000000000001,18.879473684210524,15.87421052631579,40.63497525,-73.98180529,11219.0,11219.0,living_environment,4741.502859183673,326493.11330787453,4.23205471166804,1.9908978428253825,2304.0,110592.0,3.8918202981106265,1.6160744021928934
67.62,2.0,25.0,5.0,32.0,14.0,11.2,6.2,56.0,11.0,7.9,4.2,44.0,13.0,52.0,2019.8235294117649,49.94117647058823,30.358823529411765,69.64294117647059,26.324117647058824,12.06,20.983529411764707,66.95764705882353,0.0,40.713362,-73.986051,10002.0,10002.0,living_environment,4572.464400000001,309190.0427280001,4.21390379727974,1.966391230210565,625.0,15625.0,3.258096538021482,1.2840254166877414
67.085,3.0,29.0,5.0,37.0,5.0,12.6,5.2,17.24137931,24.0,9.2,6.0,82.75862069,13.0,44.82758621,2019.8333333333333,99.27777777777776,35.58222222222222,64.41888888888889,24.94944444444444,20.49833333333333,41.431666666666665,38.06777777777778,0.0,40.714551,-73.798658,11432.0,11432.0,living_environment,4500.397224999999,301909.1478391249,4.205960472042435,1.9558991285267788,841.0,24389.0,3.4011973816621555,1.336427488025472
62.42142857142857,5.0,27.0,10.0,42.0,12.0,10.0,7.8,44.44444444,15.0,12.9,8.7,55.55555556,10.0,37.03703704,2019.95,149.2,46.7405,53.2595,11.265,0.5015000000000001,23.0745,76.4235,0.0,40.839307,-73.911366,10457.0,10457.0,common_core_algebra,3896.4347448979593,243221.02311188047,4.13390862301824,1.8667786264211963,729.0,19683.0,3.332204510175204,1.3099644507332473
75.55166666666666,4.0,56.0,17.0,77.0,30.0,13.3,9.8,53.57142857,26.0,14.300000000000002,9.1,46.42857143,23.0,41.07142857,2019.8333333333333,209.72222222222223,35.93666666666667,64.0638888888889,24.48,18.535555555555558,10.024444444444445,68.00722222222223,3.4322222222222223,40.748502,-73.946488,11101.0,11101.0,common_core_english,5708.05433611111,431253.0185170879,4.324816748921042,2.128711073334983,3136.0,175616.0,4.04305126783455,1.7506725002961012
77.325,11.0,241.0,72.0,324.0,81.0,13.5,9.6,33.60995851,160.0,12.9,10.3,66.39004149,135.0,56.01659751,2019.8333333333333,829.1666666666666,18.546666666666667,81.45333333333333,54.52944444444445,59.44388888888889,4.022777777777778,24.195,12.33777777777778,40.740875,-73.795049,11365.0,11365.0,common_core_english,5979.155625,462338.20870312507,4.3480173185711335,2.1667969127420776,58081.0,13997521.0,5.488937726156687,11.133961145065307
57.535714285714285,4.0,37.0,10.0,51.0,21.0,16.9,13.1,56.75675676000001,16.0,14.1,11.3,43.24324324,11.0,29.729729729999995,2019.9,102.0,53.2885,46.713,12.4945,0.0,20.2415,79.7585,0.0,40.818645,-73.919949,10451.0,10451.0,common_core_algebra,3310.358418367347,190463.8361424927,4.052405873001771,1.777765329738836,1369.0,50653.0,3.6375861597263857,1.4477346146633245
55.31833333333333,4.0,37.0,16.0,57.0,12.0,16.5,9.2,32.43243243,25.0,13.6,7.599999999999999,67.56756757,8.0,21.62162162,2019.8333333333333,126.11111111111111,59.02000000000001,40.98,8.139444444444443,0.0,20.983888888888888,79.01611111111112,0.0,40.821828,-73.922366,10451.0,10451.0,living_environment,3060.1180027777773,169280.6277169953,4.013104378601083,1.7387793313564512,1369.0,50653.0,3.6375861597263857,1.4477346146633245
70.34,3.0,39.0,10.0,52.0,16.0,8.1,4.3,41.02564103,23.0,10.6,4.3,58.97435897,17.0,43.58974359,2019.8333333333333,101.83333333333331,45.11555555555556,54.888333333333335,17.148333333333333,3.2016666666666667,25.933333333333334,70.665,0.2005555555555555,40.855392,-73.882487,10458.0,10458.0,common_core_english,4947.7156,348022.31530400005,4.253340627045836,2.0206111193691685,1521.0,59319.0,3.6888794541139363,1.4769807938826427
70.55833333333334,4.0,53.0,16.0,73.0,21.0,11.0,6.3,39.62264151,32.0,9.6,4.7,60.37735848999999,26.0,49.05660377,2019.8333333333333,101.16666666666669,45.60277777777778,54.39722222222222,17.186666666666667,0.0,22.495,77.505,0.0,40.854257,-73.897404,10457.0,10457.0,common_core_english,4978.478402777779,351273.13863599545,4.256439790860231,2.025027606557209,2809.0,148877.0,3.9889840465642745,1.6989323086185506
68.165,3.0,30.0,15.0,48.0,11.0,9.5,7.900000000000001,36.66666667,19.0,5.6,3.9,63.33333333,17.0,56.66666667,2019.8333333333333,98.94444444444444,47.242777777777775,52.75722222222223,13.419444444444444,0.2677777777777778,31.89,67.225,0.6177777777777778,40.774891,-73.985608,10023.0,10023.0,common_core_english,4646.467225000001,316726.43839212507,4.221931236638093,1.9771373189081185,900.0,27000.0,3.4339872044851463,1.3498588075760032
64.50571428571429,12.0,153.0,36.0,201.0,92.0,11.5,7.200000000000001,60.13071895,61.0,11.2,8.1,39.86928105,108.0,70.58823529,2020.0,526.7142857142857,39.8252380952381,60.17476190476191,24.304285714285715,27.713809523809523,25.462380952380958,30.72095238095238,16.103333333333335,40.58807,-73.981925,11223.0,11223.0,living_environment,4160.987175510205,268407.4498899826,4.1667538134545135,1.9060959459283273,23409.0,3581577.0,5.0369526024136295,4.618176822299781
62.14666666666667,3.0,30.0,11.0,44.0,13.0,9.7,7.5,43.33333333,17.0,5.9,3.6,56.66666667,12.0,40.0,2019.7058823529408,124.29411764705884,48.28058823529412,51.72117647058823,12.284705882352942,0.1958823529411764,27.642352941176476,70.43411764705883,1.7276470588235295,40.709765,-73.944463,11206.0,11206.0,common_core_algebra,3862.208177777778,240023.36422162966,4.12949718283643,1.8616564699992664,900.0,27000.0,3.4339872044851463,1.3498588075760032
57.79714285714285,4.0,37.0,10.0,51.0,21.0,16.9,13.1,56.75675676000001,16.0,14.1,11.3,43.24324324,11.0,29.729729729999995,2019.9,102.0,53.2885,46.713,12.4945,0.0,20.2415,79.7585,0.0,40.818645,-73.919949,10451.0,10451.0,living_environment,3340.509722448979,193071.91764405827,4.056939342919232,1.7824189966006696,1369.0,50653.0,3.6375861597263857,1.4477346146633245
69.68833333333333,4.0,50.0,8.0,62.0,17.0,10.5,8.5,34.0,33.0,12.2,7.400000000000001,66.0,26.0,52.0,2019.8333333333333,118.94444444444444,47.56111111111111,52.43944444444444,15.775555555555554,3.716666666666667,47.27111111111111,47.285555555555554,1.7277777777777776,40.601537,-73.763995,11691.0,11691.0,common_core_english,4856.463802777777,338438.8683092454,4.2440329197294275,2.007486281784688,2500.0,125000.0,3.9318256327243257,1.6487212707001282
87.295,14.0,288.0,47.0,349.0,152.0,13.7,9.0,52.77777778,136.0,12.9,7.599999999999999,47.22222222,166.0,57.63888889,2019.888888888889,664.9444444444445,0.2822222222222222,99.71777777777778,95.875,65.31722222222223,5.226111111111111,5.506111111111111,23.948888888888888,40.688896,-73.976435,11217.0,11217.0,common_core_algebra,7620.417025000001,665224.3041973751,4.469293187436738,2.393962636808506,82944.0,23887872.0,5.666426688112432,17.814273179612197
76.74166666666666,3.0,29.0,7.0,39.0,12.0,7.199999999999999,5.0,41.37931034,17.0,11.1,7.300000000000001,58.62068966,13.0,44.82758621,2019.7777777777776,83.11111111111111,8.803333333333335,91.20055555555555,41.51777777777777,24.67555555555556,37.38944444444444,35.879444444444445,2.055,40.714551,-73.798658,11432.0,11432.0,living_environment,5889.283402777777,451953.42380150454,4.340444802939321,2.1541940581475574,841.0,24389.0,3.4011973816621555,1.336427488025472
53.44,4.0,46.0,18.0,68.0,13.0,8.5,5.2,28.26086957,33.0,14.4,9.9,71.73913043,7.0,15.2173913,2019.95,113.3,58.346,41.654,6.614,0.0,66.452,33.016000000000005,0.5315000000000001,40.673766,-73.895976,11207.0,11207.0,living_environment,2855.8336,152615.74758399997,3.97855952922839,1.7064240805880837,2116.0,97336.0,3.8501476017100584,1.5840739849944818
61.51500000000001,3.0,25.0,4.0,32.0,11.0,5.9,4.1,44.0,14.0,8.8,3.6,56.0,12.0,48.0,2019.8235294117649,68.41176470588235,41.52411764705882,58.47588235294118,14.22764705882353,1.008823529411765,29.35,68.72235294117647,0.9194117647058824,40.711441,-74.000851,10038.0,10038.0,common_core_algebra,3784.095225000001,232778.6177658751,4.119281047512132,1.8499340688579382,625.0,15625.0,3.258096538021482,1.2840254166877414
60.10999999999999,2.0,51.0,11.0,64.0,14.0,12.7,4.3,27.45098039,37.0,7.300000000000001,5.0,72.54901961,13.0,25.49019608,2019.8333333333333,112.0,51.99722222222223,48.00611111111111,13.272777777777778,0.535,71.49277777777777,27.806666666666665,0.1661111111111111,40.657266,-73.874064,11239.0,11239.0,common_core_algebra,3613.2120999999993,217190.1793309999,4.09617621705107,1.8241242338571306,2601.0,132651.0,3.9512437185814275,1.6652911949458864
60.64200000000001,4.0,55.0,15.0,74.0,19.0,9.5,7.7,34.54545455,36.0,8.7,6.5,65.45454545,19.0,34.54545455,2019.5625,117.75,45.993125,54.00875,17.826875,0.1725,16.178125,83.649375,0.0,40.859466,-73.888625,10458.0,10458.0,common_core_algebra,3677.452164000001,223008.05412928812,4.104987722320581,1.8338544341650789,3025.0,166375.0,4.02535169073515,1.7332530178673953
68.386,4.0,33.0,14.0,51.0,13.0,11.5,4.4,39.39393939,20.0,4.9,2.5,60.60606061,5.0,15.15151515,2019.7058823529408,100.52941176470588,47.30058823529412,52.70058823529411,13.281176470588235,0.9835294117647058,25.941764705882356,73.07411764705883,0.0,40.855392,-73.882487,10458.0,10458.0,common_core_english,4676.644995999999,319817.04469645594,4.225168125316457,1.981511624209885,1089.0,35937.0,3.5263605246161616,1.3909681284637803
73.712,3.0,35.0,5.0,43.0,7.0,11.4,7.0,20.0,28.0,13.5,8.5,80.0,12.0,34.28571429,2019.8125,76.875,17.45125,82.54875,44.98125,5.085625,27.913125,66.571875,0.43125,40.792932,-73.947171,10029.0,10029.0,living_environment,5433.458944000001,400511.12568012805,4.300165608193561,2.089907904137818,1225.0,42875.0,3.58351893845611,1.4190675485932571
70.02,3.0,34.0,10.0,47.0,13.0,11.5,8.2,38.23529412,21.0,8.9,4.9,61.76470588,20.0,58.823529410000006,2019.95,89.45,22.7375,77.2635,41.8715,1.077,31.1905,54.3275,13.404,40.765638,-73.959777,10065.0,10065.0,living_environment,4902.800399999999,343294.0840079999,4.2487809155265195,2.0141554982897096,1156.0,39304.0,3.5553480614894135,1.4049475905635938
61.905,1.0,31.0,10.0,42.0,18.0,12.5,6.0,58.06451613,13.0,13.5,5.7,41.93548387,8.0,25.80645161,2019.8333333333333,125.22222222222224,61.49666666666667,38.50555555555556,10.887222222222222,3.848888888888889,30.960555555555555,65.19111111111111,0.0,40.821218,-73.85593,10473.0,10473.0,common_core_english,3832.229025,237234.137792625,4.125600951872655,1.8571628987822968,961.0,29791.0,3.4657359027997265,1.3634251141321778
72.858,4.0,41.0,11.0,56.0,25.0,10.4,5.9,60.97560976,16.0,12.0,6.0,39.02439024,27.0,65.85365854,2019.6875,107.8125,27.330625,72.670625,30.07,4.709375,20.68125,47.67125,26.93875,40.689493,-74.018941,10004.0,10004.0,living_environment,5308.2881640000005,386751.25905271206,4.288512341299737,2.0721360843175867,1681.0,68921.0,3.7376696182833684,1.5068177851128535
66.78833333333334,2.0,20.0,7.0,29.0,8.0,12.3,6.6,40.0,12.0,11.9,6.6,60.0,12.0,60.0,2019.8125,59.875,30.62,69.38,21.619375,4.825,36.056875,56.576875,2.54125,40.74651,-73.98107,10016.0,10016.0,common_core_algebra,4460.681469444446,297921.4808750788,4.201528414590788,1.9501052263164924,400.0,8000.0,3.044522437723423,1.2214027581601699
71.52799999999999,4.0,33.0,7.0,44.0,8.0,12.7,9.1,24.24242424,25.0,11.9,8.0,75.75757576,13.0,39.39393939,2019.7857142857144,83.35714285714286,15.114999999999998,84.885,52.16214285714285,32.84428571428571,60.99571428571428,6.159999999999999,0.0,40.69691,-73.78640299999999,11433.0,11433.0,common_core_algebra,5116.254783999999,365955.47218995186,4.270088981433017,2.0447591346691865,1089.0,35937.0,3.5263605246161616,1.3909681284637803
67.375,4.0,30.0,7.0,41.0,11.0,10.1,5.4,36.66666667,19.0,7.0,4.6,63.33333333,12.0,40.0,2019.764705882353,86.29411764705883,25.345294117647057,74.65705882352941,36.93294117647059,2.6958823529411764,21.80470588235294,75.49941176470588,0.0,40.833884,-73.902794,10456.0,10456.0,common_core_algebra,4539.390625,305841.443359375,4.210274029229161,1.9615794685115133,900.0,27000.0,3.4339872044851463,1.3498588075760032
60.678333333333335,3.0,38.0,9.0,50.0,19.0,7.699999999999999,4.8,50.0,19.0,5.5,3.7000000000000006,50.0,21.0,55.26315789,2019.8333333333333,91.38888888888889,45.46,54.54111111111112,15.122777777777776,14.37,36.17944444444444,12.670555555555556,36.778333333333336,40.593157,-73.936635,11235.0,11235.0,living_environment,3681.8601361111114,223409.13662566204,4.10558668761224,1.834520855668734,1444.0,54872.0,3.6635616461296463,1.4622845894342245
66.49833333333333,11.0,219.0,37.0,267.0,84.0,12.5,9.9,38.35616438,135.0,11.8,9.3,61.64383561999999,137.0,62.55707763000001,2019.8333333333333,778.6666666666666,29.782222222222224,70.21777777777778,36.684444444444445,22.552777777777777,7.606111111111111,42.66944444444445,27.171666666666667,40.730017,-73.843972,11375.0,11375.0,common_core_algebra,4422.0283361111115,294057.51430416206,4.1971768846910935,1.9444581134315422,47961.0,10503459.0,5.393627546352362,8.935213114698747
57.33857142857143,5.0,53.0,18.0,76.0,28.0,9.7,6.799999999999999,52.830188680000006,25.0,10.2,7.1,47.16981132,25.0,47.16981132,2020.0,189.7619047619048,53.72809523809524,46.27190476190477,12.379523809523809,2.7666666666666666,71.01857142857143,25.966190476190476,0.2485714285714285,40.695444,-73.986105,11201.0,11201.0,living_environment,3287.7117734693875,188512.6963596297,4.048973546098324,1.7742640447750884,2809.0,148877.0,3.9889840465642745,1.6989323086185506
67.45285714285714,13.0,110.0,34.0,157.0,29.0,8.8,7.1,26.36363636,81.0,9.3,6.6,73.63636364,67.0,60.90909091000001,2019.95,295.75,30.5185,69.4845,28.409,3.085,32.8155,61.177,2.9215,40.745677,-73.996354,10011.0,10011.0,living_environment,4549.8879367346935,306902.9410125743,4.2114289411763055,1.963107292923609,12100.0,1331000.0,4.709530201312334,3.0041660239464334
65.9,2.0,13.0,4.0,19.0,5.0,15.1,6.9,38.46153846,8.0,9.7,6.5,61.53846154,15.0,46.66666667,2019.8125,50.625,54.741875,45.258125,11.7275,0.78125,76.6875,22.53125,0.0,40.666868,-73.895122,11207.0,11207.0,common_core_english,4342.81,286191.17900000006,4.188138441508461,1.9328585091414119,169.0,2197.0,2.6390573296152584,1.1388283833246218
55.804,3.0,14.0,5.0,22.0,6.0,8.0,7.1,42.85714286,8.0,20.6,7.2,57.14285714,15.0,46.66666667,2019.4666666666667,79.73333333333333,61.084,38.916,8.047333333333334,0.0,91.48266666666667,8.517333333333333,0.0,40.669561,-73.955188,11225.0,11225.0,common_core_algebra,3114.086416,173778.47835846402,4.021845551405861,1.7472445426913767,196.0,2744.0,2.70805020110221,1.1502737988572274
58.205000000000005,3.0,29.0,11.0,43.0,16.0,9.5,4.9,55.17241379,13.0,8.1,5.0,44.82758621,10.0,34.48275862,2019.7058823529408,121.17647058823528,55.78588235294118,44.21470588235294,10.841176470588236,7.693529411764706,26.00764705882353,63.277058823529416,3.023529411764706,40.839775,-73.839583,10461.0,10461.0,common_core_algebra,3387.822025000001,197188.18096512507,4.063971261700204,1.7897035650121693,841.0,24389.0,3.4011973816621555,1.336427488025472
59.11666666666667,2.0,24.0,6.0,32.0,12.0,8.6,2.8,50.0,12.0,13.7,6.3,50.0,8.0,33.33333333,2019.8333333333333,70.22222222222223,59.852777777777774,40.14722222222222,11.161111111111111,5.007222222222222,41.47055555555556,49.83611111111111,3.686111111111112,40.669255,-73.97858,11215.0,11215.0,common_core_algebra,3494.780277777778,206599.76075462962,4.079512892551521,1.8060942967410765,576.0,13824.0,3.2188758248682006,1.2712491503214047
59.762,3.0,25.0,8.0,36.0,11.0,15.1,5.5,44.0,14.0,11.7,3.4,56.0,8.0,32.0,2019.5625,56.0625,58.02375,41.97625,5.468125000000001,0.0,25.744375,74.255625,0.0,40.810671,-73.907528,10455.0,10455.0,living_environment,3571.496644,213439.782438728,4.0903700074666896,1.817787314158801,625.0,15625.0,3.258096538021482,1.2840254166877414
58.755,3.0,31.0,9.0,43.0,16.0,17.2,9.0,51.61290323,15.0,12.7,6.3,48.38709677,8.0,25.80645161,2019.8333333333333,112.83333333333331,53.01611111111111,46.98388888888889,14.227222222222224,2.893333333333333,30.57222222222222,66.24722222222222,0.2872222222222222,40.877379,-73.912686,10463.0,10463.0,living_environment,3452.1500250000004,202831.07471887502,4.073376255785904,1.7995740535814577,961.0,29791.0,3.4657359027997265,1.3634251141321778
61.376666666666665,3.0,30.0,10.0,43.0,14.0,9.3,4.7,46.66666667,16.0,6.9,4.0,53.33333333,11.0,36.66666667,2019.8333333333333,98.11111111111111,44.56388888888889,55.44055555555556,14.803888888888888,5.525555555555556,82.56777777777778,8.008333333333333,3.8966666666666665,40.634451,-73.916927,11236.0,11236.0,common_core_algebra,3767.095211111111,231211.74707396294,4.117029741211019,1.8473767626073154,900.0,27000.0,3.4339872044851463,1.3498588075760032
66.58333333333333,4.0,48.0,14.0,66.0,19.0,4.2,3.0,39.58333333,29.0,5.7,3.7000000000000006,60.416666670000005,23.0,47.91666667,2019.8333333333333,151.66666666666666,39.26833333333334,60.73166666666667,23.188333333333333,1.885,17.35222222222222,80.61111111111111,0.1516666666666666,40.879958,-73.889011,10468.0,10468.0,living_environment,4433.340277777777,295186.57349537034,4.198454295978275,1.9461116054625178,2304.0,110592.0,3.8918202981106265,1.6160744021928934
59.05666666666667,1.0,28.0,6.0,35.0,10.0,7.9,4.0,35.71428571,18.0,3.9,2.1,64.28571429,20.0,71.42857143,2019.7058823529408,88.94117647058823,57.728235294117646,42.271764705882354,11.110588235294117,0.0,26.845294117647057,71.05470588235295,2.099411764705882,40.786134,-73.974483,10024.0,10024.0,living_environment,3487.6898777777783,205971.3385486297,4.078497434944237,1.8050109651949957,784.0,21952.0,3.367295829986474,1.3231298123374369
77.29833333333333,2.0,21.0,4.0,27.0,6.0,14.5,5.8,28.57142857,15.0,11.300000000000002,6.3,71.42857143,10.0,47.61904762,2019.8333333333333,53.0,11.751666666666669,88.25333333333333,53.95166666666666,5.753333333333333,20.155,66.20666666666666,7.886666666666667,40.743407,-74.00254,10011.0,10011.0,common_core_english,5975.03233611111,461860.04119416204,4.347672394343254,2.1662191772668336,441.0,9261.0,3.091042453358316,1.2336780599567432
58.38,3.0,19.0,6.0,28.0,9.0,8.2,6.5,47.36842105,10.0,13.4,4.1,52.63157895,10.0,52.63157895,2019.8333333333333,90.0,57.06277777777778,42.93722222222223,10.049444444444443,0.0,87.47166666666666,12.528333333333332,0.0,40.669805,-73.960689,11225.0,11225.0,common_core_algebra,3408.2244000000005,198972.14047200003,4.0669733654259685,1.7928382883338394,361.0,6859.0,2.995732273553991,1.2092495976572515
73.97,3.0,27.0,4.0,34.0,5.0,9.8,8.8,18.51851852,22.0,5.3,3.6,81.48148148,14.0,51.85185185,2019.8333333333333,63.27777777777778,40.35277777777778,59.655,22.194444444444443,1.3277777777777775,48.73888888888889,46.89611111111111,3.037777777777778,40.705005,-73.93879,11206.0,11206.0,common_core_english,5471.5608999999995,404731.359773,4.303659605599776,2.0953068281476837,729.0,19683.0,3.332204510175204,1.3099644507332473
65.02,3.0,25.0,10.0,38.0,9.0,14.5,9.7,36.0,16.0,11.0,7.199999999999999,64.0,10.0,40.0,2019.8333333333333,103.27777777777776,52.14833333333333,47.85166666666667,11.896666666666668,0.0,18.29055555555556,81.16444444444444,0.5449999999999999,40.877379,-73.912686,10463.0,10463.0,common_core_english,4227.600399999999,274878.5780079999,4.174694914875759,1.9159239754930697,625.0,15625.0,3.258096538021482,1.2840254166877414
82.22,3.0,32.0,11.0,46.0,13.0,11.2,8.4,40.625,19.0,12.3,9.5,59.375,27.0,84.375,2019.6875,93.0,27.021875,72.985,38.81375,4.541875,3.265625,25.241875,66.95,40.581958,-74.159343,10314.0,10314.0,common_core_english,6760.1284,555817.757048,4.409398581469732,2.2755004358161814,1024.0,32768.0,3.4965075614664802,1.3771277643359572
59.762,2.0,9.0,2.0,13.0,14.0,11.0,6.8,40.477524155,20.0,9.95,6.049999999999999,59.522475845,6.0,66.66666667,2019.5625,56.0625,58.02375,41.97625,5.468125000000001,0.0,25.744375,74.255625,0.0,40.810671,-73.907528,10455.0,10455.0,living_environment,3571.496644,213439.782438728,4.0903700074666896,1.817787314158801,81.0,729.0,2.302585092994046,1.0941742837052104
62.53833333333333,7.0,80.0,28.0,115.0,32.0,11.7,10.6,40.0,48.0,8.7,6.6,60.0,49.0,61.25,2019.8333333333333,211.5,47.36611111111111,52.63388888888889,16.875,13.570555555555556,26.51888888888889,55.30166666666666,4.607777777777778,40.839775,-73.839583,10461.0,10461.0,living_environment,3911.0431361111105,244590.11932716196,4.135779702063672,1.8689622556642944,6400.0,512000.0,4.394449154672439,2.225540928492468
94.52,10.0,138.0,24.0,172.0,73.0,12.8,9.7,52.89855072,65.0,10.3,8.6,47.10144928,91.0,65.94202899,2019.8125,412.3125,0.0668749999999999,99.933125,97.66125,60.140625,4.7325,10.165625,24.96125,40.879958,-73.889011,10468.0,10468.0,common_core_english,8934.0304,844444.5534079999,4.548811452318707,2.573327992723742,19044.0,2628072.0,4.9344739331306915,3.9749016274947477
66.145,2.0,25.0,4.0,31.0,8.0,9.4,8.4,32.0,17.0,14.1,10.7,68.0,8.0,32.0,2019.8333333333333,118.94444444444444,31.16388888888889,68.83611111111111,17.593333333333334,0.1972222222222222,90.4738888888889,9.328888888888889,0.0,40.66903,-73.757744,11413.0,11413.0,living_environment,4375.161024999999,289395.025998625,4.191849301914344,1.9375998182207885,625.0,15625.0,3.258096538021482,1.2840254166877414
71.49499999999999,3.0,51.0,16.0,70.0,18.0,11.0,6.1,35.29411765,33.0,8.4,4.2,64.70588235,33.0,64.70588235,2019.8235294117649,88.94117647058823,39.86058823529412,60.14058823529412,26.18,5.597647058823529,27.857647058823527,51.26235294117648,15.282352941176471,40.743407,-74.00254,10011.0,10011.0,common_core_english,5111.535024999998,365449.19661237486,4.26962751718481,2.0440844754796346,2601.0,132651.0,3.9512437185814275,1.6652911949458864
55.958000000000006,4.0,55.0,15.0,74.0,19.0,9.5,7.7,34.54545455,36.0,8.7,6.5,65.45454545,19.0,34.54545455,2019.5625,117.75,45.993125,54.00875,17.826875,0.1725,16.178125,83.649375,0.0,40.859466,-73.888625,10458.0,10458.0,living_environment,3131.297764000001,175221.16027791204,4.024601409344445,1.7499373722336764,3025.0,166375.0,4.02535169073515,1.7332530178673953
54.74,2.0,17.0,6.0,25.0,6.0,7.5,4.4,35.29411765,11.0,8.5,2.4,64.70588235,6.0,35.29411765,2019.6470588235293,75.82352941176471,57.46823529411765,42.53176470588235,13.361764705882353,0.2488235294117647,35.81823529411764,63.23,0.7041176470588235,40.817228,-73.947151,10030.0,10030.0,common_core_algebra,2996.4676000000004,164026.63642400003,4.002594703612533,1.728752413342163,289.0,4913.0,2.8903717578961645,1.1853048513203654
55.47666666666667,4.0,37.0,6.0,47.0,21.0,10.8,4.2,56.75675676,16.0,14.4,9.3,43.24324324,12.0,32.43243243,2019.8333333333333,115.38888888888889,57.43666666666666,42.56333333333333,12.786666666666669,0.0,25.517222222222223,74.16055555555556,0.3227777777777778,40.711134,-73.938921,11211.0,11211.0,living_environment,3077.6605444444444,170738.3481372963,4.015962511930526,1.7415345792934447,1369.0,50653.0,3.6375861597263857,1.4477346146633245
64.72,3.0,38.0,10.0,51.0,15.0,8.1,3.9,39.47368421,23.0,8.8,4.1,60.52631579,23.0,60.52631579,2019.7142857142856,127.42857142857144,43.79714285714285,56.20285714285715,22.49857142857143,1.4957142857142858,27.262857142857143,70.34285714285714,0.8985714285714286,40.879958,-73.889011,10468.0,10468.0,common_core_algebra,4188.6784,271091.26604799996,4.170070272750237,1.9101848166092845,1444.0,54872.0,3.6635616461296463,1.4622845894342245
53.185,2.0,22.0,6.0,30.0,6.0,12.9,5.5,27.27272727,16.0,9.2,5.4,72.72727273,7.0,31.81818182,2019.8333333333333,90.88888888888889,63.17388888888888,36.82611111111111,9.793888888888889,12.80888888888889,45.81555555555556,41.00888888888889,0.3677777777777777,40.67002,-73.874537,11208.0,11208.0,living_environment,2828.6442250000005,150441.44310662503,3.973776401703628,1.7020782424810714,484.0,10648.0,3.1354942159291497,1.2460767305873808
62.06,4.0,34.0,7.0,45.0,15.0,10.6,7.1,44.11764706,19.0,11.6,9.2,55.88235294,15.0,44.11764706,2019.95,149.2,46.7405,53.2595,11.265,0.5015000000000001,23.0745,76.4235,0.0,40.839307,-73.911366,10457.0,10457.0,living_environment,3851.4436,239020.58981600002,4.128101659020234,1.860043733345429,1156.0,39304.0,3.5553480614894135,1.4049475905635938
58.97333333333333,3.0,24.0,8.0,35.0,8.0,17.1,11.9,33.33333333,16.0,12.3,8.0,66.66666667,15.0,46.66666667,2019.8333333333333,110.44444444444444,58.85166666666666,41.14833333333333,6.613333333333333,0.0,46.80388888888889,53.19611111111111,0.0,40.841376,-73.875262,10460.0,10460.0,common_core_algebra,3477.854044444444,205100.64584770365,4.077085364332016,1.8035074159565267,576.0,13824.0,3.2188758248682006,1.2712491503214047
59.691428571428574,4.0,57.0,16.0,77.0,21.0,10.9,4.2,36.84210526,36.0,8.4,4.9,63.15789474,28.0,49.12280702,2019.9444444444443,98.22222222222224,45.39111111111111,54.60888888888889,14.841111111111111,0.0,14.120555555555557,85.87944444444445,0.0,40.820388,-73.892961,10459.0,10459.0,common_core_algebra,3563.0666448979596,212684.5381291662,4.08918843507273,1.8165049282350645,3249.0,185193.0,4.060443010546419,1.768267051433735
60.98333333333333,3.0,31.0,7.0,41.0,14.0,10.1,6.0,45.16129032,17.0,7.5,4.0,54.83870968,7.0,22.58064516,2020.1666666666667,132.0,41.675,58.325,14.3,0.0,0.0,100.0,0.0,40.743228,-73.871505,11373.0,11373.0,common_core_english,3718.9669444444435,226795.00082870363,4.110600602797106,1.8401246857753009,961.0,29791.0,3.4657359027997265,1.3634251141321778
73.95166666666667,5.0,75.0,17.0,97.0,28.0,10.9,8.2,37.33333333,47.0,13.9,8.8,62.666666670000005,24.0,32.0,2019.8333333333333,184.38888888888889,42.653333333333336,57.34666666666666,20.470555555555556,2.808888888888889,7.191666666666666,87.76333333333334,2.2355555555555555,40.877935,-73.913694,10463.0,10463.0,common_core_english,5468.849002777778,404430.4985037547,4.30341172665357,2.0949227237731667,5625.0,421875.0,4.330733340286331,2.117000016612675
61.836666666666666,2.0,13.0,3.0,18.0,5.0,12.9,9.5,38.46153846,8.0,12.5,5.4,61.53846154,15.0,46.66666667,2019.5625,29.5625,53.241875,46.763125,8.565,0.0,22.308125,77.691875,0.0,40.722415,-73.990468,10002.0,10002.0,common_core_english,3823.7733444444443,236449.3977092963,4.124496500282172,1.8558942709653312,169.0,2197.0,2.6390573296152584,1.1388283833246218
75.56166666666667,3.0,48.0,9.0,60.0,12.0,6.8,4.1,25.0,36.0,9.4,5.0,75.0,29.0,60.41666666999999,2019.8947368421047,90.52631578947368,29.63736842105263,70.36368421052632,35.67,58.03736842105263,7.210000000000001,18.879473684210524,15.87421052631579,40.63497525,-73.98180529,11219.0,11219.0,common_core_english,5709.565469444445,431424.28281367134,4.324949099916073,2.128923955086227,2304.0,110592.0,3.8918202981106265,1.6160744021928934
87.36166666666666,2.0,37.0,8.0,47.0,15.0,8.9,5.5,40.54054054,22.0,9.2,5.2,59.45945946,21.0,56.75675676,2019.8235294117649,67.94117647058823,6.5194117647058825,93.48058823529412,64.82882352941176,5.685294117647059,13.395294117647058,30.61941176470588,50.29823529411765,40.72463,-74.005058,10013.0,10013.0,common_core_english,7632.060802777777,666749.5518320046,4.470056589958688,2.395559144009649,1369.0,50653.0,3.6375861597263857,1.4477346146633245
57.444,1.0,24.0,4.0,29.0,13.0,17.2,14.2,54.16666667,11.0,16.5,10.4,45.83333333,11.0,45.83333333,2019.5625,64.75,60.043125,39.956875,7.761875,0.0,34.838125,64.263125,0.899375,40.797136,-73.966779,10025.0,10025.0,common_core_algebra,3299.813136,189554.46578438403,4.050810560198372,1.776135612421025,576.0,13824.0,3.2188758248682006,1.2712491503214047
56.17666666666667,2.0,24.0,6.0,32.0,12.0,8.6,2.8,50.0,12.0,13.7,6.3,50.0,8.0,33.33333333,2019.8333333333333,70.22222222222223,59.852777777777774,40.14722222222222,11.161111111111111,5.007222222222222,41.47055555555556,49.83611111111111,3.686111111111112,40.669255,-73.97858,11215.0,11215.0,living_environment,3155.817877777778,177283.32898062965,4.028501486819819,1.7537680886778886,576.0,13824.0,3.2188758248682006,1.2712491503214047
61.76500000000001,3.0,29.0,7.0,39.0,10.0,12.1,5.4,34.48275862,19.0,9.7,6.5,65.51724138,12.0,41.37931034,2019.8333333333333,94.38888888888889,49.202777777777776,50.80055555555556,15.122222222222222,2.9705555555555554,31.23388888888889,59.93555555555555,5.859444444444445,40.74182,-74.000238,10011.0,10011.0,common_core_algebra,3814.915225000001,235628.23887212508,4.123336860988777,1.8545646898945973,841.0,24389.0,3.4011973816621555,1.336427488025472
56.01666666666667,4.0,37.0,15.0,56.0,11.0,8.5,7.300000000000001,29.72972973,26.0,11.5,9.1,70.27027027,14.0,37.83783784,2019.8333333333333,144.38888888888889,58.22111111111112,41.778888888888886,9.260555555555555,0.0,8.972222222222221,91.02777777777776,0.0,40.856532,-73.92606,10040.0,10040.0,common_core_algebra,3137.866944444445,175772.84667129634,4.025649265503005,1.7509643033623972,1369.0,50653.0,3.6375861597263857,1.4477346146633245
62.2,3.0,44.0,7.0,54.0,15.0,14.2,8.7,34.09090909,29.0,9.9,5.5,65.90909091,9.0,20.45454545,2020.4285714285716,131.07142857142858,56.04285714285714,43.957142857142856,6.835714285714286,0.0,0.0,100.0,0.0,40.869061,-73.897066,10468.0,10468.0,common_core_algebra,3868.84,240641.84800000003,4.130354999745133,1.862649618265929,1936.0,85184.0,3.8066624897703196,1.552707218511336
70.14,3.0,32.0,12.0,47.0,12.0,12.3,5.8,37.5,20.0,12.7,4.7,62.5,6.0,18.75,2019.95,88.95,51.0465,48.953500000000005,12.8625,0.0,64.6195,35.3805,0.0,40.845366,-73.897479,10457.0,10457.0,common_core_english,4919.6196,345062.11874400004,4.2504932447120325,2.016573935659867,1024.0,32768.0,3.4965075614664802,1.3771277643359572
63.998333333333335,7.0,69.0,31.0,107.0,30.0,10.7,8.3,43.47826087,39.0,7.599999999999999,4.8,56.52173913,59.0,85.50724638,2019.8333333333333,177.0,38.11611111111111,61.88722222222222,22.961111111111112,1.5477777777777777,27.87833333333333,53.72166666666666,16.85111111111111,40.64282,-74.079263,10301.0,10301.0,common_core_algebra,4095.7866694444447,262123.52053332873,4.158857041353915,1.896449271553695,4761.0,328509.0,4.248495242049359,1.9937155332430823
61.876666666666665,3.0,28.0,10.0,41.0,10.0,12.7,6.0,35.71428571,18.0,9.9,5.9,64.28571429,13.0,46.42857143,2019.8333333333333,92.11111111111111,38.43111111111111,61.56888888888889,21.165000000000003,0.0,25.0,75.0,0.0,40.833884,-73.902794,10456.0,10456.0,living_environment,3828.7218777777775,236908.54739062962,4.1251431565530225,1.8566367771650574,784.0,21952.0,3.367295829986474,1.3231298123374369
56.51,3.0,17.0,13.0,33.0,6.0,9.9,8.8,35.29411765,11.0,11.9,6.8,64.70588235,11.0,64.70588235,2019.7058823529408,103.11764705882354,62.37235294117647,37.63411764705882,6.5858823529411765,0.0,22.95352941176471,77.0464705882353,0.0,40.818041,-73.911633,10455.0,10455.0,common_core_algebra,3193.3801,180457.90945099998,4.034417613641752,1.7596237362976193,289.0,4913.0,2.8903717578961645,1.1853048513203654
64.445,3.0,32.0,13.0,48.0,15.0,8.0,4.1,46.875,17.0,6.0,4.3,53.125,16.0,50.0,2019.6875,113.8125,32.96375,67.0375,27.565,8.689375,25.928125,59.6975,5.684375,40.735361,-73.987064,10003.0,10003.0,common_core_algebra,4153.158024999999,267650.2689211249,4.165812146856743,1.9049390246335172,1024.0,32768.0,3.4965075614664802,1.3771277643359572
60.915,3.0,58.0,18.0,79.0,18.0,9.0,6.6,31.03448276,40.0,8.8,6.2,68.96551724,23.0,39.65517241,2019.8947368421047,106.42105263157896,42.04947368421053,57.95157894736842,20.019473684210528,0.8084210526315789,13.826315789473684,85.36473684210527,0.0,40.832508,-73.878191,10472.0,10472.0,living_environment,3710.637225,226033.46656087498,4.109479449806371,1.83886769676018,3364.0,195112.0,4.07753744390572,1.7860384307500734
76.048,3.0,47.0,10.0,60.0,21.0,9.0,6.9,44.68085106,26.0,6.4,5.1,55.31914894,30.0,63.82978723000001,2019.8235294117649,113.47058823529412,22.38470588235294,77.6164705882353,41.938235294117646,4.328235294117647,14.82294117647059,64.60588235294118,16.242941176470588,40.742964,-73.959183,11101.0,11101.0,living_environment,5783.298304,439808.269422592,4.331364719871654,2.1393028394514952,2209.0,103823.0,3.871201010907891,1.5999941932173602
54.25333333333333,2.0,34.0,11.0,47.0,21.0,7.699999999999999,4.0,61.76470588,13.0,5.1,3.5,38.23529412,17.0,50.0,2019.8333333333333,139.72222222222223,70.20722222222223,29.792777777777776,6.572222222222222,0.616111111111111,14.067222222222222,85.31666666666666,0.0,40.695436,-73.927349,11221.0,11221.0,common_core_english,2943.4241777777775,159690.57305837036,3.9936644344653796,1.7203595906972724,1156.0,39304.0,3.5553480614894135,1.4049475905635938
57.925,4.0,37.0,6.0,47.0,21.0,10.8,4.2,56.75675676,16.0,14.4,9.3,43.24324324,12.0,32.43243243,2019.8333333333333,115.38888888888889,57.43666666666666,42.56333333333333,12.786666666666669,0.0,25.517222222222223,74.16055555555556,0.3227777777777778,40.711134,-73.938921,11211.0,11211.0,common_core_algebra,3355.3056249999995,194356.07832812498,4.05914907031844,1.7846994041247621,1369.0,50653.0,3.6375861597263857,1.4477346146633245
53.01800000000001,2.0,23.0,6.0,31.0,10.0,7.6,4.7,43.47826087,13.0,4.3,2.8999999999999995,56.52173913,15.0,46.66666667,2020.4615384615383,105.3846153846154,84.14769230769231,15.852307692307692,0.8938461538461537,0.0,0.5015384615384615,99.49846153846154,0.0,40.69300199999999,-73.869305,11208.0,11208.0,common_core_algebra,2810.908324000001,149028.73752183205,3.9706314785349166,1.699238143958457,529.0,12167.0,3.1780538303479458,1.2586000099294778
74.55333333333333,1.0,26.0,6.0,33.0,10.0,9.2,4.9,38.46153846,16.0,9.1,5.7,61.53846153999999,6.0,23.07692308,2019.7777777777776,57.0,50.19277777777778,49.80722222222222,18.84722222222222,1.9961111111111112,18.731111111111108,79.27277777777778,0.0,40.765474,-73.9927,10019.0,10019.0,common_core_english,5558.19951111111,414382.30088503694,4.311514752931933,2.107565170048765,676.0,17576.0,3.295836866004329,1.2969300866657718
59.95333333333334,3.0,41.0,8.0,52.0,11.0,8.9,5.2,26.82926829,30.0,8.5,2.8,73.17073171,17.0,41.46341463,2019.8333333333333,123.44444444444444,48.59277777777778,51.40888888888889,15.369999999999996,10.454444444444444,73.31777777777778,16.228333333333335,0.0,40.673949,-73.782684,11434.0,11434.0,living_environment,3594.4021777777784,215496.39189837044,4.09356648181826,1.8212686766612918,1681.0,68921.0,3.7376696182833684,1.5068177851128535
54.67999999999999,2.0,14.0,6.0,22.0,7.0,12.0,5.4,50.0,7.0,15.2,8.4,50.0,15.0,46.66666667,2019.5625,37.4375,64.52312500000001,35.480000000000004,6.0175,0.0,59.695625,37.720625,2.583125,40.576976,-73.985413,11224.0,11224.0,common_core_algebra,2989.902399999999,163487.86323199995,4.001498011855749,1.7277154730073663,196.0,2744.0,2.70805020110221,1.1502737988572274
70.63666666666667,2.0,18.0,6.0,26.0,9.0,8.8,5.1,50.0,9.0,7.0,3.8,50.0,6.0,33.33333333,2019.9411764705883,50.52941176470589,50.85294117647059,49.15294117647059,15.533529411764706,0.0,92.45470588235294,7.545294117647059,0.0,40.665568,-73.912102,11212.0,11212.0,common_core_english,4989.5386777777785,352444.3804026297,4.257549367564365,2.0266144996343227,324.0,5832.0,2.9444389791664403,1.1972173631218102
64.545,13.0,209.0,101.0,323.0,89.0,11.2,9.4,42.58373206,120.0,9.4,8.2,57.41626794,169.0,80.86124402,2019.8333333333333,662.9444444444445,34.69444444444444,65.30777777777777,31.555,11.702222222222224,10.697222222222225,30.695555555555558,46.90444444444445,40.570909,-74.105878,10306.0,10306.0,common_core_algebra,4166.057025,268898.15067862504,4.167362654958673,1.9068449164452321,43681.0,9129329.0,5.3471075307174685,8.084915164305059
62.5,3.0,28.0,6.0,37.0,14.0,8.2,4.8,50.0,14.0,8.7,5.8,50.0,12.0,42.85714286,2019.8333333333333,104.88888888888889,44.50833333333333,55.49722222222223,14.021666666666668,12.981111111111112,3.066666666666667,76.625,7.326666666666666,40.744175,-73.937004,11101.0,11101.0,common_core_algebra,3906.25,244140.625,4.135166556742356,1.8682459574322223,784.0,21952.0,3.367295829986474,1.3231298123374369
54.93,2.0,14.0,5.0,21.0,7.0,5.7,4.6,50.0,7.0,6.1,1.6,50.0,5.0,35.71428571,2019.875,46.6875,68.3825,31.6175,3.69875,0.0,88.190625,11.809375,0.0,40.655644,-73.906662,11212.0,11212.0,living_environment,3017.3049,165740.558157,4.006059647354529,1.7320401653028106,196.0,2744.0,2.70805020110221,1.1502737988572274
55.12833333333333,3.0,10.0,5.0,18.0,14.0,11.0,6.8,40.477524155,20.0,9.95,6.049999999999999,59.522475845,5.0,50.0,2019.5,81.3125,61.504375,38.4975,8.231875,0.0,88.10375,7.834375,4.0625,40.640543,-73.898601,11236.0,11236.0,common_core_algebra,3039.1331361111106,167542.34457191202,4.0096638005707534,1.7354787871367965,100.0,1000.0,2.3978952727983707,1.1051709180756477
75.45,4.0,37.0,10.0,51.0,16.0,3.3,3.3,43.24324324,21.0,3.8,2.6,56.75675676,18.0,48.64864865,2019.8235294117649,136.58823529411765,31.87117647058823,68.12941176470588,25.27058823529412,0.0,89.72941176470589,10.270588235294117,0.0,40.658671,-73.943839,11203.0,11203.0,common_core_english,5692.7025,429514.40362500004,4.323470185213858,2.1265479835007413,1369.0,50653.0,3.6375861597263857,1.4477346146633245
67.96833333333333,6.0,44.0,14.0,64.0,26.0,11.0,7.300000000000001,59.09090909,18.0,13.4,8.5,40.90909091,30.0,68.18181818,2019.8333333333333,122.27777777777776,31.96388888888889,68.03722222222223,26.69666666666667,21.890555555555554,40.06111111111111,36.62388888888889,1.4233333333333331,40.732699,-73.984333,10003.0,10003.0,common_core_algebra,4619.694336111111,313992.92453491205,4.219041910436069,1.973252769906165,1936.0,85184.0,3.8066624897703196,1.552707218511336
73.04166666666667,2.0,36.0,8.0,46.0,10.0,13.6,12.6,27.77777778,26.0,10.4,8.0,72.22222222,11.0,30.55555556,2019.8333333333333,111.88888888888889,35.099444444444444,64.90055555555556,30.89611111111111,56.80888888888889,3.822777777777778,39.367777777777775,0.0,40.72004,-73.986038,10002.0,10002.0,common_core_algebra,5335.085069444445,389683.50528067135,4.291030054573289,2.0759454047475323,1296.0,46656.0,3.6109179126442243,1.4333294145603401
84.50285714285714,8.0,129.0,25.0,162.0,70.0,14.300000000000002,14.0,54.26356589,59.0,13.6,11.7,45.73643411,54.0,41.86046512,2019.888888888889,318.1111111111111,14.62,85.38277777777778,63.45722222222222,31.681666666666665,3.592777777777778,55.78,8.946111111111112,40.743309,-73.929577,11101.0,11101.0,common_core_english,7140.732865306121,603412.3292122681,4.436785346133008,2.3280443291722834,16641.0,2146689.0,4.867534450455582,3.6327865557528094
75.702,3.0,35.0,5.0,43.0,15.0,6.2,2.9,42.85714286,20.0,5.5,4.1,57.14285714,26.0,74.28571429,2019.6875,45.125,35.20375,64.798125,19.6175,0.0,16.259375,83.740625,0.0,40.738374,-73.981329,10010.0,10010.0,common_core_english,5730.792804,433832.476848408,4.326804580173659,2.131913642309756,1225.0,42875.0,3.58351893845611,1.4190675485932571
79.02333333333333,4.0,32.0,10.0,46.0,10.0,12.4,4.8,31.25,22.0,13.3,4.8,68.75,7.0,21.875,2019.8947368421047,106.42105263157896,31.063157894736843,68.93684210526315,33.1321052631579,6.532631578947369,38.59684210526316,44.09,10.782105263157897,40.860443,-73.860729,10469.0,10469.0,common_core_english,6244.68721111111,493475.9990460369,4.369743167507031,2.203910612074742,1024.0,32768.0,3.4965075614664802,1.3771277643359572
77.06333333333333,11.0,241.0,72.0,324.0,81.0,13.5,9.6,33.60995851,160.0,12.9,10.3,66.39004149,135.0,56.01659751,2019.8333333333333,829.1666666666666,18.546666666666667,81.45333333333333,54.52944444444445,59.44388888888889,4.022777777777778,24.195,12.33777777777778,40.740875,-73.795049,11365.0,11365.0,common_core_algebra,5938.757344444444,457660.4368207037,4.344627594599537,2.161134538990224,58081.0,13997521.0,5.488937726156687,11.133961145065307
57.905,2.0,16.0,8.0,26.0,7.0,16.3,8.4,43.75,9.0,9.7,3.4,56.25,15.0,46.66666667,2019.8235294117649,66.29411764705883,52.10941176470588,47.89411764705883,9.372941176470588,0.0,28.70705882352941,71.29294117647059,0.0,40.827455,-73.90392,10456.0,10456.0,common_core_algebra,3352.9890250000003,194154.82949262502,4.058803736636341,1.784342499935546,256.0,4096.0,2.833213344056216,1.1735108709918103
91.96,3.0,28.0,7.0,38.0,13.0,9.0,6.0,46.42857143,15.0,11.4,6.1,53.57142857,15.0,53.57142857,2019.8125,68.25,0.0,100.0,98.17375,95.165,1.2525,1.0575,2.525625,40.700884,-73.798364,11433.0,11433.0,living_environment,8456.641599999999,777672.7615359998,4.521353699894981,2.508286874496791,784.0,21952.0,3.367295829986474,1.3231298123374369
66.94500000000001,5.0,49.0,15.0,69.0,28.0,14.5,10.8,57.14285714,21.0,14.300000000000002,10.4,42.85714286,33.0,67.34693878,2019.8333333333333,180.77777777777777,32.474999999999994,67.52555555555556,25.70111111111111,6.286666666666666,5.650555555555556,85.64111111111112,2.420555555555556,40.737673,-73.853412,11368.0,11368.0,living_environment,4481.633025000001,300022.9228586251,4.203871386749343,1.9531627856338027,2401.0,117649.0,3.912023005428146,1.632316219955379
88.98333333333333,3.0,28.0,7.0,38.0,13.0,9.0,6.0,46.42857143,15.0,11.4,6.1,53.57142857,15.0,53.57142857,2019.8125,68.25,0.0,100.0,98.17375,95.165,1.2525,1.0575,2.525625,40.700884,-73.798364,11433.0,11433.0,common_core_algebra,7918.033611111111,704573.0241620371,4.488449086278085,2.4347238301673593,784.0,21952.0,3.367295829986474,1.3231298123374369
78.446,8.0,129.0,25.0,162.0,70.0,14.300000000000002,14.0,54.26356589,59.0,13.6,11.7,45.73643411,54.0,41.86046512,2019.888888888889,318.1111111111111,14.62,85.38277777777778,63.45722222222222,31.681666666666665,3.592777777777778,55.78,8.946111111111112,40.743309,-73.929577,11101.0,11101.0,living_environment,6153.774915999999,482739.02706053597,4.362410489988739,2.1912233605806217,16641.0,2146689.0,4.867534450455582,3.6327865557528094
56.635,4.0,29.0,10.0,43.0,13.0,13.3,8.5,44.82758621,16.0,11.5,6.8,55.17241379,11.0,37.93103448,2019.8333333333333,114.77777777777776,55.68222222222222,44.31777777777778,10.36111111111111,0.0,11.429444444444444,88.57055555555556,0.0,40.856532,-73.92606,10040.0,10040.0,common_core_algebra,3207.523225,181658.07784787499,4.036627168652677,1.7618246412470087,841.0,24389.0,3.4011973816621555,1.336427488025472
70.94333333333333,3.0,28.0,4.0,35.0,14.0,10.3,3.1,50.0,14.0,9.7,4.3,50.0,12.0,42.85714286,2019.8333333333333,95.05555555555556,41.86055555555556,58.14055555555555,20.976666666666667,10.627777777777778,71.4511111111111,17.65222222222222,0.2688888888888889,40.698786,-73.74633,11411.0,11411.0,common_core_english,5032.956544444443,357054.71378470364,4.261881436306602,2.0328389901071042,784.0,21952.0,3.367295829986474,1.3231298123374369
88.31333333333333,7.0,64.0,17.0,88.0,27.0,12.7,9.6,42.1875,37.0,13.2,9.8,57.8125,56.0,87.5,2019.6875,163.5,0.055,99.945,97.62875,62.974375,0.118125,0.8206249999999999,36.086875,40.568299,-74.117086,10306.0,10306.0,common_core_algebra,7799.244844444444,688777.3096957037,4.480891096588006,2.4184657060399517,4096.0,262144.0,4.174387269895637,1.8964808793049515
65.14999999999999,4.0,45.0,11.0,60.0,18.0,10.5,5.1,40.0,27.0,11.2,5.2,60.0,27.0,60.0,2019.8333333333333,129.55555555555554,35.675,64.32833333333332,29.151666666666667,15.898333333333332,8.148888888888889,71.32055555555556,4.632222222222222,40.764892,-73.826811,11354.0,11354.0,living_environment,4244.522499999999,276530.64087499987,4.176692303570854,1.9184162963187454,2025.0,91125.0,3.828641396489095,1.568312185490169
88.1075,4.0,33.0,7.0,44.0,8.0,12.7,9.1,24.24242424,25.0,11.9,8.0,75.75757576,13.0,39.39393939,2019.7857142857144,83.35714285714286,15.114999999999998,84.885,52.16214285714285,32.84428571428571,60.99571428571428,6.159999999999999,0.0,40.69691,-73.78640299999999,11433.0,11433.0,common_core_english,7762.9315562500005,683972.492092297,4.47855765985222,2.4134928171489047,1089.0,35937.0,3.5263605246161616,1.3909681284637803
59.225,2.0,8.0,4.0,14.0,14.0,11.0,6.8,40.477524155,20.0,9.95,6.049999999999999,59.522475845,15.0,46.66666667,2019.071428571429,33.57142857142857,58.300714285714285,41.70214285714286,7.176428571428572,0.0,38.04285714285714,61.957142857142856,0.0,40.823124,-73.898265,10459.0,10459.0,common_core_algebra,3507.600625,207737.64701562503,4.081343750044849,1.8080519591048652,64.0,512.0,2.1972245773362196,1.0832870676749586
74.94666666666667,2.0,22.0,4.0,28.0,12.0,17.3,14.4,54.54545455,10.0,16.5,10.8,45.45454545,17.0,77.27272727,2019.8235294117649,99.88235294117646,37.38294117647059,62.618235294117646,25.213529411764707,7.784117647058823,27.77705882352941,60.800588235294114,3.638235294117647,40.705688,-74.013303,10004.0,10004.0,common_core_english,5617.002844444445,420975.6398482964,4.316776749465765,2.115871250968076,484.0,10648.0,3.1354942159291497,1.2460767305873808
55.325,3.0,23.0,8.0,34.0,9.0,12.2,8.2,39.13043478,14.0,13.0,8.3,60.86956522,14.0,60.86956522,2019.8333333333333,166.44444444444446,63.54277777777778,36.45722222222222,7.506111111111112,11.72222222222222,23.99888888888889,62.30277777777778,1.9744444444444444,40.693002,-73.869305,11208.0,11208.0,common_core_english,3060.855625,169341.83745312502,4.013224885937113,1.7388952538425817,529.0,12167.0,3.1780538303479458,1.2586000099294778
61.83166666666667,3.0,26.0,5.0,34.0,14.0,6.9,4.6,53.84615385,12.0,9.0,4.2,46.15384615,11.0,42.30769231,2019.8333333333333,88.88888888888889,48.05833333333333,51.94222222222223,16.560555555555553,11.259444444444444,78.36222222222221,10.377777777777778,0.0,40.711857,-73.771196,11432.0,11432.0,living_environment,3823.1550027777785,236392.04574675468,4.1244156388382125,1.8558014785716124,676.0,17576.0,3.295836866004329,1.2969300866657718
71.43166666666666,2.0,32.0,4.0,38.0,12.0,15.1,11.0,37.5,20.0,10.0,6.3,62.5,23.0,71.875,2019.8125,82.375,13.311875,86.68875,50.705,1.510625,22.634375,28.07375,47.781875,40.761327,-73.988665,10036.0,10036.0,common_core_algebra,5102.483002777776,364478.8650267545,4.26874128176135,2.0427902985111297,1024.0,32768.0,3.4965075614664802,1.3771277643359572
61.495000000000005,3.0,35.0,5.0,43.0,15.0,6.2,2.9,42.85714286,20.0,5.5,4.1,57.14285714,26.0,74.28571429,2019.6875,45.125,35.20375,64.798125,19.6175,0.0,16.259375,83.740625,0.0,40.738374,-73.981329,10010.0,10010.0,common_core_algebra,3781.6350250000005,232551.64586237507,4.118955870694374,1.8495641190403813,1225.0,42875.0,3.58351893845611,1.4190675485932571
59.98,2.0,15.0,10.0,27.0,5.0,5.2,1.9,33.33333333,10.0,13.7,4.1,66.66666667,15.0,46.66666667,2019.8333333333333,78.38888888888889,48.74944444444444,51.25055555555556,14.008888888888889,0.0,96.95444444444443,3.045555555555556,0.0,40.658671,-73.943839,11203.0,11203.0,living_environment,3597.6004,215784.07199199995,4.094011173320863,1.8217544130703776,225.0,3375.0,2.772588722239781,1.161834242728283
60.28,3.0,35.0,11.0,49.0,14.0,7.199999999999999,3.9,40.0,21.0,6.2,2.9,60.0,20.0,57.14285714,2019.8333333333333,113.0,49.22277777777778,50.77722222222222,11.957777777777778,0.7905555555555556,30.65833333333333,67.04055555555556,1.511111111111111,40.763655,-73.990318,10019.0,10019.0,common_core_algebra,3633.6784000000002,219038.133952,4.099000373758295,1.8272278824084944,1225.0,42875.0,3.58351893845611,1.4190675485932571
61.47833333333333,3.0,33.0,7.0,43.0,12.0,11.9,6.6,36.36363636,21.0,9.8,6.7,63.63636364,17.0,51.51515152,2019.8333333333333,114.66666666666669,45.51111111111111,54.48888888888889,18.385,1.835,31.03333333333333,57.675,9.456666666666669,40.860443,-73.860729,10469.0,10469.0,living_environment,3779.5854694444442,232362.6153523287,4.118684809215972,1.8492558840408382,1089.0,35937.0,3.5263605246161616,1.3909681284637803
58.205000000000005,2.0,18.0,6.0,26.0,9.0,8.8,5.1,50.0,9.0,7.0,3.8,50.0,6.0,33.33333333,2019.9411764705883,50.52941176470589,50.85294117647059,49.15294117647059,15.533529411764706,0.0,92.45470588235294,7.545294117647059,0.0,40.665568,-73.912102,11212.0,11212.0,common_core_algebra,3387.822025000001,197188.18096512507,4.063971261700204,1.7897035650121693,324.0,5832.0,2.9444389791664403,1.1972173631218102
71.168,4.0,53.0,11.0,68.0,19.0,5.9,4.0,35.8490566,34.0,7.5,5.7,64.1509434,16.0,30.18867925,2019.857142857143,74.64285714285714,22.71,77.28999999999999,34.28142857142857,0.0,7.939999999999999,92.06,0.0,40.813612,-73.920851,10454.0,10454.0,common_core_english,5064.884224000001,360457.6804536321,4.265043279188062,2.037411235937823,2809.0,148877.0,3.9889840465642745,1.6989323086185506
75.12,13.0,170.0,51.0,234.0,66.0,15.1,12.0,38.82352941,104.0,12.9,10.0,61.17647059,110.0,64.70588235,2019.8333333333333,653.8333333333334,29.42944444444445,70.57333333333332,34.64,37.39166666666667,12.431111111111113,34.54666666666667,15.63,40.771398,-73.781041,11361.0,11361.0,common_core_english,5643.014400000001,423903.24172800005,4.319086834900007,2.119541941482501,28900.0,4913000.0,5.14166355650266,5.4739473917272
57.255,1.0,45.0,7.0,53.0,17.0,8.3,3.3999999999999995,37.77777778,28.0,8.5,4.0,62.22222222,25.0,55.55555556,2020.2307692307693,33.38461538461539,60.715384615384615,39.29076923076924,8.73076923076923,1.3676923076923078,68.89076923076924,28.26076923076923,1.4807692307692308,40.62044300000001,-74.080695,10304.0,10304.0,common_core_algebra,3278.1350250000005,187689.62085637503,4.047514974865303,1.7727818863829756,2025.0,91125.0,3.828641396489095,1.568312185490169
75.925,3.0,32.0,11.0,46.0,15.0,10.2,7.0,46.875,17.0,13.4,10.2,53.125,12.0,37.5,2019.8333333333333,110.33333333333331,29.68,70.32166666666666,23.99388888888889,0.0,23.065,76.77166666666666,0.1633333333333333,40.869061,-73.897066,10468.0,10468.0,common_core_english,5764.605624999999,437677.68207812496,4.329746010931812,2.136673114571314,1024.0,32768.0,3.4965075614664802,1.3771277643359572
66.995,3.0,25.0,11.0,39.0,11.0,15.199999999999998,10.4,44.0,14.0,15.1,8.8,56.0,9.0,36.0,2019.8333333333333,106.16666666666669,39.65777777777778,60.34722222222222,19.65055555555556,1.2505555555555554,20.88055555555556,77.86888888888888,0.0,40.859466,-73.888625,10458.0,10458.0,living_environment,4488.330025,300695.6700248751,4.204617989740571,1.9541396112126637,625.0,15625.0,3.258096538021482,1.2840254166877414
75.44,3.0,34.0,12.0,49.0,13.0,13.4,9.4,38.23529412,21.0,13.5,6.3,61.76470588,15.0,44.11764706,2019.8235294117649,77.70588235294117,29.929411764705883,70.07058823529412,30.32823529411765,9.909411764705885,22.31,67.78058823529412,0.0,40.72463,-74.005058,10013.0,10013.0,common_core_english,5691.1936,429343.64518399996,4.323337638325202,2.1263353393347764,1156.0,39304.0,3.5553480614894135,1.4049475905635938
59.51333333333333,3.0,34.0,10.0,47.0,12.0,11.0,5.4,35.29411765,22.0,7.699999999999999,3.4,64.70588235,7.0,20.58823529,2019.8333333333333,103.22222222222224,55.52944444444445,44.47055555555556,9.071666666666664,0.0,28.567222222222224,71.43277777777777,0.0,40.817741,-73.897876,10459.0,10459.0,living_environment,3541.836844444444,210786.51673570366,4.086200377083106,1.8132726985360315,1156.0,39304.0,3.5553480614894135,1.4049475905635938
63.66333333333333,3.0,56.0,16.0,75.0,22.0,12.8,8.4,39.28571429,34.0,9.3,8.2,60.71428571,21.0,37.5,2019.8333333333333,166.11111111111111,52.53944444444445,47.461666666666666,8.507777777777777,1.5499999999999998,27.375555555555557,71.07499999999999,0.0,40.836821,-73.887688,10460.0,10460.0,common_core_english,4053.0200111111103,258028.76397403696,4.153608781986954,1.8901067960719566,3136.0,175616.0,4.04305126783455,1.7506725002961012
59.324,2.0,12.0,2.0,16.0,5.0,8.1,3.9,41.66666667,7.0,14.1,9.5,58.33333333,7.0,58.33333333,2019.5625,34.0,55.54125,44.460625,8.021875,0.0,11.73375,88.26625,0.0,40.786134,-73.974483,10024.0,10024.0,living_environment,3519.3369759999996,208781.146764224,4.083013945879716,1.8098428168727057,144.0,1728.0,2.5649493574615367,1.1274968515793757
61.70666666666667,3.0,39.0,10.0,52.0,16.0,8.1,4.3,41.02564103,23.0,10.6,4.3,58.97435897,17.0,43.58974359,2019.8333333333333,101.83333333333331,45.11555555555556,54.888333333333335,17.148333333333333,3.2016666666666667,25.933333333333334,70.665,0.2005555555555555,40.855392,-73.882487,10458.0,10458.0,living_environment,3807.7127111111117,234961.259026963,4.122391974777257,1.8534831759643895,1521.0,59319.0,3.6888794541139363,1.4769807938826427
62.498000000000005,3.0,30.0,11.0,44.0,13.0,9.7,7.5,43.33333333,17.0,5.9,3.6,56.66666667,12.0,40.0,2019.7058823529408,124.29411764705884,48.28058823529412,51.72117647058823,12.284705882352942,0.1958823529411764,27.642352941176476,70.43411764705883,1.7276470588235295,40.709765,-73.944463,11206.0,11206.0,common_core_english,3906.0000040000004,244117.18824999206,4.135134556230345,1.8682085928867207,900.0,27000.0,3.4339872044851463,1.3498588075760032
66.87,3.0,31.0,7.0,41.0,13.0,9.1,6.2,41.93548387,18.0,5.7,3.5,58.06451613,13.0,41.93548387,2019.8125,107.9375,29.861875,70.138125,33.586875,44.20125,37.609375,17.445,0.7424999999999999,40.714551,-73.798658,11432.0,11432.0,common_core_algebra,4471.5969000000005,299015.68470300006,4.202750436065887,1.9516984627343048,961.0,29791.0,3.4657359027997265,1.3634251141321778
68.855,6.0,44.0,14.0,64.0,26.0,11.0,7.300000000000001,59.09090909,18.0,13.4,8.5,40.90909091,30.0,68.18181818,2019.8333333333333,122.27777777777776,31.96388888888889,68.03722222222223,26.69666666666667,21.890555555555554,40.06111111111111,36.62388888888889,1.4233333333333331,40.732699,-73.984333,10003.0,10003.0,living_environment,4741.011025000001,326442.3141263751,4.232002844179089,1.990826740600686,1936.0,85184.0,3.8066624897703196,1.552707218511336
64.96,3.0,38.0,5.0,46.0,12.0,7.0,4.6,31.57894737,26.0,6.5,3.1,68.42105263,22.0,57.89473684,2019.8125,78.5,25.1525,74.84875,28.28375,7.89125,38.710625,52.01875,1.380625,40.711441,-74.000851,10038.0,10038.0,common_core_algebra,4219.801599999999,274118.3119359999,4.173771695853422,1.9147747659051264,1444.0,54872.0,3.6635616461296463,1.4622845894342245
73.056,2.0,17.0,6.0,25.0,6.0,21.8,8.3,35.29411765,11.0,18.2,7.2,64.70588235,10.0,58.82352941,2019.5625,29.625,50.2775,49.724375,15.7425,0.0,27.7725,65.98375,6.24375,40.61062,-74.087072,10304.0,10304.0,common_core_english,5337.179136,389912.95895961596,4.291226270347385,2.0762429782478042,289.0,4913.0,2.8903717578961645,1.1853048513203654
69.62833333333333,3.0,39.0,11.0,53.0,18.0,4.8,2.8,46.15384615,21.0,8.8,5.8,53.84615385,21.0,53.84615385,2019.8333333333333,111.77777777777776,30.94777777777778,69.05222222222223,31.46444444444445,36.638888888888886,12.965,49.83055555555556,0.5655555555555556,40.712269,-73.984128,10002.0,10002.0,common_core_english,4848.104802777777,337565.4572427453,4.243171572625091,2.0062821512908893,1521.0,59319.0,3.6888794541139363,1.4769807938826427
69.41799999999999,3.0,35.0,11.0,49.0,15.0,6.6,3.7,42.85714286,20.0,10.4,5.3,57.14285714,17.0,48.57142857,2019.7058823529408,113.17647058823528,46.94117647058823,53.06235294117647,13.574705882352944,4.919411764705882,25.46470588235294,66.87764705882353,2.739411764705882,40.839775,-73.839583,10461.0,10461.0,common_core_english,4818.858723999999,334515.5349026319,4.24014619987745,2.0020667059634416,1225.0,42875.0,3.58351893845611,1.4190675485932571
71.77000000000001,2.0,40.0,14.0,56.0,14.0,11.0,7.3,35.0,26.0,10.2,7.9,65.0,20.0,50.0,2019.8125,93.125,19.219375,80.780625,36.351875,0.0,1.235625,97.773125,0.99125,40.860951,-73.930082,10040.0,10040.0,common_core_algebra,5150.932900000002,369682.4542330002,4.273466561441981,2.0497134440715956,1600.0,64000.0,3.713572066704308,1.4918246976412703
76.962,3.0,60.0,23.0,86.0,30.0,15.4,9.2,50.0,30.0,12.4,7.6,50.0,40.0,66.66666667,2019.6666666666667,156.26666666666668,10.082,89.92066666666666,67.09266666666666,26.82333333333333,8.239333333333333,9.759333333333334,55.17666666666666,40.578356,-73.934449,11235.0,11235.0,common_core_algebra,5923.149444000001,455857.42750912806,4.343311793545769,2.1589456985238504,3600.0,216000.0,4.110873864173311,1.8221188003905089
59.74714285714286,8.0,90.0,41.0,139.0,39.0,12.7,8.4,43.33333333,51.0,11.3,7.3,56.66666667,34.0,37.77777778,2019.95,262.2,46.3805,53.6245,16.8655,0.1755,93.429,5.899,0.496,40.669805,-73.960689,11225.0,11225.0,common_core_algebra,3569.721079591837,213280.63530252775,4.090121371377793,1.8175172629621403,8100.0,729000.0,4.51085950651685,2.45960311115695
76.558,3.0,35.0,8.0,46.0,19.0,10.1,6.4,54.28571429,16.0,13.4,10.0,45.71428571,23.0,65.71428571,2019.8125,75.0,10.54375,89.4625,50.5725,1.95625,27.96875,70.075,0.0,40.790191,-73.944092,10029.0,10029.0,living_environment,5861.127364000001,448716.1887331121,4.338048623501495,2.150241152923267,1225.0,42875.0,3.58351893845611,1.4190675485932571
59.315,3.0,30.0,6.0,39.0,12.0,8.8,4.9,40.0,18.0,7.0,3.9,60.0,12.0,40.0,2019.8333333333333,100.83333333333331,44.05111111111111,55.95222222222222,12.376666666666669,11.592222222222222,3.39,69.05000000000001,15.967777777777778,40.860443,-73.860729,10469.0,10469.0,living_environment,3518.2692249999996,208686.13908087497,4.082862225113066,1.8096799383488307,900.0,27000.0,3.4339872044851463,1.3498588075760032
75.22166666666666,4.0,45.0,11.0,60.0,18.0,10.5,5.1,40.0,27.0,11.2,5.2,60.0,27.0,60.0,2019.8333333333333,129.55555555555554,35.675,64.32833333333332,29.151666666666667,15.898333333333332,8.148888888888889,71.32055555555556,4.632222222222222,40.764892,-73.826811,11354.0,11354.0,common_core_english,5658.299136111111,425626.6915168379,4.32043931002441,2.1216979048853686,2025.0,91125.0,3.828641396489095,1.568312185490169
59.73666666666666,3.0,34.0,7.0,44.0,16.0,9.4,5.9,47.05882353,18.0,13.7,5.5,52.94117647,19.0,55.88235294,2019.8333333333333,114.11111111111111,46.39611111111111,53.60611111111111,14.28111111111111,0.0,25.079444444444444,72.09611111111111,2.8244444444444445,40.786134,-73.974483,10024.0,10024.0,common_core_algebra,3568.4693444444433,213168.4637392962,4.089946013887188,1.8173268663650637,1156.0,39304.0,3.5553480614894135,1.4049475905635938
73.15285714285714,8.0,97.0,21.0,126.0,42.0,11.2,8.6,43.29896907,55.0,8.4,6.0,56.70103093,58.0,59.79381443,2019.95,240.35,19.6365,80.3635,47.04600000000001,7.537999999999999,15.255,60.012,17.194,40.759248,-73.967204,10022.0,10022.0,living_environment,5351.340508163265,391465.8477164519,4.292551185389038,2.07825494208336,9409.0,912673.0,4.584967478670572,2.6379444593541526
59.41,2.0,12.0,3.0,17.0,14.0,11.0,6.8,40.477524155,20.0,9.95,6.049999999999999,59.522475845,5.0,41.66666667,2019.1,34.0,60.211,39.789,7.786999999999999,0.0,93.753,6.247,0.0,40.666251,-73.923881,11212.0,11212.0,living_environment,3529.5480999999995,209690.45262099997,4.08446256236765,1.8113999511669914,144.0,1728.0,2.5649493574615367,1.1274968515793757
60.11833333333334,3.0,27.0,14.0,44.0,14.0,12.0,8.9,51.85185185,13.0,8.6,5.599999999999999,48.14814815,10.0,37.03703704,2019.8333333333333,111.0,45.91,54.09,18.05333333333333,0.9183333333333332,18.42,80.66166666666666,0.0,40.810314,-73.918774,10454.0,10454.0,common_core_english,3614.2140027777787,217280.52215699543,4.096314842167391,1.8242762505438928,729.0,19683.0,3.332204510175204,1.3099644507332473
59.675,5.0,51.0,20.0,76.0,18.0,15.0,12.8,35.29411765,33.0,9.8,7.3,64.70588235,23.0,45.09803922,2019.8235294117649,127.17647058823528,52.59882352941177,47.40470588235294,10.335294117647058,3.1611764705882357,55.040000000000006,26.81882352941177,14.979411764705883,40.583263,-73.963764,11235.0,11235.0,common_core_algebra,3561.1056249999997,212508.97817187497,4.088913172224894,1.8162065269376322,2601.0,132651.0,3.9512437185814275,1.6652911949458864
69.255,3.0,39.0,11.0,53.0,18.0,4.8,2.8,46.15384615,21.0,8.8,5.8,53.84615385,21.0,53.84615385,2019.8333333333333,111.77777777777776,30.94777777777778,69.05222222222223,31.46444444444445,36.638888888888886,12.965,49.83055555555556,0.5655555555555556,40.712269,-73.984128,10002.0,10002.0,common_core_algebra,4796.2550249999995,332164.6417563749,4.237795344627062,1.9988059954337514,1521.0,59319.0,3.6888794541139363,1.4769807938826427
77.39333333333333,4.0,75.0,16.0,95.0,34.0,8.5,4.9,45.33333333,41.0,5.3,3.7000000000000006,54.66666667,52.0,69.33333333,2019.8333333333333,220.0,24.20611111111111,75.79444444444444,34.55611111111111,15.864444444444445,0.9116666666666666,61.14722222222223,22.077222222222225,40.729104,-73.887909,11378.0,11378.0,common_core_english,5989.728044444444,463565.0191197037,4.34890064424178,2.168278063301258,5625.0,421875.0,4.330733340286331,2.117000016612675
59.898,2.0,6.0,4.0,12.0,14.0,11.0,6.8,40.477524155,20.0,9.95,6.049999999999999,59.522475845,15.0,46.66666667,2019.1,34.0,60.211,39.789,7.786999999999999,0.0,93.753,6.247,0.0,40.666251,-73.923881,11212.0,11212.0,common_core_english,3587.7704040000003,214900.27165879204,4.0926431155823435,1.8202611867581184,36.0,216.0,1.9459101490553132,1.0618365465453596
62.00833333333333,3.0,24.0,8.0,35.0,8.0,17.1,11.9,33.33333333,16.0,12.3,8.0,66.66666667,15.0,46.66666667,2019.8333333333333,110.44444444444444,58.85166666666666,41.14833333333333,6.613333333333333,0.0,46.80388888888889,53.19611111111111,0.0,40.841376,-73.875262,10460.0,10460.0,common_core_english,3845.0334027777776,238424.11291724537,4.127268784615215,1.8590829589712865,576.0,13824.0,3.2188758248682006,1.2712491503214047
56.68333333333334,3.0,24.0,8.0,35.0,8.0,17.1,11.9,33.33333333,16.0,12.3,8.0,66.66666667,15.0,46.66666667,2019.8333333333333,110.44444444444444,58.85166666666666,41.14833333333333,6.613333333333333,0.0,46.80388888888889,53.19611111111111,0.0,40.841376,-73.875262,10460.0,10460.0,living_environment,3213.000277777778,182123.5657453704,4.037480222785095,1.7626763956476768,576.0,13824.0,3.2188758248682006,1.2712491503214047
67.29,3.0,30.0,6.0,39.0,12.0,8.8,4.9,40.0,18.0,7.0,3.9,60.0,12.0,40.0,2019.8333333333333,100.83333333333331,44.05111111111111,55.95222222222222,12.376666666666669,11.592222222222222,3.39,69.05000000000001,15.967777777777778,40.860443,-73.860729,10469.0,10469.0,common_core_algebra,4527.944100000001,304685.35848900006,4.209011637200227,1.9599128343831287,900.0,27000.0,3.4339872044851463,1.3498588075760032
62.02333333333333,4.0,35.0,9.0,48.0,15.0,7.699999999999999,4.5,42.85714286,20.0,9.6,4.9,57.14285714,12.0,34.28571429,2019.8333333333333,134.66666666666666,39.675,60.3261111111111,23.25555555555556,24.747777777777777,54.0,18.316666666666663,2.937222222222222,40.733888,-73.739726,11427.0,11427.0,common_core_algebra,3846.893877777778,238597.18127937036,4.12751065833144,1.859361842330861,1225.0,42875.0,3.58351893845611,1.4190675485932571
64.78333333333333,3.0,31.0,7.0,41.0,14.0,10.1,6.0,45.16129032,17.0,7.5,4.0,54.83870968,7.0,22.58064516,2020.1666666666667,132.0,41.675,58.325,14.3,0.0,0.0,100.0,0.0,40.743228,-73.871505,11373.0,11373.0,common_core_algebra,4196.880277777777,271887.89399537037,4.171048368630123,1.9113949835055366,961.0,29791.0,3.4657359027997265,1.3634251141321778
77.09,3.0,26.0,14.0,43.0,8.0,13.6,10.5,30.76923077,18.0,15.6,11.7,69.23076923,21.0,80.76923077,2019.6666666666667,93.26666666666668,6.954666666666666,93.04533333333332,69.94866666666667,20.222,1.3013333333333332,26.398666666666667,52.078,40.581958,-74.159343,10314.0,10314.0,common_core_algebra,5942.868100000001,458135.7018290001,4.344973570471171,2.1617109183811247,676.0,17576.0,3.295836866004329,1.2969300866657718
70.00666666666667,8.0,97.0,21.0,126.0,42.0,11.2,8.6,43.29896907,55.0,8.4,6.0,56.70103093,58.0,59.79381443,2019.95,240.35,19.6365,80.3635,47.04600000000001,7.537999999999999,15.255,60.012,17.194,40.759248,-73.967204,10022.0,10022.0,common_core_algebra,4900.933377777779,343098.00933362974,4.2485904756097375,2.01388696212608,9409.0,912673.0,4.584967478670572,2.6379444593541526
71.49,3.0,34.0,12.0,49.0,13.0,13.4,9.4,38.23529412,21.0,13.5,6.3,61.76470588,15.0,44.11764706,2019.8235294117649,77.70588235294117,29.929411764705883,70.07058823529412,30.32823529411765,9.909411764705885,22.31,67.78058823529412,0.0,40.72463,-74.005058,10013.0,10013.0,living_environment,5110.820099999999,365372.52894899994,4.26955757977876,2.043982273810924,1156.0,39304.0,3.5553480614894135,1.4049475905635938
81.75166666666667,1.0,5.0,2.0,8.0,14.0,11.0,6.8,40.477524155,20.0,9.95,6.049999999999999,59.522475845,15.0,46.66666667,2019.8235294117649,95.82352941176472,18.94764705882353,81.05764705882353,50.19117647058823,39.980588235294114,49.05117647058824,10.348823529411764,0.6188235294117647,40.708409,-73.804166,11432.0,11432.0,common_core_english,6683.335002777778,546373.7753687546,4.40368619692938,2.264868424834018,25.0,125.0,1.791759469228055,1.0512710963760241
76.75,2.0,10.0,3.0,15.0,14.0,11.0,6.8,40.477524155,20.0,9.95,6.049999999999999,59.522475845,6.0,60.0,2019.6666666666667,14.444444444444445,21.46333333333333,78.53666666666666,35.31444444444445,0.0,14.814444444444442,85.18555555555555,0.0,40.729661,-73.992343,10003.0,10003.0,living_environment,5890.5625,452100.671875,4.340553386467307,2.154373581799118,100.0,1000.0,2.3978952727983707,1.1051709180756477
71.18571428571428,3.0,34.0,6.0,43.0,16.0,7.8,5.3,47.05882353,18.0,7.2,4.7,52.94117647,15.0,44.11764706,2019.8947368421047,109.63157894736842,42.71368421052631,57.29157894736842,19.352105263157892,9.869473684210528,19.59263157894737,68.6178947368421,1.9205263157894736,40.735361,-73.987064,10003.0,10003.0,common_core_english,5067.405918367346,360726.9098746355,4.265292156232046,2.037772180753786,1156.0,39304.0,3.5553480614894135,1.4049475905635938
61.96666666666667,3.0,17.0,5.0,25.0,9.0,12.7,7.300000000000001,52.94117647,8.0,7.800000000000001,7.5,47.05882353,7.0,41.17647059,2019.8333333333333,78.38888888888889,57.0611111111111,42.93888888888889,7.623888888888889,0.0,78.05388888888889,21.271666666666665,0.6744444444444445,40.649602,-73.957173,11226.0,11226.0,common_core_english,3839.867777777778,237943.80662962966,4.126596606059288,1.8583085024280328,289.0,4913.0,2.8903717578961645,1.1853048513203654
65.59333333333333,3.0,28.0,10.0,41.0,10.0,12.7,6.0,35.71428571,18.0,9.9,5.9,64.28571429,13.0,46.42857143,2019.8333333333333,92.11111111111111,38.43111111111111,61.56888888888889,21.165000000000003,0.0,25.0,75.0,0.0,40.833884,-73.902794,10456.0,10456.0,common_core_algebra,4302.485377777778,282214.35754637036,4.18347406476951,1.9269401558266956,784.0,21952.0,3.367295829986474,1.3231298123374369
58.49166666666667,2.0,24.0,6.0,32.0,12.0,8.6,2.8,50.0,12.0,13.7,6.3,50.0,8.0,33.33333333,2019.8333333333333,70.22222222222223,59.852777777777774,40.14722222222222,11.161111111111111,5.007222222222222,41.47055555555556,49.83611111111111,3.686111111111112,40.669255,-73.97858,11215.0,11215.0,common_core_english,3421.2750694444444,200116.0809369213,4.068884293948376,1.7948414092901979,576.0,13824.0,3.2188758248682006,1.2712491503214047
59.870000000000005,2.0,15.0,10.0,27.0,5.0,5.2,1.9,33.33333333,10.0,13.7,4.1,66.66666667,15.0,46.66666667,2019.8333333333333,78.38888888888889,48.74944444444444,51.25055555555556,14.008888888888889,0.0,96.95444444444443,3.045555555555556,0.0,40.658671,-73.943839,11203.0,11203.0,common_core_algebra,3584.4169000000006,214599.03980300005,4.092175544937261,1.8197515849734052,225.0,3375.0,2.772588722239781,1.161834242728283
61.08833333333333,3.0,46.0,11.0,60.0,18.0,15.8,7.2,39.13043478,28.0,15.9,8.5,60.86956521999999,12.0,26.08695652,2019.8235294117649,94.29411764705884,46.46117647058824,53.54294117647059,15.07,0.0,76.29117647058824,23.708823529411767,0.0,40.815237,-73.944299,10030.0,10030.0,common_core_algebra,3731.7844694444443,227968.49359757866,4.112320904137495,1.8420578314192204,2116.0,97336.0,3.8501476017100584,1.5840739849944818
56.425,3.0,23.0,8.0,34.0,9.0,12.2,8.2,39.13043478,14.0,13.0,8.3,60.86956522,14.0,60.86956522,2019.8333333333333,166.44444444444446,63.54277777777778,36.45722222222222,7.506111111111112,11.72222222222222,23.99888888888889,62.30277777777778,1.9744444444444444,40.693002,-73.869305,11208.0,11208.0,living_environment,3183.780625,179644.82176562498,4.0329123227035995,1.7581286916057746,529.0,12167.0,3.1780538303479458,1.2586000099294778
68.74166666666666,3.0,42.0,10.0,55.0,12.0,7.2,5.7,28.57142857,30.0,9.0,5.5,71.42857143,23.0,54.76190476,2019.8125,104.25,25.18125,74.82375,42.521875,35.93375,2.169375,47.725,14.170625,40.770769,-73.92383,11102.0,11102.0,common_core_algebra,4725.41673611111,324833.02213483787,4.230355517078686,1.988571748364973,1764.0,74088.0,3.7612001156935624,1.5219615556186337
61.69333333333333,2.0,14.0,6.0,22.0,7.0,12.0,5.4,50.0,7.0,15.2,8.4,50.0,15.0,46.66666667,2019.5625,37.4375,64.52312500000001,35.480000000000004,6.0175,0.0,59.695625,37.720625,2.583125,40.576976,-73.985413,11224.0,11224.0,common_core_english,3806.067377777777,234808.9834263703,4.122175875370689,1.8532360613489347,196.0,2744.0,2.70805020110221,1.1502737988572274
75.57000000000001,3.0,18.0,6.0,27.0,5.0,12.1,7.5,27.77777778,13.0,9.2,4.5,72.22222222,10.0,55.55555556,2019.8333333333333,62.44444444444444,15.980555555555554,84.01944444444445,44.952777777777776,56.077777777777776,9.128888888888888,29.945,4.849444444444445,40.716231,-73.993607,10002.0,10002.0,living_environment,5710.824900000001,431567.0376930001,4.325059379032629,2.12910137280812,324.0,5832.0,2.9444389791664403,1.1972173631218102
73.22666666666667,7.0,97.0,24.0,128.0,37.0,8.1,7.900000000000001,38.1443299,60.0,7.699999999999999,6.5,61.8556701,55.0,56.70103093,2019.8333333333333,274.6666666666667,36.797222222222224,63.20388888888889,26.16722222222222,17.530555555555555,5.143888888888889,59.31944444444444,18.007777777777775,40.636721,-74.023419,11220.0,11220.0,common_core_english,5362.144711111112,392651.9833789631,4.293559653351552,2.0797894583995875,9409.0,912673.0,4.584967478670572,2.6379444593541526
65.27333333333333,3.0,32.0,11.0,46.0,15.0,10.2,7.0,46.875,17.0,13.4,10.2,53.125,12.0,37.5,2019.8333333333333,110.33333333333331,29.68,70.32166666666666,23.99388888888889,0.0,23.065,76.77166666666666,0.1633333333333333,40.869061,-73.897066,10468.0,10468.0,living_environment,4260.608044444443,278104.0890877036,4.178583581257816,1.9207838027463988,1024.0,32768.0,3.4965075614664802,1.3771277643359572
61.395,12.0,117.0,26.0,155.0,45.0,12.7,11.1,38.46153846,72.0,12.7,10.2,61.53846153999999,45.0,38.46153846,2019.8333333333333,421.5,45.879444444444445,54.12055555555556,17.90722222222222,31.24777777777778,12.750555555555556,52.67666666666666,3.325,40.695171,-73.833815,11418.0,11418.0,living_environment,3769.3460250000003,231418.99920487503,4.117328398612476,1.8477154793952169,13689.0,1601613.0,4.770684624465665,3.2219926385284996
60.20666666666667,3.0,25.0,8.0,36.0,11.0,15.1,5.5,44.0,14.0,11.7,3.4,56.0,8.0,32.0,2019.5625,56.0625,58.02375,41.97625,5.468125000000001,0.0,25.744375,74.255625,0.0,40.810671,-73.907528,10455.0,10455.0,common_core_english,3624.8427111111114,218239.69682696302,4.097783088154543,1.8258884064959247,625.0,15625.0,3.258096538021482,1.2840254166877414
58.905,2.0,13.0,4.0,19.0,5.0,22.1,12.1,38.46153846,8.0,12.4,4.8,61.53846154,6.0,46.15384615,2019.071428571429,39.285714285714285,60.48857142857143,39.51142857142857,7.028571428571429,0.6799999999999999,36.71071428571429,62.60928571428571,0.0,40.80769200000001,-73.939974,10035.0,10035.0,living_environment,3469.7990250000003,204388.511567625,4.075925976698083,1.80227544019528,169.0,2197.0,2.6390573296152584,1.1388283833246218
60.62166666666667,6.0,112.0,17.0,135.0,46.0,7.8,5.9,41.07142857,66.0,8.2,6.0,58.928571430000005,50.0,44.64285714,2019.8947368421047,299.2631578947368,49.84315789473684,50.1578947368421,16.432105263157894,9.572631578947368,4.6031578947368414,80.87210526315789,4.950526315789474,40.655583,-74.004342,11232.0,11232.0,common_core_algebra,3674.986469444445,222783.80475517132,4.104652364928167,1.8334815883374092,12544.0,1404928.0,4.727387818712341,3.0648542032930024
61.82833333333334,2.0,23.0,4.0,29.0,12.0,13.1,6.7,52.17391304,11.0,9.5,5.8,47.82608696,13.0,56.52173913,2019.5625,54.0,64.778125,35.221875,6.75375,0.0,25.01625,72.89375,2.0912500000000005,40.767848,-73.98861,10019.0,10019.0,common_core_english,3822.7428027777787,236353.81625774546,4.124361727576137,1.855739619553316,529.0,12167.0,3.1780538303479458,1.2586000099294778
73.08833333333334,3.0,47.0,9.0,59.0,16.0,9.7,7.2,34.04255319,31.0,9.9,5.3,65.95744681,33.0,70.21276596,2019.6875,134.125,44.2875,55.71375,16.260625,4.301875,34.26625,61.43125,0.0,40.717329,-73.989329,10002.0,10002.0,common_core_english,5341.904469444446,390430.8944975788,4.291668755295291,2.076914405352303,2209.0,103823.0,3.871201010907891,1.5999941932173602
59.46571428571429,3.0,29.0,9.0,41.0,11.0,7.7,4.9,37.93103448,18.0,7.8,4.8,62.06896551999999,11.0,37.93103448,2019.95,138.4,56.658,43.3435,8.372,11.101,15.5625,73.12,0.216,40.693002,-73.869305,11208.0,11208.0,common_core_algebra,3536.1711755102046,210280.94478826827,4.085399915974792,1.8124094409000973,841.0,24389.0,3.4011973816621555,1.336427488025472
62.925,2.0,19.0,8.0,29.0,6.0,14.1,10.0,31.578947370000005,13.0,9.4,6.8,68.42105263,8.0,42.10526316,2019.7058823529408,96.05882352941175,43.69705882352941,56.30294117647059,17.538823529411765,1.4729411764705882,85.47294117647058,12.435882352941176,0.6170588235294118,40.669805,-73.960689,11225.0,11225.0,living_environment,3959.5556249999995,249155.03770312495,4.141943541021379,1.8762028992758755,361.0,6859.0,2.995732273553991,1.2092495976572515
59.51142857142857,4.0,46.0,18.0,68.0,13.0,8.5,5.2,28.26086957,33.0,14.4,9.9,71.73913043,7.0,15.2173913,2019.95,113.3,58.346,41.654,6.614,0.0,66.452,33.016000000000005,0.5315000000000001,40.673766,-73.895976,11207.0,11207.0,common_core_english,3541.6101306122446,210766.27831577839,4.086168370937924,1.8132381603373766,2116.0,97336.0,3.8501476017100584,1.5840739849944818
60.045,3.0,23.0,6.0,32.0,9.0,14.2,6.8,39.13043478,14.0,12.7,7.599999999999999,60.86956522,16.0,69.56521739,2019.8333333333333,65.05555555555556,55.01833333333334,44.985,12.695,0.0,54.05111111111111,39.99388888888889,5.955,40.586012,-73.825317,11694.0,11694.0,living_environment,3605.4020250000003,216486.36459112502,4.0950942811126465,1.8229389383678898,529.0,12167.0,3.1780538303479458,1.2586000099294778
57.57833333333334,2.0,26.0,8.0,36.0,7.0,8.2,5.0,26.92307692,19.0,6.1,4.1,73.07692308,7.0,26.92307692,2019.8235294117649,102.52941176470588,50.95411764705882,49.04588235294118,13.124117647058824,0.0,17.382941176470588,82.61705882352942,0.0,40.839307,-73.911366,10457.0,10457.0,common_core_algebra,3315.2644694444452,190887.40270982878,4.053146339529494,1.7785231578693674,676.0,17576.0,3.295836866004329,1.2969300866657718
58.72571428571428,4.0,39.0,17.0,60.0,18.0,10.4,4.6,46.15384615,21.0,7.299999999999999,5.5,53.84615385,16.0,41.02564103,2020.0,143.0,60.47761904761904,39.525238095238095,7.676190476190476,0.1314285714285714,27.32190476190476,72.54619047619047,0.0,40.821828,-73.922366,10451.0,10451.0,common_core_english,3448.7095183673464,202527.9298300641,4.072877693701559,1.7990471126287428,1521.0,59319.0,3.6888794541139363,1.4769807938826427
57.73166666666666,3.0,36.0,12.0,51.0,15.0,10.7,7.599999999999999,41.66666667,21.0,16.2,7.400000000000001,58.33333333,9.0,25.0,2019.8333333333333,67.72222222222223,50.95222222222222,49.04777777777778,15.346111111111112,2.9866666666666664,24.60944444444445,72.405,0.0,40.821218,-73.85593,10473.0,10473.0,common_core_algebra,3332.9453361111105,192416.4891625879,4.0558058386832485,1.7812523185332292,1296.0,46656.0,3.6109179126442243,1.4333294145603401
58.19,2.0,15.0,3.0,20.0,9.0,8.6,4.6,60.0,6.0,16.4,5.8,40.0,7.0,46.66666667,2019.2727272727277,53.72727272727273,63.723636363636366,36.27636363636364,6.758181818181819,0.0,2.7618181818181817,97.2381818181818,0.0,40.865556,-73.925464,10034.0,10034.0,living_environment,3386.0760999999998,197035.76825899997,4.063713518668578,1.7894351296105757,225.0,3375.0,2.772588722239781,1.161834242728283
60.025,3.0,29.0,9.0,41.0,11.0,7.7,4.9,37.93103448,18.0,7.8,4.8,62.06896551999999,11.0,37.93103448,2019.95,138.4,56.658,43.3435,8.372,11.101,15.5625,73.12,0.216,40.693002,-73.869305,11208.0,11208.0,common_core_english,3603.0006249999997,216270.112515625,4.094761142107317,1.8225743870365645,841.0,24389.0,3.4011973816621555,1.336427488025472
64.72,3.0,15.0,4.0,22.0,5.0,11.6,8.4,33.33333333,10.0,9.9,6.5,66.66666667,5.0,33.33333333,2019.8235294117649,72.3529411764706,48.888823529411766,51.11117647058824,9.95,0.0,0.3094117647058823,99.69058823529411,0.0,40.74651,-73.98107,10016.0,10016.0,living_environment,4188.6784,271091.26604799996,4.170070272750237,1.9101848166092845,225.0,3375.0,2.772588722239781,1.161834242728283
62.694,3.0,48.0,13.0,64.0,19.0,10.0,4.6,39.58333333,29.0,7.8,5.5,60.41666667,18.0,37.5,2019.8235294117649,145.35294117647058,42.08058823529412,57.919411764705885,16.615294117647057,0.0,16.24764705882353,83.75235294117647,0.0,40.826933,-73.900593,10456.0,10456.0,living_environment,3930.5376360000005,246421.12655138402,4.138265749280029,1.8718738725294504,2304.0,110592.0,3.8918202981106265,1.6160744021928934
60.086,1.0,16.0,3.0,20.0,9.0,12.9,6.8,56.25,7.0,10.4,6.0,43.75,6.0,37.5,2019.5625,29.5,53.235625,46.764375,12.443125,0.0,24.685625,75.314375,0.0,40.677968,-74.014363,11238.5,11231.0,living_environment,3610.3273959999997,216930.13191605598,4.095776869313726,1.8236864965715802,256.0,4096.0,2.833213344056216,1.1735108709918103
69.925,4.0,75.0,16.0,95.0,34.0,8.5,4.9,45.33333333,41.0,5.3,3.7000000000000006,54.66666667,52.0,69.33333333,2019.8333333333333,220.0,24.20611111111111,75.79444444444444,34.55611111111111,15.864444444444445,0.9116666666666666,61.14722222222223,22.077222222222225,40.729104,-73.887909,11378.0,11378.0,living_environment,4889.505625,341898.680828125,4.2474232390880235,2.012242959166257,5625.0,421875.0,4.330733340286331,2.117000016612675
62.25666666666667,3.0,37.0,9.0,49.0,14.0,10.6,4.8,37.83783784,23.0,8.4,3.2,62.16216216000001,17.0,45.94594595,2019.8333333333333,101.77777777777776,42.37833333333333,57.62777777777777,13.586666666666666,0.0,6.425555555555556,93.57444444444444,0.0,40.865556,-73.925464,10034.0,10034.0,common_core_algebra,3875.8925444444444,241300.1501752963,4.131265624657406,1.8637054188315207,1369.0,50653.0,3.6375861597263857,1.4477346146633245
69.8,5.0,41.0,14.0,60.0,17.0,9.7,7.5,41.46341463,24.0,11.6,7.800000000000001,58.53658537,16.0,39.02439024,2019.888888888889,88.61111111111111,26.74944444444445,73.25555555555555,31.435,3.959444444444444,81.71944444444445,14.320555555555554,0.0,40.649602,-73.957173,11226.0,11226.0,living_environment,4872.04,340068.39199999993,4.2456340097683265,2.0097292268772886,1681.0,68921.0,3.7376696182833684,1.5068177851128535
55.806,3.0,10.0,5.0,18.0,14.0,11.0,6.8,40.477524155,20.0,9.95,6.049999999999999,59.522475845,5.0,50.0,2019.2857142857144,41.85714285714285,59.87428571428571,40.12571428571429,7.359999999999999,0.0,13.30714285714286,86.69285714285715,0.0,40.695875,-73.915217,11221.0,11221.0,common_core_algebra,3114.3096359999995,173797.16354661598,4.021881390488385,1.7472794879316818,100.0,1000.0,2.3978952727983707,1.1051709180756477
68.366,3.0,31.0,7.0,41.0,13.0,9.1,6.2,41.93548387,18.0,5.7,3.5,58.06451613,13.0,41.93548387,2019.8125,107.9375,29.861875,70.138125,33.586875,44.20125,37.609375,17.445,0.7424999999999999,40.714551,-73.798658,11432.0,11432.0,living_environment,4673.9099559999995,319536.528051896,4.2248756250218715,1.9811153615126338,961.0,29791.0,3.4657359027997265,1.3634251141321778
56.85666666666666,3.0,15.0,2.0,20.0,8.0,8.5,2.6,53.33333333,7.0,7.599999999999999,2.9,46.66666667,15.0,46.66666667,2019.8333333333333,61.94444444444444,60.803333333333335,39.196666666666665,7.813333333333333,0.0,15.88888888888889,84.11111111111111,0.0,40.827455,-73.90392,10456.0,10456.0,living_environment,3232.680544444444,183799.44015529624,4.040533480984672,1.765734350862364,225.0,3375.0,2.772588722239781,1.161834242728283
53.83200000000001,1.0,17.0,4.0,22.0,6.0,14.3,5.8,35.29411765,11.0,12.0,4.2,64.70588235,15.0,46.66666667,2019.6666666666667,61.8,55.76866666666667,44.23133333333333,11.141333333333334,0.0,95.61533333333334,4.384666666666666,0.0,40.678478,-73.93160400000001,11213.0,11213.0,living_environment,2897.884224000001,155998.90354636806,3.985868085886017,1.7131263909297292,289.0,4913.0,2.8903717578961645,1.1853048513203654
65.414,3.0,32.0,3.0,38.0,15.0,10.2,6.6,46.875,17.0,9.2,4.2,53.125,18.0,56.25,2019.6875,101.9375,38.06625,61.93875,19.455625,3.223125,27.54875,68.603125,0.62625,40.743407,-74.00254,10011.0,10011.0,living_environment,4278.991396,279905.943177944,4.18073630283231,1.9234876065250828,1024.0,32768.0,3.4965075614664802,1.3771277643359572
58.01499999999999,3.0,27.0,6.0,36.0,14.0,8.0,3.8,51.85185185,13.0,8.7,4.4,48.14814815,8.0,29.62962963,2019.8235294117649,94.11764705882354,54.96176470588235,45.04117647058824,9.513529411764706,5.436470588235294,41.43000000000001,36.001176470588234,17.131764705882354,40.593028,-73.986313,11214.0,11214.0,common_core_algebra,3365.740224999999,195263.41915337494,4.0607015977995085,1.7863063566086228,729.0,19683.0,3.332204510175204,1.3099644507332473
71.77166666666666,7.0,65.0,13.0,85.0,33.0,15.6,9.9,50.76923077,32.0,11.5,7.4,49.23076923,12.0,18.46153846,2019.8235294117649,245.35294117647055,16.984117647058824,83.01705882352941,43.82411764705882,0.4358823529411765,93.43,6.133529411764705,0.0,40.66679,-73.951823,11225.0,11225.0,common_core_algebra,5151.17213611111,369708.20949558786,4.2734897835029395,2.0497476062470135,4225.0,274625.0,4.189654742026425,1.9155408290138962
66.73333333333333,4.0,32.0,10.0,46.0,10.0,12.4,4.8,31.25,22.0,13.3,4.8,68.75,7.0,21.875,2019.8947368421047,106.42105263157896,31.063157894736843,68.93684210526315,33.1321052631579,6.532631578947369,38.59684210526316,44.09,10.782105263157897,40.860443,-73.860729,10469.0,10469.0,common_core_algebra,4453.337777777778,297186.07437037036,4.200704578213011,1.9490329633413663,1024.0,32768.0,3.4965075614664802,1.3771277643359572
73.45,5.0,49.0,15.0,69.0,28.0,14.5,10.8,57.14285714,21.0,14.300000000000002,10.4,42.85714286,33.0,67.34693878,2019.8333333333333,180.77777777777777,32.474999999999994,67.52555555555556,25.70111111111111,6.286666666666666,5.650555555555556,85.64111111111112,2.420555555555556,40.737673,-73.853412,11368.0,11368.0,common_core_english,5394.9025,396255.58862500003,4.296604902619887,2.0844395121505825,2401.0,117649.0,3.912023005428146,1.632316219955379
59.05833333333334,4.0,31.0,10.0,45.0,11.0,7.199999999999999,2.8,35.48387097,20.0,5.9,3.1,64.51612903,12.0,38.70967742,2019.8333333333333,121.22222222222224,53.03833333333333,46.961666666666666,15.238888888888887,3.6333333333333337,25.433888888888887,65.01888888888888,5.913888888888889,40.839775,-73.839583,10461.0,10461.0,common_core_algebra,3487.8867361111115,205988.7774901621,4.07852565602821,1.8050410489617796,961.0,29791.0,3.4657359027997265,1.3634251141321778
63.50333333333333,4.0,48.0,14.0,66.0,19.0,4.2,3.0,39.58333333,29.0,5.7,3.7000000000000006,60.416666670000005,23.0,47.91666667,2019.8333333333333,151.66666666666666,39.26833333333334,60.73166666666667,23.188333333333333,1.885,17.35222222222222,80.61111111111111,0.1516666666666666,40.879958,-73.889011,10468.0,10468.0,common_core_algebra,4032.673344444444,256088.19961670367,4.151092397959234,1.8870850432451436,2304.0,110592.0,3.8918202981106265,1.6160744021928934
76.39666666666666,4.0,53.0,12.0,69.0,20.0,10.6,6.6,37.73584906,33.0,8.2,4.6,62.26415094,35.0,66.03773585,2019.8947368421047,143.05263157894737,35.75684210526316,64.24368421052633,26.74684210526316,1.361578947368421,16.23,78.53263157894736,3.8731578947368415,40.715561,-73.954815,11211.0,11211.0,common_core_english,5836.450677777777,445885.37694662955,4.335939065203206,2.1467748940638742,2809.0,148877.0,3.9889840465642745,1.6989323086185506
82.03999999999999,2.0,23.0,5.0,30.0,10.0,10.4,5.4,43.47826087,13.0,8.8,8.2,56.52173913,7.0,30.43478261,2019.7142857142856,75.5,3.246428571428571,96.75357142857142,77.54785714285715,98.93642857142856,0.0,1.0635714285714286,0.0,40.717329,-73.989329,10002.0,10002.0,common_core_english,6730.561599999999,552175.2736639999,4.40720693320418,2.2714082191316267,529.0,12167.0,3.1780538303479458,1.2586000099294778
67.35333333333334,3.0,32.0,11.0,46.0,13.0,11.2,8.4,40.625,19.0,12.3,9.5,59.375,27.0,84.375,2019.6875,93.0,27.021875,72.985,38.81375,4.541875,3.265625,25.241875,66.95,40.581958,-74.159343,10314.0,10314.0,living_environment,4536.471511111112,305546.4778450371,4.209952394331476,1.9611545056659736,1024.0,32768.0,3.4965075614664802,1.3771277643359572
58.85166666666667,5.0,75.0,17.0,97.0,28.0,10.9,8.2,37.33333333,47.0,13.9,8.8,62.666666670000005,24.0,32.0,2019.8333333333333,184.38888888888889,42.653333333333336,57.34666666666666,20.470555555555556,2.808888888888889,7.191666666666666,87.76333333333334,2.2355555555555555,40.877935,-73.913694,10463.0,10463.0,common_core_algebra,3463.5186694444446,203833.84622792128,4.075020153894334,1.8013144829052317,5625.0,421875.0,4.330733340286331,2.117000016612675
61.678333333333335,3.0,48.0,13.0,64.0,19.0,10.0,4.6,39.58333333,29.0,7.8,5.5,60.41666667,18.0,37.5,2019.8235294117649,145.35294117647058,42.08058823529412,57.919411764705885,16.615294117647057,0.0,16.24764705882353,83.75235294117647,0.0,40.826933,-73.900593,10456.0,10456.0,common_core_algebra,3804.216802777778,234637.75203399538,4.121932707705387,1.8529580967875958,2304.0,110592.0,3.8918202981106265,1.6160744021928934
73.64,3.0,33.0,7.0,43.0,12.0,11.9,6.6,36.36363636,21.0,9.8,6.7,63.63636364,17.0,51.51515152,2019.8333333333333,114.66666666666669,45.51111111111111,54.48888888888889,18.385,1.835,31.03333333333333,57.675,9.456666666666669,40.860443,-73.860729,10469.0,10469.0,common_core_english,5422.8496000000005,399338.644544,4.299188356364877,2.088403712020982,1089.0,35937.0,3.5263605246161616,1.3909681284637803
56.89857142857143,4.0,37.0,15.0,56.0,17.0,10.6,6.1,45.94594595,20.0,9.1,5.7,54.054054050000005,8.0,21.62162162,2019.95,88.95,51.0465,48.953500000000005,12.8625,0.0,64.6195,35.3805,0.0,40.845366,-73.897479,10457.0,10457.0,common_core_algebra,3237.447430612245,184206.13387693587,4.041270234113617,1.766474432691898,1369.0,50653.0,3.6375861597263857,1.4477346146633245
